row,col,ECO_NAME,BIOME_NAME
0,0,,
0,1,,
0,2,,
0,3,,
0,4,,
0,5,,
0,6,,
0,7,,
0,8,,
0,9,,
0,10,,
0,11,,
0,12,,
0,13,,
0,14,,
0,15,,
0,16,,
0,17,,
0,18,,
0,19,,
0,20,,
0,21,,
0,22,,
0,23,,
0,24,,
0,25,,
0,26,,
0,27,,
0,28,,
0,29,,
0,30,,
0,31,,
0,32,,
0,33,,
0,34,,
0,35,,
0,36,,
0,37,,
0,38,,
0,39,,
0,40,,
0,41,,
0,42,,
0,43,,
0,44,,
0,45,,
0,46,,
0,47,,
0,48,,
0,49,,
0,50,,
0,51,,
0,52,,
0,53,,
0,54,,
0,55,,
0,56,,
0,57,,
0,58,,
0,59,,
0,60,,
0,61,,
0,62,,
0,63,,
0,64,,
0,65,,
0,66,,
0,67,,
0,68,,
0,69,,
0,70,,
0,71,,
0,72,,
0,73,,
0,74,,
0,75,,
0,76,,
1,0,,
1,1,,
1,2,,
1,3,,
1,4,,
1,5,,
1,6,,
1,7,,
1,8,,
1,9,,
1,10,,
1,11,,
1,12,,
1,13,,
1,14,,
1,15,,
1,16,,
1,17,,
1,18,,
1,19,,
1,20,,
1,21,,
1,22,,
1,23,,
1,24,,
1,25,,
1,26,,
1,27,,
1,28,,
1,29,,
1,30,,
1,31,,
1,32,,
1,33,,
1,34,,
1,35,,
1,36,,
1,37,,
1,38,,
1,39,,
1,40,,
1,41,,
1,42,,
1,43,,
1,44,,
1,45,,
1,46,,
1,47,,
1,48,,
1,49,,
1,50,,
1,51,,
1,52,,
1,53,,
1,54,,
1,55,,
1,56,,
1,57,,
1,58,,
1,59,,
1,60,,
1,61,,
1,62,,
1,63,,
1,64,,
1,65,,
1,66,,
1,67,,
1,68,,
1,69,,
1,70,,
1,71,,
1,72,,
1,73,,
1,74,,
1,75,,
1,76,,
2,0,,
2,1,,
2,2,,
2,3,,
2,4,,
2,5,,
2,6,,
2,7,,
2,8,,
2,9,,
2,10,,
2,11,,
2,12,,
2,13,,
2,14,,
2,15,,
2,16,,
2,17,,
2,18,,
2,19,,
2,20,,
2,21,,
2,22,,
2,23,,
2,24,,
2,25,,
2,26,,
2,27,,
2,28,,
2,29,,
2,30,,
2,31,,
2,32,,
2,33,,
2,34,,
2,35,,
2,36,,
2,37,,
2,38,,
2,39,,
2,40,,
2,41,,
2,42,,
2,43,,
2,44,,
2,45,,
2,46,,
2,47,,
2,48,,
2,49,,
2,50,,
2,51,,
2,52,,
2,53,,
2,54,,
2,55,,
2,56,,
2,57,,
2,58,,
2,59,,
2,60,,
2,61,,
2,62,,
2,63,,
2,64,,
2,65,,
2,66,,
2,67,,
2,68,,
2,69,,
2,70,,
2,71,,
2,72,,
2,73,,
2,74,,
2,75,,
2,76,,
3,0,,
3,1,,
3,2,,
3,3,,
3,4,,
3,5,,
3,6,,
3,7,,
3,8,,
3,9,,
3,10,,
3,11,,
3,12,,
3,13,,
3,14,,
3,15,,
3,16,,
3,17,,
3,18,,
3,19,,
3,20,,
3,21,,
3,22,,
3,23,,
3,24,,
3,25,,
3,26,,
3,27,,
3,28,,
3,29,,
3,30,,
3,31,,
3,32,,
3,33,,
3,34,,
3,35,,
3,36,,
3,37,,
3,38,,
3,39,,
3,40,,
3,41,,
3,42,,
3,43,,
3,44,,
3,45,,
3,46,,
3,47,,
3,48,,
3,49,,
3,50,,
3,51,,
3,52,,
3,53,,
3,54,,
3,55,,
3,56,,
3,57,,
3,58,,
3,59,,
3,60,,
3,61,,
3,62,,
3,63,,
3,64,,
3,65,,
3,66,,
3,67,,
3,68,,
3,69,,
3,70,,
3,71,,
3,72,,
3,73,,
3,74,,
3,75,,
3,76,,
4,0,,
4,1,,
4,2,,
4,3,,
4,4,,
4,5,,
4,6,,
4,7,,
4,8,,
4,9,,
4,10,,
4,11,,
4,12,,
4,13,,
4,14,,
4,15,,
4,16,,
4,17,,
4,18,,
4,19,,
4,20,,
4,21,,
4,22,,
4,23,,
4,24,,
4,25,,
4,26,,
4,27,,
4,28,,
4,29,,
4,30,,
4,31,,
4,32,,
4,33,,
4,34,,
4,35,,
4,36,,
4,37,,
4,38,,
4,39,,
4,40,,
4,41,,
4,42,,
4,43,,
4,44,,
4,45,,
4,46,,
4,47,,
4,48,,
4,49,,
4,50,,
4,51,,
4,52,,
4,53,,
4,54,,
4,55,,
4,56,,
4,57,,
4,58,,
4,59,,
4,60,,
4,61,,
4,62,,
4,63,,
4,64,,
4,65,,
4,66,,
4,67,,
4,68,,
4,69,,
4,70,,
4,71,,
4,72,,
4,73,,
4,74,,
4,75,,
4,76,,
5,0,,
5,1,,
5,2,,
5,3,,
5,4,,
5,5,,
5,6,,
5,7,,
5,8,,
5,9,,
5,10,,
5,11,,
5,12,,
5,13,,
5,14,,
5,15,,
5,16,,
5,17,,
5,18,,
5,19,,
5,20,,
5,21,,
5,22,,
5,23,,
5,24,,
5,25,,
5,26,,
5,27,,
5,28,,
5,29,,
5,30,,
5,31,,
5,32,,
5,33,,
5,34,,
5,35,,
5,36,,
5,37,,
5,38,,
5,39,,
5,40,,
5,41,,
5,42,,
5,43,,
5,44,,
5,45,,
5,46,,
5,47,,
5,48,,
5,49,,
5,50,,
5,51,,
5,52,,
5,53,,
5,54,,
5,55,,
5,56,,
5,57,,
5,58,,
5,59,,
5,60,,
5,61,,
5,62,,
5,63,,
5,64,,
5,65,,
5,66,,
5,67,,
5,68,,
5,69,,
5,70,,
5,71,,
5,72,,
5,73,,
5,74,,
5,75,,
5,76,,
6,0,,
6,1,,
6,2,,
6,3,,
6,4,,
6,5,,
6,6,,
6,7,,
6,8,,
6,9,,
6,10,,
6,11,,
6,12,,
6,13,,
6,14,,
6,15,,
6,16,,
6,17,,
6,18,,
6,19,,
6,20,,
6,21,,
6,22,,
6,23,,
6,24,,
6,25,,
6,26,,
6,27,,
6,28,,
6,29,,
6,30,,
6,31,,
6,32,,
6,33,,
6,34,,
6,35,,
6,36,,
6,37,,
6,38,,
6,39,,
6,40,,
6,41,,
6,42,,
6,43,,
6,44,,
6,45,,
6,46,,
6,47,,
6,48,,
6,49,,
6,50,,
6,51,,
6,52,,
6,53,,
6,54,,
6,55,,
6,56,,
6,57,,
6,58,,
6,59,,
6,60,,
6,61,,
6,62,,
6,63,,
6,64,,
6,65,,
6,66,,
6,67,,
6,68,,
6,69,,
6,70,,
6,71,,
6,72,,
6,73,,
6,74,,
6,75,,
6,76,,
7,0,,
7,1,,
7,2,,
7,3,,
7,4,,
7,5,,
7,6,,
7,7,,
7,8,,
7,9,,
7,10,,
7,11,,
7,12,,
7,13,,
7,14,,
7,15,,
7,16,,
7,17,,
7,18,,
7,19,,
7,20,,
7,21,,
7,22,,
7,23,,
7,24,,
7,25,,
7,26,,
7,27,,
7,28,,
7,29,,
7,30,,
7,31,,
7,32,,
7,33,,
7,34,,
7,35,,
7,36,,
7,37,,
7,38,,
7,39,,
7,40,,
7,41,,
7,42,,
7,43,,
7,44,,
7,45,,
7,46,,
7,47,,
7,48,,
7,49,,
7,50,,
7,51,,
7,52,,
7,53,,
7,54,,
7,55,,
7,56,,
7,57,,
7,58,,
7,59,,
7,60,,
7,61,,
7,62,,
7,63,,
7,64,,
7,65,,
7,66,,
7,67,,
7,68,,
7,69,,
7,70,,
7,71,,
7,72,,
7,73,,
7,74,,
7,75,,
7,76,,
8,0,,
8,1,,
8,2,,
8,3,,
8,4,,
8,5,,
8,6,,
8,7,,
8,8,,
8,9,,
8,10,,
8,11,,
8,12,,
8,13,,
8,14,,
8,15,,
8,16,,
8,17,,
8,18,,
8,19,,
8,20,,
8,21,,
8,22,,
8,23,,
8,24,,
8,25,,
8,26,,
8,27,,
8,28,,
8,29,,
8,30,,
8,31,,
8,32,,
8,33,,
8,34,,
8,35,,
8,36,,
8,37,,
8,38,,
8,39,,
8,40,,
8,41,,
8,42,,
8,43,,
8,44,,
8,45,,
8,46,,
8,47,,
8,48,,
8,49,,
8,50,,
8,51,,
8,52,,
8,53,,
8,54,,
8,55,,
8,56,,
8,57,,
8,58,,
8,59,,
8,60,,
8,61,,
8,62,,
8,63,,
8,64,,
8,65,,
8,66,,
8,67,,
8,68,,
8,69,,
8,70,,
8,71,,
8,72,,
8,73,,
8,74,,
8,75,,
8,76,,
9,0,,
9,1,,
9,2,,
9,3,,
9,4,,
9,5,,
9,6,,
9,7,,
9,8,,
9,9,,
9,10,,
9,11,,
9,12,,
9,13,,
9,14,,
9,15,,
9,16,,
9,17,,
9,18,,
9,19,,
9,20,,
9,21,,
9,22,,
9,23,,
9,24,,
9,25,,
9,26,,
9,27,,
9,28,,
9,29,,
9,30,,
9,31,,
9,32,,
9,33,,
9,34,,
9,35,,
9,36,,
9,37,,
9,38,,
9,39,,
9,40,,
9,41,,
9,42,,
9,43,,
9,44,,
9,45,,
9,46,,
9,47,,
9,48,,
9,49,,
9,50,,
9,51,,
9,52,,
9,53,,
9,54,,
9,55,,
9,56,,
9,57,,
9,58,,
9,59,,
9,60,,
9,61,,
9,62,,
9,63,,
9,64,,
9,65,,
9,66,,
9,67,,
9,68,,
9,69,,
9,70,,
9,71,,
9,72,,
9,73,,
9,74,,
9,75,,
9,76,,
10,0,,
10,1,,
10,2,,
10,3,,
10,4,,
10,5,,
10,6,,
10,7,,
10,8,,
10,9,,
10,10,,
10,11,,
10,12,,
10,13,,
10,14,,
10,15,,
10,16,,
10,17,,
10,18,,
10,19,,
10,20,,
10,21,,
10,22,,
10,23,,
10,24,,
10,25,,
10,26,,
10,27,,
10,28,,
10,29,,
10,30,,
10,31,,
10,32,,
10,33,,
10,34,,
10,35,,
10,36,,
10,37,,
10,38,,
10,39,,
10,40,,
10,41,,
10,42,,
10,43,,
10,44,,
10,45,,
10,46,,
10,47,,
10,48,,
10,49,,
10,50,,
10,51,,
10,52,,
10,53,,
10,54,,
10,55,,
10,56,,
10,57,,
10,58,,
10,59,,
10,60,,
10,61,,
10,62,,
10,63,,
10,64,,
10,65,,
10,66,,
10,67,,
10,68,,
10,69,,
10,70,,
10,71,,
10,72,,
10,73,,
10,74,,
10,75,,
10,76,,
11,0,,
11,1,,
11,2,,
11,3,,
11,4,,
11,5,,
11,6,,
11,7,,
11,8,,
11,9,,
11,10,,
11,11,,
11,12,,
11,13,,
11,14,,
11,15,,
11,16,,
11,17,,
11,18,,
11,19,,
11,20,,
11,21,,
11,22,,
11,23,,
11,24,,
11,25,,
11,26,,
11,27,,
11,28,,
11,29,,
11,30,,
11,31,,
11,32,,
11,33,,
11,34,,
11,35,,
11,36,,
11,37,,
11,38,,
11,39,,
11,40,,
11,41,,
11,42,,
11,43,,
11,44,,
11,45,,
11,46,,
11,47,,
11,48,,
11,49,,
11,50,,
11,51,,
11,52,,
11,53,,
11,54,,
11,55,,
11,56,,
11,57,,
11,58,,
11,59,,
11,60,,
11,61,,
11,62,,
11,63,,
11,64,,
11,65,,
11,66,,
11,67,,
11,68,,
11,69,,
11,70,,
11,71,,
11,72,,
11,73,,
11,74,,
11,75,,
11,76,,
12,0,,
12,1,,
12,2,,
12,3,,
12,4,,
12,5,,
12,6,,
12,7,,
12,8,,
12,9,,
12,10,,
12,11,,
12,12,,
12,13,,
12,14,,
12,15,,
12,16,,
12,17,,
12,18,,
12,19,,
12,20,,
12,21,,
12,22,,
12,23,,
12,24,,
12,25,,
12,26,,
12,27,,
12,28,,
12,29,,
12,30,,
12,31,,
12,32,,
12,33,,
12,34,,
12,35,,
12,36,,
12,37,,
12,38,,
12,39,,
12,40,,
12,41,,
12,42,,
12,43,,
12,44,,
12,45,,
12,46,,
12,47,,
12,48,,
12,49,,
12,50,,
12,51,,
12,52,,
12,53,,
12,54,,
12,55,,
12,56,,
12,57,,
12,58,,
12,59,,
12,60,,
12,61,,
12,62,,
12,63,,
12,64,,
12,65,,
12,66,,
12,67,,
12,68,,
12,69,,
12,70,,
12,71,,
12,72,,
12,73,,
12,74,,
12,75,,
12,76,,
13,0,,
13,1,,
13,2,,
13,3,,
13,4,,
13,5,,
13,6,,
13,7,,
13,8,,
13,9,,
13,10,,
13,11,,
13,12,,
13,13,,
13,14,,
13,15,,
13,16,,
13,17,,
13,18,,
13,19,,
13,20,,
13,21,,
13,22,,
13,23,,
13,24,,
13,25,,
13,26,,
13,27,,
13,28,,
13,29,,
13,30,,
13,31,,
13,32,,
13,33,,
13,34,,
13,35,,
13,36,,
13,37,,
13,38,,
13,39,,
13,40,,
13,41,,
13,42,,
13,43,,
13,44,,
13,45,,
13,46,,
13,47,,
13,48,,
13,49,,
13,50,,
13,51,,
13,52,,
13,53,,
13,54,,
13,55,,
13,56,,
13,57,,
13,58,,
13,59,,
13,60,,
13,61,,
13,62,,
13,63,,
13,64,,
13,65,,
13,66,,
13,67,,
13,68,,
13,69,,
13,70,,
13,71,,
13,72,,
13,73,,
13,74,,
13,75,,
13,76,,
14,0,,
14,1,,
14,2,,
14,3,,
14,4,,
14,5,,
14,6,,
14,7,,
14,8,,
14,9,,
14,10,,
14,11,,
14,12,,
14,13,,
14,14,,
14,15,,
14,16,,
14,17,,
14,18,,
14,19,,
14,20,,
14,21,,
14,22,,
14,23,,
14,24,,
14,25,,
14,26,,
14,27,,
14,28,,
14,29,,
14,30,,
14,31,,
14,32,,
14,33,,
14,34,,
14,35,,
14,36,,
14,37,,
14,38,,
14,39,,
14,40,,
14,41,,
14,42,,
14,43,,
14,44,,
14,45,,
14,46,,
14,47,,
14,48,,
14,49,,
14,50,,
14,51,,
14,52,,
14,53,,
14,54,,
14,55,,
14,56,,
14,57,,
14,58,,
14,59,,
14,60,,
14,61,,
14,62,,
14,63,,
14,64,,
14,65,,
14,66,,
14,67,,
14,68,,
14,69,,
14,70,,
14,71,,
14,72,,
14,73,,
14,74,,
14,75,,
14,76,,
15,0,,
15,1,,
15,2,,
15,3,,
15,4,,
15,5,,
15,6,,
15,7,,
15,8,,
15,9,,
15,10,,
15,11,,
15,12,,
15,13,,
15,14,,
15,15,,
15,16,,
15,17,,
15,18,,
15,19,,
15,20,,
15,21,,
15,22,,
15,23,,
15,24,,
15,25,,
15,26,,
15,27,,
15,28,,
15,29,,
15,30,,
15,31,,
15,32,,
15,33,,
15,34,,
15,35,,
15,36,,
15,37,,
15,38,,
15,39,,
15,40,,
15,41,,
15,42,,
15,43,,
15,44,,
15,45,,
15,46,,
15,47,,
15,48,,
15,49,,
15,50,,
15,51,,
15,52,,
15,53,,
15,54,,
15,55,,
15,56,,
15,57,,
15,58,,
15,59,,
15,60,,
15,61,,
15,62,,
15,63,,
15,64,,
15,65,,
15,66,,
15,67,,
15,68,,
15,69,,
15,70,,
15,71,,
15,72,,
15,73,,
15,74,,
15,75,,
15,76,,
16,0,,
16,1,,
16,2,,
16,3,,
16,4,,
16,5,,
16,6,,
16,7,,
16,8,,
16,9,,
16,10,,
16,11,,
16,12,,
16,13,,
16,14,,
16,15,,
16,16,,
16,17,,
16,18,,
16,19,,
16,20,,
16,21,,
16,22,,
16,23,,
16,24,,
16,25,,
16,26,,
16,27,,
16,28,,
16,29,,
16,30,,
16,31,,
16,32,,
16,33,,
16,34,,
16,35,,
16,36,,
16,37,,
16,38,,
16,39,,
16,40,,
16,41,,
16,42,,
16,43,,
16,44,,
16,45,,
16,46,,
16,47,,
16,48,,
16,49,,
16,50,,
16,51,,
16,52,,
16,53,,
16,54,,
16,55,,
16,56,,
16,57,,
16,58,,
16,59,,
16,60,,
16,61,,
16,62,,
16,63,,
16,64,,
16,65,,
16,66,,
16,67,,
16,68,,
16,69,,
16,70,,
16,71,,
16,72,,
16,73,,
16,74,,
16,75,,
16,76,,
17,0,,
17,1,,
17,2,,
17,3,,
17,4,,
17,5,,
17,6,,
17,7,,
17,8,,
17,9,,
17,10,,
17,11,,
17,12,,
17,13,,
17,14,,
17,15,,
17,16,,
17,17,,
17,18,,
17,19,,
17,20,,
17,21,,
17,22,,
17,23,,
17,24,,
17,25,,
17,26,,
17,27,,
17,28,,
17,29,,
17,30,,
17,31,,
17,32,,
17,33,,
17,34,,
17,35,,
17,36,,
17,37,,
17,38,,
17,39,,
17,40,,
17,41,,
17,42,,
17,43,,
17,44,,
17,45,,
17,46,,
17,47,,
17,48,,
17,49,,
17,50,,
17,51,,
17,52,,
17,53,,
17,54,,
17,55,,
17,56,,
17,57,,
17,58,,
17,59,,
17,60,,
17,61,,
17,62,,
17,63,,
17,64,,
17,65,,
17,66,,
17,67,,
17,68,,
17,69,,
17,70,,
17,71,,
17,72,,
17,73,,
17,74,,
17,75,,
17,76,,
18,0,,
18,1,,
18,2,,
18,3,,
18,4,,
18,5,,
18,6,,
18,7,,
18,8,,
18,9,,
18,10,,
18,11,,
18,12,,
18,13,,
18,14,,
18,15,,
18,16,,
18,17,,
18,18,,
18,19,,
18,20,,
18,21,,
18,22,,
18,23,,
18,24,,
18,25,,
18,26,,
18,27,,
18,28,,
18,29,,
18,30,,
18,31,,
18,32,,
18,33,,
18,34,,
18,35,,
18,36,,
18,37,,
18,38,,
18,39,,
18,40,,
18,41,,
18,42,,
18,43,,
18,44,,
18,45,,
18,46,,
18,47,,
18,48,,
18,49,,
18,50,,
18,51,,
18,52,,
18,53,,
18,54,,
18,55,,
18,56,,
18,57,,
18,58,,
18,59,,
18,60,,
18,61,,
18,62,,
18,63,,
18,64,,
18,65,,
18,66,,
18,67,,
18,68,,
18,69,,
18,70,,
18,71,,
18,72,,
18,73,,
18,74,,
18,75,,
18,76,,
19,0,,
19,1,,
19,2,,
19,3,,
19,4,,
19,5,,
19,6,,
19,7,,
19,8,,
19,9,,
19,10,,
19,11,,
19,12,,
19,13,,
19,14,,
19,15,,
19,16,,
19,17,,
19,18,,
19,19,,
19,20,,
19,21,,
19,22,,
19,23,,
19,24,,
19,25,,
19,26,,
19,27,,
19,28,,
19,29,,
19,30,,
19,31,,
19,32,,
19,33,,
19,34,,
19,35,,
19,36,,
19,37,,
19,38,,
19,39,,
19,40,,
19,41,,
19,42,,
19,43,,
19,44,,
19,45,,
19,46,,
19,47,,
19,48,,
19,49,,
19,50,,
19,51,,
19,52,,
19,53,,
19,54,,
19,55,,
19,56,,
19,57,,
19,58,,
19,59,,
19,60,,
19,61,,
19,62,,
19,63,,
19,64,,
19,65,,
19,66,,
19,67,,
19,68,,
19,69,,
19,70,,
19,71,,
19,72,,
19,73,,
19,74,,
19,75,,
19,76,,
20,0,,
20,1,,
20,2,,
20,3,,
20,4,,
20,5,,
20,6,,
20,7,,
20,8,,
20,9,,
20,10,,
20,11,,
20,12,,
20,13,,
20,14,,
20,15,,
20,16,,
20,17,,
20,18,,
20,19,,
20,20,,
20,21,,
20,22,,
20,23,,
20,24,,
20,25,,
20,26,,
20,27,,
20,28,,
20,29,,
20,30,,
20,31,,
20,32,,
20,33,,
20,34,,
20,35,,
20,36,,
20,37,,
20,38,,
20,39,,
20,40,,
20,41,,
20,42,,
20,43,,
20,44,,
20,45,,
20,46,,
20,47,,
20,48,,
20,49,,
20,50,,
20,51,,
20,52,,
20,53,,
20,54,,
20,55,,
20,56,,
20,57,,
20,58,,
20,59,,
20,60,,
20,61,,
20,62,,
20,63,,
20,64,,
20,65,,
20,66,,
20,67,,
20,68,,
20,69,,
20,70,,
20,71,,
20,72,,
20,73,,
20,74,,
20,75,,
20,76,,
21,0,,
21,1,,
21,2,,
21,3,,
21,4,,
21,5,,
21,6,,
21,7,,
21,8,,
21,9,,
21,10,,
21,11,,
21,12,,
21,13,,
21,14,,
21,15,,
21,16,,
21,17,,
21,18,,
21,19,,
21,20,,
21,21,,
21,22,,
21,23,,
21,24,,
21,25,,
21,26,,
21,27,,
21,28,,
21,29,,
21,30,,
21,31,,
21,32,,
21,33,,
21,34,,
21,35,,
21,36,,
21,37,,
21,38,,
21,39,,
21,40,,
21,41,,
21,42,,
21,43,,
21,44,,
21,45,,
21,46,,
21,47,,
21,48,,
21,49,,
21,50,,
21,51,,
21,52,,
21,53,,
21,54,,
21,55,,
21,56,,
21,57,,
21,58,,
21,59,,
21,60,,
21,61,,
21,62,,
21,63,,
21,64,,
21,65,,
21,66,,
21,67,,
21,68,,
21,69,,
21,70,,
21,71,,
21,72,,
21,73,,
21,74,,
21,75,,
21,76,,
22,0,,
22,1,,
22,2,,
22,3,,
22,4,,
22,5,,
22,6,,
22,7,,
22,8,,
22,9,,
22,10,,
22,11,,
22,12,,
22,13,,
22,14,,
22,15,,
22,16,,
22,17,,
22,18,,
22,19,,
22,20,,
22,21,,
22,22,,
22,23,,
22,24,,
22,25,Magellanic subpolar forests,Temperate Broadleaf & Mixed Forests
22,26,Magellanic subpolar forests,Temperate Broadleaf & Mixed Forests
22,27,Magellanic subpolar forests,Temperate Broadleaf & Mixed Forests
22,28,,
22,29,,
22,30,,
22,31,,
22,32,,
22,33,,
22,34,,
22,35,,
22,36,,
22,37,,
22,38,,
22,39,,
22,40,,
22,41,,
22,42,,
22,43,,
22,44,,
22,45,,
22,46,,
22,47,,
22,48,,
22,49,,
22,50,,
22,51,,
22,52,,
22,53,,
22,54,,
22,55,,
22,56,,
22,57,,
22,58,,
22,59,,
22,60,,
22,61,,
22,62,,
22,63,,
22,64,,
22,65,,
22,66,,
22,67,,
22,68,,
22,69,,
22,70,,
22,71,,
22,72,,
22,73,,
22,74,,
22,75,,
22,76,,
23,0,,
23,1,,
23,2,,
23,3,,
23,4,,
23,5,,
23,6,,
23,7,,
23,8,,
23,9,,
23,10,,
23,11,,
23,12,,
23,13,,
23,14,,
23,15,,
23,16,,
23,17,,
23,18,,
23,19,,
23,20,,
23,21,,
23,22,Magellanic subpolar forests,Temperate Broadleaf & Mixed Forests
23,23,,
23,24,Magellanic subpolar forests,Temperate Broadleaf & Mixed Forests
23,25,Magellanic subpolar forests,Temperate Broadleaf & Mixed Forests
23,26,Magellanic subpolar forests,Temperate Broadleaf & Mixed Forests
23,27,,
23,28,Magellanic subpolar forests,Temperate Broadleaf & Mixed Forests
23,29,Magellanic subpolar forests,Temperate Broadleaf & Mixed Forests
23,30,Magellanic subpolar forests,Temperate Broadleaf & Mixed Forests
23,31,,
23,32,,
23,33,,
23,34,,
23,35,,
23,36,,
23,37,,
23,38,,
23,39,,
23,40,,
23,41,,
23,42,,
23,43,,
23,44,,
23,45,,
23,46,,
23,47,,
23,48,,
23,49,,
23,50,,
23,51,,
23,52,,
23,53,,
23,54,,
23,55,,
23,56,,
23,57,,
23,58,,
23,59,,
23,60,,
23,61,,
23,62,,
23,63,,
23,64,,
23,65,,
23,66,,
23,67,,
23,68,,
23,69,,
23,70,,
23,71,,
23,72,,
23,73,,
23,74,,
23,75,,
23,76,,
24,0,,
24,1,,
24,2,,
24,3,,
24,4,,
24,5,,
24,6,,
24,7,,
24,8,,
24,9,,
24,10,,
24,11,,
24,12,,
24,13,,
24,14,,
24,15,,
24,16,,
24,17,,
24,18,,
24,19,,
24,20,,
24,21,,
24,22,,
24,23,Magellanic subpolar forests,Temperate Broadleaf & Mixed Forests
24,24,Magellanic subpolar forests,Temperate Broadleaf & Mixed Forests
24,25,Magellanic subpolar forests,Temperate Broadleaf & Mixed Forests
24,26,Magellanic subpolar forests,Temperate Broadleaf & Mixed Forests
24,27,Magellanic subpolar forests,Temperate Broadleaf & Mixed Forests
24,28,Magellanic subpolar forests,Temperate Broadleaf & Mixed Forests
24,29,Magellanic subpolar forests,Temperate Broadleaf & Mixed Forests
24,30,,
24,31,,
24,32,,
24,33,,
24,34,,
24,35,,
24,36,,
24,37,,
24,38,,
24,39,,
24,40,,
24,41,,
24,42,,
24,43,,
24,44,,
24,45,,
24,46,,
24,47,,
24,48,,
24,49,,
24,50,,
24,51,,
24,52,,
24,53,,
24,54,,
24,55,,
24,56,,
24,57,,
24,58,,
24,59,,
24,60,,
24,61,,
24,62,,
24,63,,
24,64,,
24,65,,
24,66,,
24,67,,
24,68,,
24,69,,
24,70,,
24,71,,
24,72,,
24,73,,
24,74,,
24,75,,
24,76,,
25,0,,
25,1,,
25,2,,
25,3,,
25,4,,
25,5,,
25,6,,
25,7,,
25,8,,
25,9,,
25,10,,
25,11,,
25,12,,
25,13,,
25,14,,
25,15,,
25,16,,
25,17,,
25,18,,
25,19,,
25,20,Magellanic subpolar forests,Temperate Broadleaf & Mixed Forests
25,21,Magellanic subpolar forests,Temperate Broadleaf & Mixed Forests
25,22,Magellanic subpolar forests,Temperate Broadleaf & Mixed Forests
25,23,Magellanic subpolar forests,Temperate Broadleaf & Mixed Forests
25,24,Magellanic subpolar forests,Temperate Broadleaf & Mixed Forests
25,25,Magellanic subpolar forests,Temperate Broadleaf & Mixed Forests
25,26,Magellanic subpolar forests,Temperate Broadleaf & Mixed Forests
25,27,Magellanic subpolar forests,Temperate Broadleaf & Mixed Forests
25,28,Magellanic subpolar forests,Temperate Broadleaf & Mixed Forests
25,29,Magellanic subpolar forests,Temperate Broadleaf & Mixed Forests
25,30,Magellanic subpolar forests,Temperate Broadleaf & Mixed Forests
25,31,Magellanic subpolar forests,Temperate Broadleaf & Mixed Forests
25,32,Magellanic subpolar forests,Temperate Broadleaf & Mixed Forests
25,33,Magellanic subpolar forests,Temperate Broadleaf & Mixed Forests
25,34,,
25,35,,
25,36,Magellanic subpolar forests,Temperate Broadleaf & Mixed Forests
25,37,,
25,38,,
25,39,,
25,40,,
25,41,,
25,42,,
25,43,,
25,44,,
25,45,,
25,46,,
25,47,,
25,48,,
25,49,,
25,50,,
25,51,,
25,52,,
25,53,,
25,54,,
25,55,,
25,56,,
25,57,,
25,58,,
25,59,,
25,60,,
25,61,,
25,62,,
25,63,,
25,64,,
25,65,,
25,66,,
25,67,,
25,68,,
25,69,,
25,70,,
25,71,,
25,72,,
25,73,,
25,74,,
25,75,,
25,76,,
26,0,,
26,1,,
26,2,,
26,3,,
26,4,,
26,5,,
26,6,,
26,7,,
26,8,,
26,9,,
26,10,,
26,11,,
26,12,,
26,13,,
26,14,,
26,15,,
26,16,,
26,17,,
26,18,,
26,19,Magellanic subpolar forests,Temperate Broadleaf & Mixed Forests
26,20,Magellanic subpolar forests,Temperate Broadleaf & Mixed Forests
26,21,Magellanic subpolar forests,Temperate Broadleaf & Mixed Forests
26,22,Magellanic subpolar forests,Temperate Broadleaf & Mixed Forests
26,23,Magellanic subpolar forests,Temperate Broadleaf & Mixed Forests
26,24,,
26,25,Magellanic subpolar forests,Temperate Broadleaf & Mixed Forests
26,26,Magellanic subpolar forests,Temperate Broadleaf & Mixed Forests
26,27,Magellanic subpolar forests,Temperate Broadleaf & Mixed Forests
26,28,Magellanic subpolar forests,Temperate Broadleaf & Mixed Forests
26,29,Magellanic subpolar forests,Temperate Broadleaf & Mixed Forests
26,30,Magellanic subpolar forests,Temperate Broadleaf & Mixed Forests
26,31,,
26,32,,
26,33,,
26,34,,
26,35,,
26,36,,
26,37,,
26,38,,
26,39,,
26,40,,
26,41,,
26,42,,
26,43,,
26,44,,
26,45,,
26,46,,
26,47,,
26,48,,
26,49,,
26,50,,
26,51,,
26,52,,
26,53,,
26,54,,
26,55,,
26,56,,
26,57,,
26,58,,
26,59,,
26,60,,
26,61,,
26,62,,
26,63,,
26,64,,
26,65,,
26,66,,
26,67,,
26,68,,
26,69,,
26,70,,
26,71,,
26,72,,
26,73,,
26,74,,
26,75,,
26,76,,
27,0,,
27,1,,
27,2,,
27,3,,
27,4,,
27,5,,
27,6,,
27,7,,
27,8,,
27,9,,
27,10,,
27,11,,
27,12,,
27,13,,
27,14,,
27,15,,
27,16,,
27,17,,
27,18,Magellanic subpolar forests,Temperate Broadleaf & Mixed Forests
27,19,Magellanic subpolar forests,Temperate Broadleaf & Mixed Forests
27,20,,
27,21,,
27,22,Magellanic subpolar forests,Temperate Broadleaf & Mixed Forests
27,23,,
27,24,Magellanic subpolar forests,Temperate Broadleaf & Mixed Forests
27,25,Magellanic subpolar forests,Temperate Broadleaf & Mixed Forests
27,26,Magellanic subpolar forests,Temperate Broadleaf & Mixed Forests
27,27,Magellanic subpolar forests,Temperate Broadleaf & Mixed Forests
27,28,Magellanic subpolar forests,Temperate Broadleaf & Mixed Forests
27,29,Magellanic subpolar forests,Temperate Broadleaf & Mixed Forests
27,30,,
27,31,,
27,32,,
27,33,,
27,34,,
27,35,,
27,36,,
27,37,,
27,38,,
27,39,,
27,40,,
27,41,,
27,42,,
27,43,,
27,44,,
27,45,,
27,46,,
27,47,,
27,48,,
27,49,,
27,50,,
27,51,,
27,52,,
27,53,,
27,54,,
27,55,,
27,56,,
27,57,,
27,58,,
27,59,,
27,60,,
27,61,,
27,62,,
27,63,,
27,64,,
27,65,,
27,66,,
27,67,,
27,68,,
27,69,,
27,70,,
27,71,,
27,72,,
27,73,,
27,74,,
27,75,,
27,76,,
28,0,,
28,1,,
28,2,,
28,3,,
28,4,,
28,5,,
28,6,,
28,7,,
28,8,,
28,9,,
28,10,,
28,11,,
28,12,,
28,13,,
28,14,,
28,15,Magellanic subpolar forests,Temperate Broadleaf & Mixed Forests
28,16,Magellanic subpolar forests,Temperate Broadleaf & Mixed Forests
28,17,Magellanic subpolar forests,Temperate Broadleaf & Mixed Forests
28,18,Magellanic subpolar forests,Temperate Broadleaf & Mixed Forests
28,19,Magellanic subpolar forests,Temperate Broadleaf & Mixed Forests
28,20,Magellanic subpolar forests,Temperate Broadleaf & Mixed Forests
28,21,,
28,22,Magellanic subpolar forests,Temperate Broadleaf & Mixed Forests
28,23,Magellanic subpolar forests,Temperate Broadleaf & Mixed Forests
28,24,Magellanic subpolar forests,Temperate Broadleaf & Mixed Forests
28,25,Patagonian steppe,"Temperate Grasslands, Savannas & Shrublands"
28,26,Patagonian steppe,"Temperate Grasslands, Savannas & Shrublands"
28,27,Patagonian steppe,"Temperate Grasslands, Savannas & Shrublands"
28,28,Patagonian steppe,"Temperate Grasslands, Savannas & Shrublands"
28,29,,
28,30,,
28,31,,
28,32,,
28,33,,
28,34,,
28,35,,
28,36,,
28,37,,
28,38,,
28,39,,
28,40,,
28,41,,
28,42,,
28,43,,
28,44,,
28,45,,
28,46,,
28,47,,
28,48,,
28,49,,
28,50,,
28,51,,
28,52,,
28,53,,
28,54,,
28,55,,
28,56,,
28,57,,
28,58,,
28,59,,
28,60,,
28,61,,
28,62,,
28,63,,
28,64,,
28,65,,
28,66,,
28,67,,
28,68,,
28,69,,
28,70,,
28,71,,
28,72,,
28,73,,
28,74,,
28,75,,
28,76,,
29,0,,
29,1,,
29,2,,
29,3,,
29,4,,
29,5,,
29,6,,
29,7,,
29,8,,
29,9,,
29,10,,
29,11,,
29,12,,
29,13,,
29,14,,
29,15,,
29,16,,
29,17,,
29,18,Magellanic subpolar forests,Temperate Broadleaf & Mixed Forests
29,19,Magellanic subpolar forests,Temperate Broadleaf & Mixed Forests
29,20,Magellanic subpolar forests,Temperate Broadleaf & Mixed Forests
29,21,,
29,22,,
29,23,,
29,24,,
29,25,Patagonian steppe,"Temperate Grasslands, Savannas & Shrublands"
29,26,Patagonian steppe,"Temperate Grasslands, Savannas & Shrublands"
29,27,Patagonian steppe,"Temperate Grasslands, Savannas & Shrublands"
29,28,,
29,29,,
29,30,,
29,31,,
29,32,,
29,33,,
29,34,,
29,35,,
29,36,,
29,37,,
29,38,,
29,39,,
29,40,,
29,41,,
29,42,,
29,43,,
29,44,,
29,45,,
29,46,,
29,47,,
29,48,,
29,49,,
29,50,,
29,51,,
29,52,,
29,53,,
29,54,,
29,55,,
29,56,,
29,57,,
29,58,,
29,59,,
29,60,,
29,61,,
29,62,,
29,63,,
29,64,,
29,65,,
29,66,,
29,67,,
29,68,,
29,69,,
29,70,,
29,71,,
29,72,,
29,73,,
29,74,,
29,75,,
29,76,,
30,0,,
30,1,,
30,2,,
30,3,,
30,4,,
30,5,,
30,6,,
30,7,,
30,8,,
30,9,,
30,10,,
30,11,,
30,12,,
30,13,Magellanic subpolar forests,Temperate Broadleaf & Mixed Forests
30,14,,
30,15,,
30,16,Magellanic subpolar forests,Temperate Broadleaf & Mixed Forests
30,17,Magellanic subpolar forests,Temperate Broadleaf & Mixed Forests
30,18,,
30,19,,
30,20,Magellanic subpolar forests,Temperate Broadleaf & Mixed Forests
30,21,,
30,22,Magellanic subpolar forests,Temperate Broadleaf & Mixed Forests
30,23,Magellanic subpolar forests,Temperate Broadleaf & Mixed Forests
30,24,Patagonian steppe,"Temperate Grasslands, Savannas & Shrublands"
30,25,Patagonian steppe,"Temperate Grasslands, Savannas & Shrublands"
30,26,Patagonian steppe,"Temperate Grasslands, Savannas & Shrublands"
30,27,,
30,28,,
30,29,,
30,30,,
30,31,,
30,32,,
30,33,,
30,34,,
30,35,,
30,36,,
30,37,,
30,38,,
30,39,,
30,40,,
30,41,,
30,42,,
30,43,,
30,44,,
30,45,,
30,46,,
30,47,,
30,48,,
30,49,,
30,50,,
30,51,,
30,52,,
30,53,,
30,54,,
30,55,,
30,56,,
30,57,,
30,58,,
30,59,,
30,60,,
30,61,,
30,62,,
30,63,,
30,64,,
30,65,,
30,66,,
30,67,,
30,68,,
30,69,,
30,70,,
30,71,,
30,72,,
30,73,,
30,74,,
30,75,,
30,76,,
31,0,,
31,1,,
31,2,,
31,3,,
31,4,,
31,5,,
31,6,,
31,7,,
31,8,,
31,9,,
31,10,,
31,11,,
31,12,,
31,13,,
31,14,,
31,15,Magellanic subpolar forests,Temperate Broadleaf & Mixed Forests
31,16,Magellanic subpolar forests,Temperate Broadleaf & Mixed Forests
31,17,Magellanic subpolar forests,Temperate Broadleaf & Mixed Forests
31,18,Magellanic subpolar forests,Temperate Broadleaf & Mixed Forests
31,19,Magellanic subpolar forests,Temperate Broadleaf & Mixed Forests
31,20,,
31,21,,
31,22,,
31,23,Patagonian steppe,"Temperate Grasslands, Savannas & Shrublands"
31,24,Patagonian steppe,"Temperate Grasslands, Savannas & Shrublands"
31,25,Patagonian steppe,"Temperate Grasslands, Savannas & Shrublands"
31,26,Patagonian steppe,"Temperate Grasslands, Savannas & Shrublands"
31,27,,
31,28,,
31,29,,
31,30,,
31,31,,
31,32,,
31,33,,
31,34,,
31,35,,
31,36,,
31,37,,
31,38,,
31,39,,
31,40,,
31,41,,
31,42,,
31,43,,
31,44,,
31,45,,
31,46,,
31,47,,
31,48,,
31,49,,
31,50,,
31,51,,
31,52,,
31,53,,
31,54,,
31,55,,
31,56,,
31,57,,
31,58,,
31,59,,
31,60,,
31,61,,
31,62,,
31,63,,
31,64,,
31,65,,
31,66,,
31,67,,
31,68,,
31,69,,
31,70,,
31,71,,
31,72,,
31,73,,
31,74,,
31,75,,
31,76,,
32,0,,
32,1,,
32,2,,
32,3,,
32,4,,
32,5,,
32,6,,
32,7,,
32,8,,
32,9,,
32,10,,
32,11,,
32,12,,
32,13,,
32,14,,
32,15,Magellanic subpolar forests,Temperate Broadleaf & Mixed Forests
32,16,Magellanic subpolar forests,Temperate Broadleaf & Mixed Forests
32,17,Magellanic subpolar forests,Temperate Broadleaf & Mixed Forests
32,18,Magellanic subpolar forests,Temperate Broadleaf & Mixed Forests
32,19,Magellanic subpolar forests,Temperate Broadleaf & Mixed Forests
32,20,Magellanic subpolar forests,Temperate Broadleaf & Mixed Forests
32,21,Magellanic subpolar forests,Temperate Broadleaf & Mixed Forests
32,22,Patagonian steppe,"Temperate Grasslands, Savannas & Shrublands"
32,23,,
32,24,Patagonian steppe,"Temperate Grasslands, Savannas & Shrublands"
32,25,Patagonian steppe,"Temperate Grasslands, Savannas & Shrublands"
32,26,,
32,27,,
32,28,,
32,29,,
32,30,,
32,31,,
32,32,,
32,33,,
32,34,,
32,35,,
32,36,,
32,37,,
32,38,,
32,39,,
32,40,,
32,41,,
32,42,,
32,43,,
32,44,,
32,45,,
32,46,,
32,47,,
32,48,,
32,49,,
32,50,,
32,51,,
32,52,,
32,53,,
32,54,,
32,55,,
32,56,,
32,57,,
32,58,,
32,59,,
32,60,,
32,61,,
32,62,,
32,63,,
32,64,,
32,65,,
32,66,,
32,67,,
32,68,,
32,69,,
32,70,,
32,71,,
32,72,,
32,73,,
32,74,,
32,75,,
32,76,,
33,0,,
33,1,,
33,2,,
33,3,,
33,4,,
33,5,,
33,6,,
33,7,,
33,8,,
33,9,,
33,10,,
33,11,,
33,12,Magellanic subpolar forests,Temperate Broadleaf & Mixed Forests
33,13,,
33,14,Magellanic subpolar forests,Temperate Broadleaf & Mixed Forests
33,15,,
33,16,,
33,17,,
33,18,Magellanic subpolar forests,Temperate Broadleaf & Mixed Forests
33,19,Magellanic subpolar forests,Temperate Broadleaf & Mixed Forests
33,20,Patagonian steppe,"Temperate Grasslands, Savannas & Shrublands"
33,21,Patagonian steppe,"Temperate Grasslands, Savannas & Shrublands"
33,22,Patagonian steppe,"Temperate Grasslands, Savannas & Shrublands"
33,23,Patagonian steppe,"Temperate Grasslands, Savannas & Shrublands"
33,24,,
33,25,,
33,26,,
33,27,,
33,28,,
33,29,,
33,30,,
33,31,,
33,32,,
33,33,,
33,34,,
33,35,,
33,36,,
33,37,,
33,38,,
33,39,,
33,40,,
33,41,,
33,42,,
33,43,,
33,44,,
33,45,,
33,46,,
33,47,,
33,48,,
33,49,,
33,50,,
33,51,,
33,52,,
33,53,,
33,54,,
33,55,,
33,56,,
33,57,,
33,58,,
33,59,,
33,60,,
33,61,,
33,62,,
33,63,,
33,64,,
33,65,,
33,66,,
33,67,,
33,68,,
33,69,,
33,70,,
33,71,,
33,72,,
33,73,,
33,74,,
33,75,,
33,76,,
34,0,,
34,1,,
34,2,,
34,3,,
34,4,,
34,5,,
34,6,,
34,7,,
34,8,,
34,9,,
34,10,,
34,11,,
34,12,Magellanic subpolar forests,Temperate Broadleaf & Mixed Forests
34,13,,
34,14,,
34,15,Magellanic subpolar forests,Temperate Broadleaf & Mixed Forests
34,16,,
34,17,,
34,18,Magellanic subpolar forests,Temperate Broadleaf & Mixed Forests
34,19,Patagonian steppe,"Temperate Grasslands, Savannas & Shrublands"
34,20,Patagonian steppe,"Temperate Grasslands, Savannas & Shrublands"
34,21,Patagonian steppe,"Temperate Grasslands, Savannas & Shrublands"
34,22,Patagonian steppe,"Temperate Grasslands, Savannas & Shrublands"
34,23,Patagonian steppe,"Temperate Grasslands, Savannas & Shrublands"
34,24,Patagonian steppe,"Temperate Grasslands, Savannas & Shrublands"
34,25,Patagonian steppe,"Temperate Grasslands, Savannas & Shrublands"
34,26,,
34,27,,
34,28,,
34,29,,
34,30,,
34,31,,
34,32,,
34,33,,
34,34,,
34,35,,
34,36,,
34,37,,
34,38,,
34,39,,
34,40,,
34,41,,
34,42,,
34,43,,
34,44,,
34,45,,
34,46,Patagonian steppe,"Temperate Grasslands, Savannas & Shrublands"
34,47,,
34,48,,
34,49,,
34,50,,
34,51,,
34,52,,
34,53,,
34,54,,
34,55,,
34,56,,
34,57,,
34,58,,
34,59,,
34,60,,
34,61,,
34,62,,
34,63,,
34,64,,
34,65,,
34,66,,
34,67,,
34,68,,
34,69,,
34,70,,
34,71,,
34,72,,
34,73,,
34,74,,
34,75,,
34,76,,
35,0,,
35,1,,
35,2,,
35,3,,
35,4,,
35,5,,
35,6,,
35,7,,
35,8,,
35,9,,
35,10,,
35,11,Magellanic subpolar forests,Temperate Broadleaf & Mixed Forests
35,12,,
35,13,,
35,14,Magellanic subpolar forests,Temperate Broadleaf & Mixed Forests
35,15,Magellanic subpolar forests,Temperate Broadleaf & Mixed Forests
35,16,Magellanic subpolar forests,Temperate Broadleaf & Mixed Forests
35,17,Magellanic subpolar forests,Temperate Broadleaf & Mixed Forests
35,18,Patagonian steppe,"Temperate Grasslands, Savannas & Shrublands"
35,19,Magellanic subpolar forests,Temperate Broadleaf & Mixed Forests
35,20,Patagonian steppe,"Temperate Grasslands, Savannas & Shrublands"
35,21,Patagonian steppe,"Temperate Grasslands, Savannas & Shrublands"
35,22,Patagonian steppe,"Temperate Grasslands, Savannas & Shrublands"
35,23,Patagonian steppe,"Temperate Grasslands, Savannas & Shrublands"
35,24,Patagonian steppe,"Temperate Grasslands, Savannas & Shrublands"
35,25,Patagonian steppe,"Temperate Grasslands, Savannas & Shrublands"
35,26,,
35,27,,
35,28,,
35,29,,
35,30,,
35,31,,
35,32,,
35,33,,
35,34,,
35,35,,
35,36,,
35,37,,
35,38,,
35,39,,
35,40,,
35,41,,
35,42,,
35,43,Patagonian steppe,"Temperate Grasslands, Savannas & Shrublands"
35,44,Patagonian steppe,"Temperate Grasslands, Savannas & Shrublands"
35,45,,
35,46,Patagonian steppe,"Temperate Grasslands, Savannas & Shrublands"
35,47,Patagonian steppe,"Temperate Grasslands, Savannas & Shrublands"
35,48,,
35,49,,
35,50,,
35,51,,
35,52,,
35,53,,
35,54,,
35,55,,
35,56,,
35,57,,
35,58,,
35,59,,
35,60,,
35,61,,
35,62,,
35,63,,
35,64,,
35,65,,
35,66,,
35,67,,
35,68,,
35,69,,
35,70,,
35,71,,
35,72,,
35,73,,
35,74,,
35,75,,
35,76,,
36,0,,
36,1,,
36,2,,
36,3,,
36,4,,
36,5,,
36,6,,
36,7,,
36,8,,
36,9,,
36,10,,
36,11,,
36,12,,
36,13,,
36,14,Magellanic subpolar forests,Temperate Broadleaf & Mixed Forests
36,15,Magellanic subpolar forests,Temperate Broadleaf & Mixed Forests
36,16,Magellanic subpolar forests,Temperate Broadleaf & Mixed Forests
36,17,Magellanic subpolar forests,Temperate Broadleaf & Mixed Forests
36,18,Patagonian steppe,"Temperate Grasslands, Savannas & Shrublands"
36,19,Patagonian steppe,"Temperate Grasslands, Savannas & Shrublands"
36,20,Patagonian steppe,"Temperate Grasslands, Savannas & Shrublands"
36,21,Patagonian steppe,"Temperate Grasslands, Savannas & Shrublands"
36,22,Patagonian steppe,"Temperate Grasslands, Savannas & Shrublands"
36,23,Patagonian steppe,"Temperate Grasslands, Savannas & Shrublands"
36,24,Patagonian steppe,"Temperate Grasslands, Savannas & Shrublands"
36,25,,
36,26,,
36,27,,
36,28,,
36,29,,
36,30,,
36,31,,
36,32,,
36,33,,
36,34,,
36,35,,
36,36,,
36,37,,
36,38,,
36,39,,
36,40,,
36,41,,
36,42,,
36,43,,
36,44,Patagonian steppe,"Temperate Grasslands, Savannas & Shrublands"
36,45,Patagonian steppe,"Temperate Grasslands, Savannas & Shrublands"
36,46,,
36,47,Patagonian steppe,"Temperate Grasslands, Savannas & Shrublands"
36,48,Patagonian steppe,"Temperate Grasslands, Savannas & Shrublands"
36,49,Patagonian steppe,"Temperate Grasslands, Savannas & Shrublands"
36,50,,
36,51,,
36,52,,
36,53,,
36,54,,
36,55,,
36,56,,
36,57,,
36,58,,
36,59,,
36,60,,
36,61,,
36,62,,
36,63,,
36,64,,
36,65,,
36,66,,
36,67,,
36,68,,
36,69,,
36,70,,
36,71,,
36,72,,
36,73,,
36,74,,
36,75,,
36,76,,
37,0,,
37,1,,
37,2,,
37,3,,
37,4,,
37,5,,
37,6,,
37,7,,
37,8,,
37,9,,
37,10,,
37,11,,
37,12,Magellanic subpolar forests,Temperate Broadleaf & Mixed Forests
37,13,,
37,14,Rock and Ice,N/A
37,15,Magellanic subpolar forests,Temperate Broadleaf & Mixed Forests
37,16,Magellanic subpolar forests,Temperate Broadleaf & Mixed Forests
37,17,Magellanic subpolar forests,Temperate Broadleaf & Mixed Forests
37,18,Patagonian steppe,"Temperate Grasslands, Savannas & Shrublands"
37,19,Patagonian steppe,"Temperate Grasslands, Savannas & Shrublands"
37,20,Patagonian steppe,"Temperate Grasslands, Savannas & Shrublands"
37,21,Patagonian steppe,"Temperate Grasslands, Savannas & Shrublands"
37,22,Patagonian steppe,"Temperate Grasslands, Savannas & Shrublands"
37,23,Patagonian steppe,"Temperate Grasslands, Savannas & Shrublands"
37,24,Patagonian steppe,"Temperate Grasslands, Savannas & Shrublands"
37,25,,
37,26,,
37,27,,
37,28,,
37,29,,
37,30,,
37,31,,
37,32,,
37,33,,
37,34,,
37,35,,
37,36,,
37,37,,
37,38,,
37,39,,
37,40,,
37,41,,
37,42,,
37,43,,
37,44,,
37,45,,
37,46,,
37,47,,
37,48,Patagonian steppe,"Temperate Grasslands, Savannas & Shrublands"
37,49,,
37,50,,
37,51,,
37,52,,
37,53,,
37,54,,
37,55,,
37,56,,
37,57,,
37,58,,
37,59,,
37,60,,
37,61,,
37,62,,
37,63,,
37,64,,
37,65,,
37,66,,
37,67,,
37,68,,
37,69,,
37,70,,
37,71,,
37,72,,
37,73,,
37,74,,
37,75,,
37,76,,
38,0,,
38,1,,
38,2,,
38,3,,
38,4,,
38,5,,
38,6,,
38,7,,
38,8,,
38,9,,
38,10,,
38,11,,
38,12,Magellanic subpolar forests,Temperate Broadleaf & Mixed Forests
38,13,Magellanic subpolar forests,Temperate Broadleaf & Mixed Forests
38,14,Magellanic subpolar forests,Temperate Broadleaf & Mixed Forests
38,15,Magellanic subpolar forests,Temperate Broadleaf & Mixed Forests
38,16,Magellanic subpolar forests,Temperate Broadleaf & Mixed Forests
38,17,Patagonian steppe,"Temperate Grasslands, Savannas & Shrublands"
38,18,Patagonian steppe,"Temperate Grasslands, Savannas & Shrublands"
38,19,Patagonian steppe,"Temperate Grasslands, Savannas & Shrublands"
38,20,Patagonian steppe,"Temperate Grasslands, Savannas & Shrublands"
38,21,Patagonian steppe,"Temperate Grasslands, Savannas & Shrublands"
38,22,Patagonian steppe,"Temperate Grasslands, Savannas & Shrublands"
38,23,Patagonian steppe,"Temperate Grasslands, Savannas & Shrublands"
38,24,Patagonian steppe,"Temperate Grasslands, Savannas & Shrublands"
38,25,,
38,26,,
38,27,,
38,28,,
38,29,,
38,30,,
38,31,,
38,32,,
38,33,,
38,34,,
38,35,,
38,36,,
38,37,,
38,38,,
38,39,,
38,40,,
38,41,,
38,42,,
38,43,,
38,44,,
38,45,,
38,46,,
38,47,,
38,48,,
38,49,,
38,50,,
38,51,,
38,52,,
38,53,,
38,54,,
38,55,,
38,56,,
38,57,,
38,58,,
38,59,,
38,60,,
38,61,,
38,62,,
38,63,,
38,64,,
38,65,,
38,66,,
38,67,,
38,68,,
38,69,,
38,70,,
38,71,,
38,72,,
38,73,,
38,74,,
38,75,,
38,76,,
39,0,,
39,1,,
39,2,,
39,3,,
39,4,,
39,5,,
39,6,,
39,7,,
39,8,,
39,9,,
39,10,Magellanic subpolar forests,Temperate Broadleaf & Mixed Forests
39,11,,
39,12,Magellanic subpolar forests,Temperate Broadleaf & Mixed Forests
39,13,Magellanic subpolar forests,Temperate Broadleaf & Mixed Forests
39,14,Rock and Ice,N/A
39,15,Magellanic subpolar forests,Temperate Broadleaf & Mixed Forests
39,16,Magellanic subpolar forests,Temperate Broadleaf & Mixed Forests
39,17,Patagonian steppe,"Temperate Grasslands, Savannas & Shrublands"
39,18,Patagonian steppe,"Temperate Grasslands, Savannas & Shrublands"
39,19,Patagonian steppe,"Temperate Grasslands, Savannas & Shrublands"
39,20,Patagonian steppe,"Temperate Grasslands, Savannas & Shrublands"
39,21,Patagonian steppe,"Temperate Grasslands, Savannas & Shrublands"
39,22,Patagonian steppe,"Temperate Grasslands, Savannas & Shrublands"
39,23,Patagonian steppe,"Temperate Grasslands, Savannas & Shrublands"
39,24,Patagonian steppe,"Temperate Grasslands, Savannas & Shrublands"
39,25,,
39,26,,
39,27,,
39,28,,
39,29,,
39,30,,
39,31,,
39,32,,
39,33,,
39,34,,
39,35,,
39,36,,
39,37,,
39,38,,
39,39,,
39,40,,
39,41,,
39,42,,
39,43,,
39,44,,
39,45,,
39,46,,
39,47,,
39,48,,
39,49,,
39,50,,
39,51,,
39,52,,
39,53,,
39,54,,
39,55,,
39,56,,
39,57,,
39,58,,
39,59,,
39,60,,
39,61,,
39,62,,
39,63,,
39,64,,
39,65,,
39,66,,
39,67,,
39,68,,
39,69,,
39,70,,
39,71,,
39,72,,
39,73,,
39,74,,
39,75,,
39,76,,
40,0,,
40,1,,
40,2,,
40,3,,
40,4,,
40,5,,
40,6,,
40,7,,
40,8,,
40,9,,
40,10,,
40,11,,
40,12,,
40,13,Magellanic subpolar forests,Temperate Broadleaf & Mixed Forests
40,14,Magellanic subpolar forests,Temperate Broadleaf & Mixed Forests
40,15,Magellanic subpolar forests,Temperate Broadleaf & Mixed Forests
40,16,Patagonian steppe,"Temperate Grasslands, Savannas & Shrublands"
40,17,Patagonian steppe,"Temperate Grasslands, Savannas & Shrublands"
40,18,Patagonian steppe,"Temperate Grasslands, Savannas & Shrublands"
40,19,Patagonian steppe,"Temperate Grasslands, Savannas & Shrublands"
40,20,Patagonian steppe,"Temperate Grasslands, Savannas & Shrublands"
40,21,Patagonian steppe,"Temperate Grasslands, Savannas & Shrublands"
40,22,Patagonian steppe,"Temperate Grasslands, Savannas & Shrublands"
40,23,Patagonian steppe,"Temperate Grasslands, Savannas & Shrublands"
40,24,Patagonian steppe,"Temperate Grasslands, Savannas & Shrublands"
40,25,,
40,26,,
40,27,,
40,28,,
40,29,,
40,30,,
40,31,,
40,32,,
40,33,,
40,34,,
40,35,,
40,36,,
40,37,,
40,38,,
40,39,,
40,40,,
40,41,,
40,42,,
40,43,,
40,44,,
40,45,,
40,46,,
40,47,,
40,48,,
40,49,,
40,50,,
40,51,,
40,52,,
40,53,,
40,54,,
40,55,,
40,56,,
40,57,,
40,58,,
40,59,,
40,60,,
40,61,,
40,62,,
40,63,,
40,64,,
40,65,,
40,66,,
40,67,,
40,68,,
40,69,,
40,70,,
40,71,,
40,72,,
40,73,,
40,74,,
40,75,,
40,76,,
41,0,,
41,1,,
41,2,,
41,3,,
41,4,,
41,5,,
41,6,,
41,7,,
41,8,,
41,9,Magellanic subpolar forests,Temperate Broadleaf & Mixed Forests
41,10,Magellanic subpolar forests,Temperate Broadleaf & Mixed Forests
41,11,Magellanic subpolar forests,Temperate Broadleaf & Mixed Forests
41,12,Magellanic subpolar forests,Temperate Broadleaf & Mixed Forests
41,13,Rock and Ice,N/A
41,14,Magellanic subpolar forests,Temperate Broadleaf & Mixed Forests
41,15,Magellanic subpolar forests,Temperate Broadleaf & Mixed Forests
41,16,Patagonian steppe,"Temperate Grasslands, Savannas & Shrublands"
41,17,Patagonian steppe,"Temperate Grasslands, Savannas & Shrublands"
41,18,Patagonian steppe,"Temperate Grasslands, Savannas & Shrublands"
41,19,Patagonian steppe,"Temperate Grasslands, Savannas & Shrublands"
41,20,Patagonian steppe,"Temperate Grasslands, Savannas & Shrublands"
41,21,Patagonian steppe,"Temperate Grasslands, Savannas & Shrublands"
41,22,Patagonian steppe,"Temperate Grasslands, Savannas & Shrublands"
41,23,Patagonian steppe,"Temperate Grasslands, Savannas & Shrublands"
41,24,Patagonian steppe,"Temperate Grasslands, Savannas & Shrublands"
41,25,Patagonian steppe,"Temperate Grasslands, Savannas & Shrublands"
41,26,,
41,27,,
41,28,,
41,29,,
41,30,,
41,31,,
41,32,,
41,33,,
41,34,,
41,35,,
41,36,,
41,37,,
41,38,,
41,39,,
41,40,,
41,41,,
41,42,,
41,43,,
41,44,,
41,45,,
41,46,,
41,47,,
41,48,,
41,49,,
41,50,,
41,51,,
41,52,,
41,53,,
41,54,,
41,55,,
41,56,,
41,57,,
41,58,,
41,59,,
41,60,,
41,61,,
41,62,,
41,63,,
41,64,,
41,65,,
41,66,,
41,67,,
41,68,,
41,69,,
41,70,,
41,71,,
41,72,,
41,73,,
41,74,,
41,75,,
41,76,,
42,0,,
42,1,,
42,2,,
42,3,,
42,4,,
42,5,,
42,6,,
42,7,,
42,8,,
42,9,,
42,10,Magellanic subpolar forests,Temperate Broadleaf & Mixed Forests
42,11,Magellanic subpolar forests,Temperate Broadleaf & Mixed Forests
42,12,,
42,13,Magellanic subpolar forests,Temperate Broadleaf & Mixed Forests
42,14,Rock and Ice,N/A
42,15,Magellanic subpolar forests,Temperate Broadleaf & Mixed Forests
42,16,Patagonian steppe,"Temperate Grasslands, Savannas & Shrublands"
42,17,Patagonian steppe,"Temperate Grasslands, Savannas & Shrublands"
42,18,Patagonian steppe,"Temperate Grasslands, Savannas & Shrublands"
42,19,Patagonian steppe,"Temperate Grasslands, Savannas & Shrublands"
42,20,Patagonian steppe,"Temperate Grasslands, Savannas & Shrublands"
42,21,Patagonian steppe,"Temperate Grasslands, Savannas & Shrublands"
42,22,Patagonian steppe,"Temperate Grasslands, Savannas & Shrublands"
42,23,Patagonian steppe,"Temperate Grasslands, Savannas & Shrublands"
42,24,Patagonian steppe,"Temperate Grasslands, Savannas & Shrublands"
42,25,Patagonian steppe,"Temperate Grasslands, Savannas & Shrublands"
42,26,Patagonian steppe,"Temperate Grasslands, Savannas & Shrublands"
42,27,,
42,28,,
42,29,,
42,30,,
42,31,,
42,32,,
42,33,,
42,34,,
42,35,,
42,36,,
42,37,,
42,38,,
42,39,,
42,40,,
42,41,,
42,42,,
42,43,,
42,44,,
42,45,,
42,46,,
42,47,,
42,48,,
42,49,,
42,50,,
42,51,,
42,52,,
42,53,,
42,54,,
42,55,,
42,56,,
42,57,,
42,58,,
42,59,,
42,60,,
42,61,,
42,62,,
42,63,,
42,64,,
42,65,,
42,66,,
42,67,,
42,68,,
42,69,,
42,70,,
42,71,,
42,72,,
42,73,,
42,74,,
42,75,,
42,76,,
43,0,,
43,1,,
43,2,,
43,3,,
43,4,,
43,5,,
43,6,,
43,7,,
43,8,,
43,9,Magellanic subpolar forests,Temperate Broadleaf & Mixed Forests
43,10,,
43,11,Magellanic subpolar forests,Temperate Broadleaf & Mixed Forests
43,12,Magellanic subpolar forests,Temperate Broadleaf & Mixed Forests
43,13,Rock and Ice,N/A
43,14,Rock and Ice,N/A
43,15,Magellanic subpolar forests,Temperate Broadleaf & Mixed Forests
43,16,Patagonian steppe,"Temperate Grasslands, Savannas & Shrublands"
43,17,Patagonian steppe,"Temperate Grasslands, Savannas & Shrublands"
43,18,Patagonian steppe,"Temperate Grasslands, Savannas & Shrublands"
43,19,Patagonian steppe,"Temperate Grasslands, Savannas & Shrublands"
43,20,Patagonian steppe,"Temperate Grasslands, Savannas & Shrublands"
43,21,Patagonian steppe,"Temperate Grasslands, Savannas & Shrublands"
43,22,Patagonian steppe,"Temperate Grasslands, Savannas & Shrublands"
43,23,Patagonian steppe,"Temperate Grasslands, Savannas & Shrublands"
43,24,Patagonian steppe,"Temperate Grasslands, Savannas & Shrublands"
43,25,Patagonian steppe,"Temperate Grasslands, Savannas & Shrublands"
43,26,Patagonian steppe,"Temperate Grasslands, Savannas & Shrublands"
43,27,Patagonian steppe,"Temperate Grasslands, Savannas & Shrublands"
43,28,,
43,29,,
43,30,,
43,31,,
43,32,,
43,33,,
43,34,,
43,35,,
43,36,,
43,37,,
43,38,,
43,39,,
43,40,,
43,41,,
43,42,,
43,43,,
43,44,,
43,45,,
43,46,,
43,47,,
43,48,,
43,49,,
43,50,,
43,51,,
43,52,,
43,53,,
43,54,,
43,55,,
43,56,,
43,57,,
43,58,,
43,59,,
43,60,,
43,61,,
43,62,,
43,63,,
43,64,,
43,65,,
43,66,,
43,67,,
43,68,,
43,69,,
43,70,,
43,71,,
43,72,,
43,73,,
43,74,,
43,75,,
43,76,,
44,0,,
44,1,,
44,2,,
44,3,,
44,4,,
44,5,,
44,6,,
44,7,,
44,8,,
44,9,Magellanic subpolar forests,Temperate Broadleaf & Mixed Forests
44,10,Magellanic subpolar forests,Temperate Broadleaf & Mixed Forests
44,11,Magellanic subpolar forests,Temperate Broadleaf & Mixed Forests
44,12,Magellanic subpolar forests,Temperate Broadleaf & Mixed Forests
44,13,Rock and Ice,N/A
44,14,Rock and Ice,N/A
44,15,Magellanic subpolar forests,Temperate Broadleaf & Mixed Forests
44,16,Patagonian steppe,"Temperate Grasslands, Savannas & Shrublands"
44,17,Patagonian steppe,"Temperate Grasslands, Savannas & Shrublands"
44,18,Patagonian steppe,"Temperate Grasslands, Savannas & Shrublands"
44,19,Patagonian steppe,"Temperate Grasslands, Savannas & Shrublands"
44,20,Patagonian steppe,"Temperate Grasslands, Savannas & Shrublands"
44,21,Patagonian steppe,"Temperate Grasslands, Savannas & Shrublands"
44,22,Patagonian steppe,"Temperate Grasslands, Savannas & Shrublands"
44,23,Patagonian steppe,"Temperate Grasslands, Savannas & Shrublands"
44,24,Patagonian steppe,"Temperate Grasslands, Savannas & Shrublands"
44,25,Patagonian steppe,"Temperate Grasslands, Savannas & Shrublands"
44,26,Patagonian steppe,"Temperate Grasslands, Savannas & Shrublands"
44,27,Patagonian steppe,"Temperate Grasslands, Savannas & Shrublands"
44,28,,
44,29,,
44,30,,
44,31,,
44,32,,
44,33,,
44,34,,
44,35,,
44,36,,
44,37,,
44,38,,
44,39,,
44,40,,
44,41,,
44,42,,
44,43,,
44,44,,
44,45,,
44,46,,
44,47,,
44,48,,
44,49,,
44,50,,
44,51,,
44,52,,
44,53,,
44,54,,
44,55,,
44,56,,
44,57,,
44,58,,
44,59,,
44,60,,
44,61,,
44,62,,
44,63,,
44,64,,
44,65,,
44,66,,
44,67,,
44,68,,
44,69,,
44,70,,
44,71,,
44,72,,
44,73,,
44,74,,
44,75,,
44,76,,
45,0,,
45,1,,
45,2,,
45,3,,
45,4,,
45,5,,
45,6,,
45,7,,
45,8,,
45,9,,
45,10,,
45,11,,
45,12,Magellanic subpolar forests,Temperate Broadleaf & Mixed Forests
45,13,Rock and Ice,N/A
45,14,Magellanic subpolar forests,Temperate Broadleaf & Mixed Forests
45,15,Magellanic subpolar forests,Temperate Broadleaf & Mixed Forests
45,16,Patagonian steppe,"Temperate Grasslands, Savannas & Shrublands"
45,17,Patagonian steppe,"Temperate Grasslands, Savannas & Shrublands"
45,18,Patagonian steppe,"Temperate Grasslands, Savannas & Shrublands"
45,19,Patagonian steppe,"Temperate Grasslands, Savannas & Shrublands"
45,20,Patagonian steppe,"Temperate Grasslands, Savannas & Shrublands"
45,21,Patagonian steppe,"Temperate Grasslands, Savannas & Shrublands"
45,22,Patagonian steppe,"Temperate Grasslands, Savannas & Shrublands"
45,23,Patagonian steppe,"Temperate Grasslands, Savannas & Shrublands"
45,24,Patagonian steppe,"Temperate Grasslands, Savannas & Shrublands"
45,25,Patagonian steppe,"Temperate Grasslands, Savannas & Shrublands"
45,26,Patagonian steppe,"Temperate Grasslands, Savannas & Shrublands"
45,27,Patagonian steppe,"Temperate Grasslands, Savannas & Shrublands"
45,28,,
45,29,,
45,30,,
45,31,,
45,32,,
45,33,,
45,34,,
45,35,,
45,36,,
45,37,,
45,38,,
45,39,,
45,40,,
45,41,,
45,42,,
45,43,,
45,44,,
45,45,,
45,46,,
45,47,,
45,48,,
45,49,,
45,50,,
45,51,,
45,52,,
45,53,,
45,54,,
45,55,,
45,56,,
45,57,,
45,58,,
45,59,,
45,60,,
45,61,,
45,62,,
45,63,,
45,64,,
45,65,,
45,66,,
45,67,,
45,68,,
45,69,,
45,70,,
45,71,,
45,72,,
45,73,,
45,74,,
45,75,,
45,76,,
46,0,,
46,1,,
46,2,,
46,3,,
46,4,,
46,5,,
46,6,,
46,7,,
46,8,,
46,9,Magellanic subpolar forests,Temperate Broadleaf & Mixed Forests
46,10,Magellanic subpolar forests,Temperate Broadleaf & Mixed Forests
46,11,Magellanic subpolar forests,Temperate Broadleaf & Mixed Forests
46,12,,
46,13,Rock and Ice,N/A
46,14,Magellanic subpolar forests,Temperate Broadleaf & Mixed Forests
46,15,Magellanic subpolar forests,Temperate Broadleaf & Mixed Forests
46,16,Patagonian steppe,"Temperate Grasslands, Savannas & Shrublands"
46,17,Patagonian steppe,"Temperate Grasslands, Savannas & Shrublands"
46,18,Patagonian steppe,"Temperate Grasslands, Savannas & Shrublands"
46,19,Patagonian steppe,"Temperate Grasslands, Savannas & Shrublands"
46,20,Patagonian steppe,"Temperate Grasslands, Savannas & Shrublands"
46,21,Patagonian steppe,"Temperate Grasslands, Savannas & Shrublands"
46,22,Patagonian steppe,"Temperate Grasslands, Savannas & Shrublands"
46,23,Patagonian steppe,"Temperate Grasslands, Savannas & Shrublands"
46,24,Patagonian steppe,"Temperate Grasslands, Savannas & Shrublands"
46,25,Patagonian steppe,"Temperate Grasslands, Savannas & Shrublands"
46,26,Patagonian steppe,"Temperate Grasslands, Savannas & Shrublands"
46,27,Patagonian steppe,"Temperate Grasslands, Savannas & Shrublands"
46,28,,
46,29,,
46,30,,
46,31,,
46,32,,
46,33,,
46,34,,
46,35,,
46,36,,
46,37,,
46,38,,
46,39,,
46,40,,
46,41,,
46,42,,
46,43,,
46,44,,
46,45,,
46,46,,
46,47,,
46,48,,
46,49,,
46,50,,
46,51,,
46,52,,
46,53,,
46,54,,
46,55,,
46,56,,
46,57,,
46,58,,
46,59,,
46,60,,
46,61,,
46,62,,
46,63,,
46,64,,
46,65,,
46,66,,
46,67,,
46,68,,
46,69,,
46,70,,
46,71,,
46,72,,
46,73,,
46,74,,
46,75,,
46,76,,
47,0,,
47,1,,
47,2,,
47,3,,
47,4,,
47,5,,
47,6,,
47,7,,
47,8,,
47,9,Magellanic subpolar forests,Temperate Broadleaf & Mixed Forests
47,10,Magellanic subpolar forests,Temperate Broadleaf & Mixed Forests
47,11,Magellanic subpolar forests,Temperate Broadleaf & Mixed Forests
47,12,Magellanic subpolar forests,Temperate Broadleaf & Mixed Forests
47,13,,
47,14,Magellanic subpolar forests,Temperate Broadleaf & Mixed Forests
47,15,Magellanic subpolar forests,Temperate Broadleaf & Mixed Forests
47,16,Magellanic subpolar forests,Temperate Broadleaf & Mixed Forests
47,17,Patagonian steppe,"Temperate Grasslands, Savannas & Shrublands"
47,18,Patagonian steppe,"Temperate Grasslands, Savannas & Shrublands"
47,19,Patagonian steppe,"Temperate Grasslands, Savannas & Shrublands"
47,20,Patagonian steppe,"Temperate Grasslands, Savannas & Shrublands"
47,21,Patagonian steppe,"Temperate Grasslands, Savannas & Shrublands"
47,22,Patagonian steppe,"Temperate Grasslands, Savannas & Shrublands"
47,23,Patagonian steppe,"Temperate Grasslands, Savannas & Shrublands"
47,24,Patagonian steppe,"Temperate Grasslands, Savannas & Shrublands"
47,25,Patagonian steppe,"Temperate Grasslands, Savannas & Shrublands"
47,26,Patagonian steppe,"Temperate Grasslands, Savannas & Shrublands"
47,27,Patagonian steppe,"Temperate Grasslands, Savannas & Shrublands"
47,28,Patagonian steppe,"Temperate Grasslands, Savannas & Shrublands"
47,29,,
47,30,,
47,31,,
47,32,,
47,33,,
47,34,,
47,35,,
47,36,,
47,37,,
47,38,,
47,39,,
47,40,,
47,41,,
47,42,,
47,43,,
47,44,,
47,45,,
47,46,,
47,47,,
47,48,,
47,49,,
47,50,,
47,51,,
47,52,,
47,53,,
47,54,,
47,55,,
47,56,,
47,57,,
47,58,,
47,59,,
47,60,,
47,61,,
47,62,,
47,63,,
47,64,,
47,65,,
47,66,,
47,67,,
47,68,,
47,69,,
47,70,,
47,71,,
47,72,,
47,73,,
47,74,,
47,75,,
47,76,,
48,0,,
48,1,,
48,2,,
48,3,,
48,4,,
48,5,,
48,6,,
48,7,,
48,8,,
48,9,Magellanic subpolar forests,Temperate Broadleaf & Mixed Forests
48,10,Magellanic subpolar forests,Temperate Broadleaf & Mixed Forests
48,11,Magellanic subpolar forests,Temperate Broadleaf & Mixed Forests
48,12,Magellanic subpolar forests,Temperate Broadleaf & Mixed Forests
48,13,Magellanic subpolar forests,Temperate Broadleaf & Mixed Forests
48,14,Magellanic subpolar forests,Temperate Broadleaf & Mixed Forests
48,15,Magellanic subpolar forests,Temperate Broadleaf & Mixed Forests
48,16,Patagonian steppe,"Temperate Grasslands, Savannas & Shrublands"
48,17,Patagonian steppe,"Temperate Grasslands, Savannas & Shrublands"
48,18,Patagonian steppe,"Temperate Grasslands, Savannas & Shrublands"
48,19,Patagonian steppe,"Temperate Grasslands, Savannas & Shrublands"
48,20,Patagonian steppe,"Temperate Grasslands, Savannas & Shrublands"
48,21,Patagonian steppe,"Temperate Grasslands, Savannas & Shrublands"
48,22,Patagonian steppe,"Temperate Grasslands, Savannas & Shrublands"
48,23,Patagonian steppe,"Temperate Grasslands, Savannas & Shrublands"
48,24,Patagonian steppe,"Temperate Grasslands, Savannas & Shrublands"
48,25,Patagonian steppe,"Temperate Grasslands, Savannas & Shrublands"
48,26,Patagonian steppe,"Temperate Grasslands, Savannas & Shrublands"
48,27,Patagonian steppe,"Temperate Grasslands, Savannas & Shrublands"
48,28,Patagonian steppe,"Temperate Grasslands, Savannas & Shrublands"
48,29,Patagonian steppe,"Temperate Grasslands, Savannas & Shrublands"
48,30,Patagonian steppe,"Temperate Grasslands, Savannas & Shrublands"
48,31,,
48,32,,
48,33,,
48,34,,
48,35,,
48,36,,
48,37,,
48,38,,
48,39,,
48,40,,
48,41,,
48,42,,
48,43,,
48,44,,
48,45,,
48,46,,
48,47,,
48,48,,
48,49,,
48,50,,
48,51,,
48,52,,
48,53,,
48,54,,
48,55,,
48,56,,
48,57,,
48,58,,
48,59,,
48,60,,
48,61,,
48,62,,
48,63,,
48,64,,
48,65,,
48,66,,
48,67,,
48,68,,
48,69,,
48,70,,
48,71,,
48,72,,
48,73,,
48,74,,
48,75,,
48,76,,
49,0,,
49,1,,
49,2,,
49,3,,
49,4,,
49,5,,
49,6,,
49,7,,
49,8,,
49,9,,
49,10,,
49,11,Magellanic subpolar forests,Temperate Broadleaf & Mixed Forests
49,12,Magellanic subpolar forests,Temperate Broadleaf & Mixed Forests
49,13,Patagonian steppe,"Temperate Grasslands, Savannas & Shrublands"
49,14,Magellanic subpolar forests,Temperate Broadleaf & Mixed Forests
49,15,Magellanic subpolar forests,Temperate Broadleaf & Mixed Forests
49,16,Magellanic subpolar forests,Temperate Broadleaf & Mixed Forests
49,17,Patagonian steppe,"Temperate Grasslands, Savannas & Shrublands"
49,18,Patagonian steppe,"Temperate Grasslands, Savannas & Shrublands"
49,19,Patagonian steppe,"Temperate Grasslands, Savannas & Shrublands"
49,20,Patagonian steppe,"Temperate Grasslands, Savannas & Shrublands"
49,21,Patagonian steppe,"Temperate Grasslands, Savannas & Shrublands"
49,22,Patagonian steppe,"Temperate Grasslands, Savannas & Shrublands"
49,23,Patagonian steppe,"Temperate Grasslands, Savannas & Shrublands"
49,24,Patagonian steppe,"Temperate Grasslands, Savannas & Shrublands"
49,25,Patagonian steppe,"Temperate Grasslands, Savannas & Shrublands"
49,26,Patagonian steppe,"Temperate Grasslands, Savannas & Shrublands"
49,27,Patagonian steppe,"Temperate Grasslands, Savannas & Shrublands"
49,28,Patagonian steppe,"Temperate Grasslands, Savannas & Shrublands"
49,29,Patagonian steppe,"Temperate Grasslands, Savannas & Shrublands"
49,30,Patagonian steppe,"Temperate Grasslands, Savannas & Shrublands"
49,31,,
49,32,,
49,33,,
49,34,,
49,35,,
49,36,,
49,37,,
49,38,,
49,39,,
49,40,,
49,41,,
49,42,,
49,43,,
49,44,,
49,45,,
49,46,,
49,47,,
49,48,,
49,49,,
49,50,,
49,51,,
49,52,,
49,53,,
49,54,,
49,55,,
49,56,,
49,57,,
49,58,,
49,59,,
49,60,,
49,61,,
49,62,,
49,63,,
49,64,,
49,65,,
49,66,,
49,67,,
49,68,,
49,69,,
49,70,,
49,71,,
49,72,,
49,73,,
49,74,,
49,75,,
49,76,,
50,0,,
50,1,,
50,2,,
50,3,,
50,4,,
50,5,,
50,6,,
50,7,,
50,8,,
50,9,,
50,10,,
50,11,Magellanic subpolar forests,Temperate Broadleaf & Mixed Forests
50,12,Rock and Ice,N/A
50,13,Patagonian steppe,"Temperate Grasslands, Savannas & Shrublands"
50,14,Magellanic subpolar forests,Temperate Broadleaf & Mixed Forests
50,15,Magellanic subpolar forests,Temperate Broadleaf & Mixed Forests
50,16,Magellanic subpolar forests,Temperate Broadleaf & Mixed Forests
50,17,Patagonian steppe,"Temperate Grasslands, Savannas & Shrublands"
50,18,Patagonian steppe,"Temperate Grasslands, Savannas & Shrublands"
50,19,Patagonian steppe,"Temperate Grasslands, Savannas & Shrublands"
50,20,Patagonian steppe,"Temperate Grasslands, Savannas & Shrublands"
50,21,Patagonian steppe,"Temperate Grasslands, Savannas & Shrublands"
50,22,Patagonian steppe,"Temperate Grasslands, Savannas & Shrublands"
50,23,Patagonian steppe,"Temperate Grasslands, Savannas & Shrublands"
50,24,Patagonian steppe,"Temperate Grasslands, Savannas & Shrublands"
50,25,Patagonian steppe,"Temperate Grasslands, Savannas & Shrublands"
50,26,Patagonian steppe,"Temperate Grasslands, Savannas & Shrublands"
50,27,Patagonian steppe,"Temperate Grasslands, Savannas & Shrublands"
50,28,Patagonian steppe,"Temperate Grasslands, Savannas & Shrublands"
50,29,Patagonian steppe,"Temperate Grasslands, Savannas & Shrublands"
50,30,Patagonian steppe,"Temperate Grasslands, Savannas & Shrublands"
50,31,Patagonian steppe,"Temperate Grasslands, Savannas & Shrublands"
50,32,,
50,33,,
50,34,,
50,35,,
50,36,,
50,37,,
50,38,,
50,39,,
50,40,,
50,41,,
50,42,,
50,43,,
50,44,,
50,45,,
50,46,,
50,47,,
50,48,,
50,49,,
50,50,,
50,51,,
50,52,,
50,53,,
50,54,,
50,55,,
50,56,,
50,57,,
50,58,,
50,59,,
50,60,,
50,61,,
50,62,,
50,63,,
50,64,,
50,65,,
50,66,,
50,67,,
50,68,,
50,69,,
50,70,,
50,71,,
50,72,,
50,73,,
50,74,,
50,75,,
50,76,,
51,0,,
51,1,,
51,2,,
51,3,,
51,4,,
51,5,,
51,6,,
51,7,,
51,8,Valdivian temperate forests,Temperate Broadleaf & Mixed Forests
51,9,,
51,10,,
51,11,,
51,12,Rock and Ice,N/A
51,13,Rock and Ice,N/A
51,14,Magellanic subpolar forests,Temperate Broadleaf & Mixed Forests
51,15,Magellanic subpolar forests,Temperate Broadleaf & Mixed Forests
51,16,Magellanic subpolar forests,Temperate Broadleaf & Mixed Forests
51,17,Patagonian steppe,"Temperate Grasslands, Savannas & Shrublands"
51,18,Patagonian steppe,"Temperate Grasslands, Savannas & Shrublands"
51,19,Patagonian steppe,"Temperate Grasslands, Savannas & Shrublands"
51,20,Patagonian steppe,"Temperate Grasslands, Savannas & Shrublands"
51,21,Patagonian steppe,"Temperate Grasslands, Savannas & Shrublands"
51,22,Patagonian steppe,"Temperate Grasslands, Savannas & Shrublands"
51,23,Patagonian steppe,"Temperate Grasslands, Savannas & Shrublands"
51,24,Patagonian steppe,"Temperate Grasslands, Savannas & Shrublands"
51,25,Patagonian steppe,"Temperate Grasslands, Savannas & Shrublands"
51,26,Patagonian steppe,"Temperate Grasslands, Savannas & Shrublands"
51,27,Patagonian steppe,"Temperate Grasslands, Savannas & Shrublands"
51,28,Patagonian steppe,"Temperate Grasslands, Savannas & Shrublands"
51,29,Patagonian steppe,"Temperate Grasslands, Savannas & Shrublands"
51,30,Patagonian steppe,"Temperate Grasslands, Savannas & Shrublands"
51,31,Patagonian steppe,"Temperate Grasslands, Savannas & Shrublands"
51,32,,
51,33,,
51,34,,
51,35,,
51,36,,
51,37,,
51,38,,
51,39,,
51,40,,
51,41,,
51,42,,
51,43,,
51,44,,
51,45,,
51,46,,
51,47,,
51,48,,
51,49,,
51,50,,
51,51,,
51,52,,
51,53,,
51,54,,
51,55,,
51,56,,
51,57,,
51,58,,
51,59,,
51,60,,
51,61,,
51,62,,
51,63,,
51,64,,
51,65,,
51,66,,
51,67,,
51,68,,
51,69,,
51,70,,
51,71,,
51,72,,
51,73,,
51,74,,
51,75,,
51,76,,
52,0,,
52,1,,
52,2,,
52,3,,
52,4,,
52,5,,
52,6,,
52,7,,
52,8,Valdivian temperate forests,Temperate Broadleaf & Mixed Forests
52,9,Valdivian temperate forests,Temperate Broadleaf & Mixed Forests
52,10,Valdivian temperate forests,Temperate Broadleaf & Mixed Forests
52,11,Valdivian temperate forests,Temperate Broadleaf & Mixed Forests
52,12,Rock and Ice,N/A
52,13,Patagonian steppe,"Temperate Grasslands, Savannas & Shrublands"
52,14,Magellanic subpolar forests,Temperate Broadleaf & Mixed Forests
52,15,Magellanic subpolar forests,Temperate Broadleaf & Mixed Forests
52,16,Patagonian steppe,"Temperate Grasslands, Savannas & Shrublands"
52,17,Patagonian steppe,"Temperate Grasslands, Savannas & Shrublands"
52,18,Patagonian steppe,"Temperate Grasslands, Savannas & Shrublands"
52,19,Patagonian steppe,"Temperate Grasslands, Savannas & Shrublands"
52,20,Patagonian steppe,"Temperate Grasslands, Savannas & Shrublands"
52,21,Patagonian steppe,"Temperate Grasslands, Savannas & Shrublands"
52,22,Patagonian steppe,"Temperate Grasslands, Savannas & Shrublands"
52,23,Patagonian steppe,"Temperate Grasslands, Savannas & Shrublands"
52,24,Patagonian steppe,"Temperate Grasslands, Savannas & Shrublands"
52,25,Patagonian steppe,"Temperate Grasslands, Savannas & Shrublands"
52,26,Patagonian steppe,"Temperate Grasslands, Savannas & Shrublands"
52,27,Patagonian steppe,"Temperate Grasslands, Savannas & Shrublands"
52,28,Patagonian steppe,"Temperate Grasslands, Savannas & Shrublands"
52,29,Patagonian steppe,"Temperate Grasslands, Savannas & Shrublands"
52,30,Patagonian steppe,"Temperate Grasslands, Savannas & Shrublands"
52,31,Patagonian steppe,"Temperate Grasslands, Savannas & Shrublands"
52,32,,
52,33,,
52,34,,
52,35,,
52,36,,
52,37,,
52,38,,
52,39,,
52,40,,
52,41,,
52,42,,
52,43,,
52,44,,
52,45,,
52,46,,
52,47,,
52,48,,
52,49,,
52,50,,
52,51,,
52,52,,
52,53,,
52,54,,
52,55,,
52,56,,
52,57,,
52,58,,
52,59,,
52,60,,
52,61,,
52,62,,
52,63,,
52,64,,
52,65,,
52,66,,
52,67,,
52,68,,
52,69,,
52,70,,
52,71,,
52,72,,
52,73,,
52,74,,
52,75,,
52,76,,
53,0,,
53,1,,
53,2,,
53,3,,
53,4,,
53,5,,
53,6,,
53,7,,
53,8,,
53,9,Valdivian temperate forests,Temperate Broadleaf & Mixed Forests
53,10,Valdivian temperate forests,Temperate Broadleaf & Mixed Forests
53,11,Valdivian temperate forests,Temperate Broadleaf & Mixed Forests
53,12,Valdivian temperate forests,Temperate Broadleaf & Mixed Forests
53,13,Patagonian steppe,"Temperate Grasslands, Savannas & Shrublands"
53,14,Magellanic subpolar forests,Temperate Broadleaf & Mixed Forests
53,15,Magellanic subpolar forests,Temperate Broadleaf & Mixed Forests
53,16,Patagonian steppe,"Temperate Grasslands, Savannas & Shrublands"
53,17,Patagonian steppe,"Temperate Grasslands, Savannas & Shrublands"
53,18,Patagonian steppe,"Temperate Grasslands, Savannas & Shrublands"
53,19,Patagonian steppe,"Temperate Grasslands, Savannas & Shrublands"
53,20,Patagonian steppe,"Temperate Grasslands, Savannas & Shrublands"
53,21,Patagonian steppe,"Temperate Grasslands, Savannas & Shrublands"
53,22,Patagonian steppe,"Temperate Grasslands, Savannas & Shrublands"
53,23,Patagonian steppe,"Temperate Grasslands, Savannas & Shrublands"
53,24,Patagonian steppe,"Temperate Grasslands, Savannas & Shrublands"
53,25,Patagonian steppe,"Temperate Grasslands, Savannas & Shrublands"
53,26,Patagonian steppe,"Temperate Grasslands, Savannas & Shrublands"
53,27,Patagonian steppe,"Temperate Grasslands, Savannas & Shrublands"
53,28,Patagonian steppe,"Temperate Grasslands, Savannas & Shrublands"
53,29,,
53,30,,
53,31,,
53,32,,
53,33,,
53,34,,
53,35,,
53,36,,
53,37,,
53,38,,
53,39,,
53,40,,
53,41,,
53,42,,
53,43,,
53,44,,
53,45,,
53,46,,
53,47,,
53,48,,
53,49,,
53,50,,
53,51,,
53,52,,
53,53,,
53,54,,
53,55,,
53,56,,
53,57,,
53,58,,
53,59,,
53,60,,
53,61,,
53,62,,
53,63,,
53,64,,
53,65,,
53,66,,
53,67,,
53,68,,
53,69,,
53,70,,
53,71,,
53,72,,
53,73,,
53,74,,
53,75,,
53,76,,
54,0,,
54,1,,
54,2,,
54,3,,
54,4,,
54,5,,
54,6,,
54,7,,
54,8,,
54,9,Valdivian temperate forests,Temperate Broadleaf & Mixed Forests
54,10,Valdivian temperate forests,Temperate Broadleaf & Mixed Forests
54,11,Valdivian temperate forests,Temperate Broadleaf & Mixed Forests
54,12,,
54,13,Patagonian steppe,"Temperate Grasslands, Savannas & Shrublands"
54,14,Patagonian steppe,"Temperate Grasslands, Savannas & Shrublands"
54,15,Magellanic subpolar forests,Temperate Broadleaf & Mixed Forests
54,16,Patagonian steppe,"Temperate Grasslands, Savannas & Shrublands"
54,17,Patagonian steppe,"Temperate Grasslands, Savannas & Shrublands"
54,18,Patagonian steppe,"Temperate Grasslands, Savannas & Shrublands"
54,19,Patagonian steppe,"Temperate Grasslands, Savannas & Shrublands"
54,20,Patagonian steppe,"Temperate Grasslands, Savannas & Shrublands"
54,21,Patagonian steppe,"Temperate Grasslands, Savannas & Shrublands"
54,22,Patagonian steppe,"Temperate Grasslands, Savannas & Shrublands"
54,23,Patagonian steppe,"Temperate Grasslands, Savannas & Shrublands"
54,24,Patagonian steppe,"Temperate Grasslands, Savannas & Shrublands"
54,25,Patagonian steppe,"Temperate Grasslands, Savannas & Shrublands"
54,26,Patagonian steppe,"Temperate Grasslands, Savannas & Shrublands"
54,27,Patagonian steppe,"Temperate Grasslands, Savannas & Shrublands"
54,28,,
54,29,,
54,30,,
54,31,,
54,32,,
54,33,,
54,34,,
54,35,,
54,36,,
54,37,,
54,38,,
54,39,,
54,40,,
54,41,,
54,42,,
54,43,,
54,44,,
54,45,,
54,46,,
54,47,,
54,48,,
54,49,,
54,50,,
54,51,,
54,52,,
54,53,,
54,54,,
54,55,,
54,56,,
54,57,,
54,58,,
54,59,,
54,60,,
54,61,,
54,62,,
54,63,,
54,64,,
54,65,,
54,66,,
54,67,,
54,68,,
54,69,,
54,70,,
54,71,,
54,72,,
54,73,,
54,74,,
54,75,,
54,76,,
55,0,,
55,1,,
55,2,,
55,3,,
55,4,,
55,5,,
55,6,,
55,7,,
55,8,,
55,9,,
55,10,,
55,11,Valdivian temperate forests,Temperate Broadleaf & Mixed Forests
55,12,Valdivian temperate forests,Temperate Broadleaf & Mixed Forests
55,13,Valdivian temperate forests,Temperate Broadleaf & Mixed Forests
55,14,Patagonian steppe,"Temperate Grasslands, Savannas & Shrublands"
55,15,Valdivian temperate forests,Temperate Broadleaf & Mixed Forests
55,16,Valdivian temperate forests,Temperate Broadleaf & Mixed Forests
55,17,Patagonian steppe,"Temperate Grasslands, Savannas & Shrublands"
55,18,Patagonian steppe,"Temperate Grasslands, Savannas & Shrublands"
55,19,Patagonian steppe,"Temperate Grasslands, Savannas & Shrublands"
55,20,Patagonian steppe,"Temperate Grasslands, Savannas & Shrublands"
55,21,Patagonian steppe,"Temperate Grasslands, Savannas & Shrublands"
55,22,Patagonian steppe,"Temperate Grasslands, Savannas & Shrublands"
55,23,Patagonian steppe,"Temperate Grasslands, Savannas & Shrublands"
55,24,Patagonian steppe,"Temperate Grasslands, Savannas & Shrublands"
55,25,Patagonian steppe,"Temperate Grasslands, Savannas & Shrublands"
55,26,Patagonian steppe,"Temperate Grasslands, Savannas & Shrublands"
55,27,,
55,28,,
55,29,,
55,30,,
55,31,,
55,32,,
55,33,,
55,34,,
55,35,,
55,36,,
55,37,,
55,38,,
55,39,,
55,40,,
55,41,,
55,42,,
55,43,,
55,44,,
55,45,,
55,46,,
55,47,,
55,48,,
55,49,,
55,50,,
55,51,,
55,52,,
55,53,,
55,54,,
55,55,,
55,56,,
55,57,,
55,58,,
55,59,,
55,60,,
55,61,,
55,62,,
55,63,,
55,64,,
55,65,,
55,66,,
55,67,,
55,68,,
55,69,,
55,70,,
55,71,,
55,72,,
55,73,,
55,74,,
55,75,,
55,76,,
56,0,,
56,1,,
56,2,,
56,3,,
56,4,,
56,5,,
56,6,,
56,7,,
56,8,,
56,9,,
56,10,Valdivian temperate forests,Temperate Broadleaf & Mixed Forests
56,11,,
56,12,Valdivian temperate forests,Temperate Broadleaf & Mixed Forests
56,13,Valdivian temperate forests,Temperate Broadleaf & Mixed Forests
56,14,Valdivian temperate forests,Temperate Broadleaf & Mixed Forests
56,15,Valdivian temperate forests,Temperate Broadleaf & Mixed Forests
56,16,Valdivian temperate forests,Temperate Broadleaf & Mixed Forests
56,17,Patagonian steppe,"Temperate Grasslands, Savannas & Shrublands"
56,18,Patagonian steppe,"Temperate Grasslands, Savannas & Shrublands"
56,19,Patagonian steppe,"Temperate Grasslands, Savannas & Shrublands"
56,20,Patagonian steppe,"Temperate Grasslands, Savannas & Shrublands"
56,21,Patagonian steppe,"Temperate Grasslands, Savannas & Shrublands"
56,22,Patagonian steppe,"Temperate Grasslands, Savannas & Shrublands"
56,23,Patagonian steppe,"Temperate Grasslands, Savannas & Shrublands"
56,24,Patagonian steppe,"Temperate Grasslands, Savannas & Shrublands"
56,25,Patagonian steppe,"Temperate Grasslands, Savannas & Shrublands"
56,26,Patagonian steppe,"Temperate Grasslands, Savannas & Shrublands"
56,27,,
56,28,,
56,29,,
56,30,,
56,31,,
56,32,,
56,33,,
56,34,,
56,35,,
56,36,,
56,37,,
56,38,,
56,39,,
56,40,,
56,41,,
56,42,,
56,43,,
56,44,,
56,45,,
56,46,,
56,47,,
56,48,,
56,49,,
56,50,,
56,51,,
56,52,,
56,53,,
56,54,,
56,55,,
56,56,,
56,57,,
56,58,,
56,59,,
56,60,,
56,61,,
56,62,,
56,63,,
56,64,,
56,65,,
56,66,,
56,67,,
56,68,,
56,69,,
56,70,,
56,71,,
56,72,,
56,73,,
56,74,,
56,75,,
56,76,,
57,0,,
57,1,,
57,2,,
57,3,,
57,4,,
57,5,,
57,6,,
57,7,,
57,8,,
57,9,,
57,10,,
57,11,,
57,12,Valdivian temperate forests,Temperate Broadleaf & Mixed Forests
57,13,,
57,14,Valdivian temperate forests,Temperate Broadleaf & Mixed Forests
57,15,Valdivian temperate forests,Temperate Broadleaf & Mixed Forests
57,16,Valdivian temperate forests,Temperate Broadleaf & Mixed Forests
57,17,Patagonian steppe,"Temperate Grasslands, Savannas & Shrublands"
57,18,Patagonian steppe,"Temperate Grasslands, Savannas & Shrublands"
57,19,Patagonian steppe,"Temperate Grasslands, Savannas & Shrublands"
57,20,Patagonian steppe,"Temperate Grasslands, Savannas & Shrublands"
57,21,Patagonian steppe,"Temperate Grasslands, Savannas & Shrublands"
57,22,Patagonian steppe,"Temperate Grasslands, Savannas & Shrublands"
57,23,Patagonian steppe,"Temperate Grasslands, Savannas & Shrublands"
57,24,Patagonian steppe,"Temperate Grasslands, Savannas & Shrublands"
57,25,Patagonian steppe,"Temperate Grasslands, Savannas & Shrublands"
57,26,Patagonian steppe,"Temperate Grasslands, Savannas & Shrublands"
57,27,Patagonian steppe,"Temperate Grasslands, Savannas & Shrublands"
57,28,,
57,29,,
57,30,,
57,31,,
57,32,,
57,33,,
57,34,,
57,35,,
57,36,,
57,37,,
57,38,,
57,39,,
57,40,,
57,41,,
57,42,,
57,43,,
57,44,,
57,45,,
57,46,,
57,47,,
57,48,,
57,49,,
57,50,,
57,51,,
57,52,,
57,53,,
57,54,,
57,55,,
57,56,,
57,57,,
57,58,,
57,59,,
57,60,,
57,61,,
57,62,,
57,63,,
57,64,,
57,65,,
57,66,,
57,67,,
57,68,,
57,69,,
57,70,,
57,71,,
57,72,,
57,73,,
57,74,,
57,75,,
57,76,,
58,0,,
58,1,,
58,2,,
58,3,,
58,4,,
58,5,,
58,6,,
58,7,,
58,8,,
58,9,,
58,10,Valdivian temperate forests,Temperate Broadleaf & Mixed Forests
58,11,,
58,12,,
58,13,Valdivian temperate forests,Temperate Broadleaf & Mixed Forests
58,14,Valdivian temperate forests,Temperate Broadleaf & Mixed Forests
58,15,Valdivian temperate forests,Temperate Broadleaf & Mixed Forests
58,16,Valdivian temperate forests,Temperate Broadleaf & Mixed Forests
58,17,Patagonian steppe,"Temperate Grasslands, Savannas & Shrublands"
58,18,Patagonian steppe,"Temperate Grasslands, Savannas & Shrublands"
58,19,Patagonian steppe,"Temperate Grasslands, Savannas & Shrublands"
58,20,Patagonian steppe,"Temperate Grasslands, Savannas & Shrublands"
58,21,Patagonian steppe,"Temperate Grasslands, Savannas & Shrublands"
58,22,Patagonian steppe,"Temperate Grasslands, Savannas & Shrublands"
58,23,Patagonian steppe,"Temperate Grasslands, Savannas & Shrublands"
58,24,Patagonian steppe,"Temperate Grasslands, Savannas & Shrublands"
58,25,Patagonian steppe,"Temperate Grasslands, Savannas & Shrublands"
58,26,Patagonian steppe,"Temperate Grasslands, Savannas & Shrublands"
58,27,Patagonian steppe,"Temperate Grasslands, Savannas & Shrublands"
58,28,,
58,29,,
58,30,,
58,31,,
58,32,,
58,33,,
58,34,,
58,35,,
58,36,,
58,37,,
58,38,,
58,39,,
58,40,,
58,41,,
58,42,,
58,43,,
58,44,,
58,45,,
58,46,,
58,47,,
58,48,,
58,49,,
58,50,,
58,51,,
58,52,,
58,53,,
58,54,,
58,55,,
58,56,,
58,57,,
58,58,,
58,59,,
58,60,,
58,61,,
58,62,,
58,63,,
58,64,,
58,65,,
58,66,,
58,67,,
58,68,,
58,69,,
58,70,,
58,71,,
58,72,,
58,73,,
58,74,,
58,75,,
58,76,,
59,0,,
59,1,,
59,2,,
59,3,,
59,4,,
59,5,,
59,6,,
59,7,,
59,8,,
59,9,,
59,10,,
59,11,Valdivian temperate forests,Temperate Broadleaf & Mixed Forests
59,12,Valdivian temperate forests,Temperate Broadleaf & Mixed Forests
59,13,Valdivian temperate forests,Temperate Broadleaf & Mixed Forests
59,14,Valdivian temperate forests,Temperate Broadleaf & Mixed Forests
59,15,Valdivian temperate forests,Temperate Broadleaf & Mixed Forests
59,16,Valdivian temperate forests,Temperate Broadleaf & Mixed Forests
59,17,Patagonian steppe,"Temperate Grasslands, Savannas & Shrublands"
59,18,Patagonian steppe,"Temperate Grasslands, Savannas & Shrublands"
59,19,Patagonian steppe,"Temperate Grasslands, Savannas & Shrublands"
59,20,Patagonian steppe,"Temperate Grasslands, Savannas & Shrublands"
59,21,Patagonian steppe,"Temperate Grasslands, Savannas & Shrublands"
59,22,Patagonian steppe,"Temperate Grasslands, Savannas & Shrublands"
59,23,Patagonian steppe,"Temperate Grasslands, Savannas & Shrublands"
59,24,Patagonian steppe,"Temperate Grasslands, Savannas & Shrublands"
59,25,Patagonian steppe,"Temperate Grasslands, Savannas & Shrublands"
59,26,Patagonian steppe,"Temperate Grasslands, Savannas & Shrublands"
59,27,Patagonian steppe,"Temperate Grasslands, Savannas & Shrublands"
59,28,Patagonian steppe,"Temperate Grasslands, Savannas & Shrublands"
59,29,,
59,30,,
59,31,,
59,32,,
59,33,,
59,34,,
59,35,,
59,36,,
59,37,,
59,38,,
59,39,,
59,40,,
59,41,,
59,42,,
59,43,,
59,44,,
59,45,,
59,46,,
59,47,,
59,48,,
59,49,,
59,50,,
59,51,,
59,52,,
59,53,,
59,54,,
59,55,,
59,56,,
59,57,,
59,58,,
59,59,,
59,60,,
59,61,,
59,62,,
59,63,,
59,64,,
59,65,,
59,66,,
59,67,,
59,68,,
59,69,,
59,70,,
59,71,,
59,72,,
59,73,,
59,74,,
59,75,,
59,76,,
60,0,,
60,1,,
60,2,,
60,3,,
60,4,,
60,5,,
60,6,,
60,7,,
60,8,,
60,9,Valdivian temperate forests,Temperate Broadleaf & Mixed Forests
60,10,,
60,11,Valdivian temperate forests,Temperate Broadleaf & Mixed Forests
60,12,Valdivian temperate forests,Temperate Broadleaf & Mixed Forests
60,13,Valdivian temperate forests,Temperate Broadleaf & Mixed Forests
60,14,Valdivian temperate forests,Temperate Broadleaf & Mixed Forests
60,15,Valdivian temperate forests,Temperate Broadleaf & Mixed Forests
60,16,Valdivian temperate forests,Temperate Broadleaf & Mixed Forests
60,17,Valdivian temperate forests,Temperate Broadleaf & Mixed Forests
60,18,Patagonian steppe,"Temperate Grasslands, Savannas & Shrublands"
60,19,Patagonian steppe,"Temperate Grasslands, Savannas & Shrublands"
60,20,Patagonian steppe,"Temperate Grasslands, Savannas & Shrublands"
60,21,Patagonian steppe,"Temperate Grasslands, Savannas & Shrublands"
60,22,Patagonian steppe,"Temperate Grasslands, Savannas & Shrublands"
60,23,Patagonian steppe,"Temperate Grasslands, Savannas & Shrublands"
60,24,Patagonian steppe,"Temperate Grasslands, Savannas & Shrublands"
60,25,Patagonian steppe,"Temperate Grasslands, Savannas & Shrublands"
60,26,Patagonian steppe,"Temperate Grasslands, Savannas & Shrublands"
60,27,Patagonian steppe,"Temperate Grasslands, Savannas & Shrublands"
60,28,Patagonian steppe,"Temperate Grasslands, Savannas & Shrublands"
60,29,Patagonian steppe,"Temperate Grasslands, Savannas & Shrublands"
60,30,Patagonian steppe,"Temperate Grasslands, Savannas & Shrublands"
60,31,Patagonian steppe,"Temperate Grasslands, Savannas & Shrublands"
60,32,,
60,33,,
60,34,,
60,35,,
60,36,,
60,37,,
60,38,,
60,39,,
60,40,,
60,41,,
60,42,,
60,43,,
60,44,,
60,45,,
60,46,,
60,47,,
60,48,,
60,49,,
60,50,,
60,51,,
60,52,,
60,53,,
60,54,,
60,55,,
60,56,,
60,57,,
60,58,,
60,59,,
60,60,,
60,61,,
60,62,,
60,63,,
60,64,,
60,65,,
60,66,,
60,67,,
60,68,,
60,69,,
60,70,,
60,71,,
60,72,,
60,73,,
60,74,,
60,75,,
60,76,,
61,0,,
61,1,,
61,2,,
61,3,,
61,4,,
61,5,,
61,6,,
61,7,,
61,8,,
61,9,,
61,10,Valdivian temperate forests,Temperate Broadleaf & Mixed Forests
61,11,,
61,12,,
61,13,Valdivian temperate forests,Temperate Broadleaf & Mixed Forests
61,14,Valdivian temperate forests,Temperate Broadleaf & Mixed Forests
61,15,Valdivian temperate forests,Temperate Broadleaf & Mixed Forests
61,16,Valdivian temperate forests,Temperate Broadleaf & Mixed Forests
61,17,Patagonian steppe,"Temperate Grasslands, Savannas & Shrublands"
61,18,Patagonian steppe,"Temperate Grasslands, Savannas & Shrublands"
61,19,Patagonian steppe,"Temperate Grasslands, Savannas & Shrublands"
61,20,Patagonian steppe,"Temperate Grasslands, Savannas & Shrublands"
61,21,Patagonian steppe,"Temperate Grasslands, Savannas & Shrublands"
61,22,Patagonian steppe,"Temperate Grasslands, Savannas & Shrublands"
61,23,Patagonian steppe,"Temperate Grasslands, Savannas & Shrublands"
61,24,Patagonian steppe,"Temperate Grasslands, Savannas & Shrublands"
61,25,Patagonian steppe,"Temperate Grasslands, Savannas & Shrublands"
61,26,Patagonian steppe,"Temperate Grasslands, Savannas & Shrublands"
61,27,Patagonian steppe,"Temperate Grasslands, Savannas & Shrublands"
61,28,Patagonian steppe,"Temperate Grasslands, Savannas & Shrublands"
61,29,Patagonian steppe,"Temperate Grasslands, Savannas & Shrublands"
61,30,Patagonian steppe,"Temperate Grasslands, Savannas & Shrublands"
61,31,Patagonian steppe,"Temperate Grasslands, Savannas & Shrublands"
61,32,,
61,33,,
61,34,,
61,35,,
61,36,,
61,37,,
61,38,,
61,39,,
61,40,,
61,41,,
61,42,,
61,43,,
61,44,,
61,45,,
61,46,,
61,47,,
61,48,,
61,49,,
61,50,,
61,51,,
61,52,,
61,53,,
61,54,,
61,55,,
61,56,,
61,57,,
61,58,,
61,59,,
61,60,,
61,61,,
61,62,,
61,63,,
61,64,,
61,65,,
61,66,,
61,67,,
61,68,,
61,69,,
61,70,,
61,71,,
61,72,,
61,73,,
61,74,,
61,75,,
61,76,,
62,0,,
62,1,,
62,2,,
62,3,,
62,4,,
62,5,,
62,6,,
62,7,,
62,8,,
62,9,,
62,10,,
62,11,,
62,12,Valdivian temperate forests,Temperate Broadleaf & Mixed Forests
62,13,Valdivian temperate forests,Temperate Broadleaf & Mixed Forests
62,14,Valdivian temperate forests,Temperate Broadleaf & Mixed Forests
62,15,Valdivian temperate forests,Temperate Broadleaf & Mixed Forests
62,16,Valdivian temperate forests,Temperate Broadleaf & Mixed Forests
62,17,Patagonian steppe,"Temperate Grasslands, Savannas & Shrublands"
62,18,Patagonian steppe,"Temperate Grasslands, Savannas & Shrublands"
62,19,Patagonian steppe,"Temperate Grasslands, Savannas & Shrublands"
62,20,Patagonian steppe,"Temperate Grasslands, Savannas & Shrublands"
62,21,Patagonian steppe,"Temperate Grasslands, Savannas & Shrublands"
62,22,Patagonian steppe,"Temperate Grasslands, Savannas & Shrublands"
62,23,Patagonian steppe,"Temperate Grasslands, Savannas & Shrublands"
62,24,Patagonian steppe,"Temperate Grasslands, Savannas & Shrublands"
62,25,Patagonian steppe,"Temperate Grasslands, Savannas & Shrublands"
62,26,Patagonian steppe,"Temperate Grasslands, Savannas & Shrublands"
62,27,Patagonian steppe,"Temperate Grasslands, Savannas & Shrublands"
62,28,Patagonian steppe,"Temperate Grasslands, Savannas & Shrublands"
62,29,Patagonian steppe,"Temperate Grasslands, Savannas & Shrublands"
62,30,Patagonian steppe,"Temperate Grasslands, Savannas & Shrublands"
62,31,Patagonian steppe,"Temperate Grasslands, Savannas & Shrublands"
62,32,Patagonian steppe,"Temperate Grasslands, Savannas & Shrublands"
62,33,,
62,34,,
62,35,,
62,36,,
62,37,,
62,38,,
62,39,,
62,40,,
62,41,,
62,42,,
62,43,,
62,44,,
62,45,,
62,46,,
62,47,,
62,48,,
62,49,,
62,50,,
62,51,,
62,52,,
62,53,,
62,54,,
62,55,,
62,56,,
62,57,,
62,58,,
62,59,,
62,60,,
62,61,,
62,62,,
62,63,,
62,64,,
62,65,,
62,66,,
62,67,,
62,68,,
62,69,,
62,70,,
62,71,,
62,72,,
62,73,,
62,74,,
62,75,,
62,76,,
63,0,,
63,1,,
63,2,,
63,3,,
63,4,,
63,5,,
63,6,,
63,7,,
63,8,,
63,9,,
63,10,,
63,11,,
63,12,,
63,13,Valdivian temperate forests,Temperate Broadleaf & Mixed Forests
63,14,Valdivian temperate forests,Temperate Broadleaf & Mixed Forests
63,15,Valdivian temperate forests,Temperate Broadleaf & Mixed Forests
63,16,Valdivian temperate forests,Temperate Broadleaf & Mixed Forests
63,17,Patagonian steppe,"Temperate Grasslands, Savannas & Shrublands"
63,18,Patagonian steppe,"Temperate Grasslands, Savannas & Shrublands"
63,19,Patagonian steppe,"Temperate Grasslands, Savannas & Shrublands"
63,20,Patagonian steppe,"Temperate Grasslands, Savannas & Shrublands"
63,21,Patagonian steppe,"Temperate Grasslands, Savannas & Shrublands"
63,22,Patagonian steppe,"Temperate Grasslands, Savannas & Shrublands"
63,23,Patagonian steppe,"Temperate Grasslands, Savannas & Shrublands"
63,24,Patagonian steppe,"Temperate Grasslands, Savannas & Shrublands"
63,25,Patagonian steppe,"Temperate Grasslands, Savannas & Shrublands"
63,26,Patagonian steppe,"Temperate Grasslands, Savannas & Shrublands"
63,27,Patagonian steppe,"Temperate Grasslands, Savannas & Shrublands"
63,28,Low Monte,"Temperate Grasslands, Savannas & Shrublands"
63,29,Low Monte,"Temperate Grasslands, Savannas & Shrublands"
63,30,Patagonian steppe,"Temperate Grasslands, Savannas & Shrublands"
63,31,Patagonian steppe,"Temperate Grasslands, Savannas & Shrublands"
63,32,Patagonian steppe,"Temperate Grasslands, Savannas & Shrublands"
63,33,,
63,34,,
63,35,,
63,36,,
63,37,,
63,38,,
63,39,,
63,40,,
63,41,,
63,42,,
63,43,,
63,44,,
63,45,,
63,46,,
63,47,,
63,48,,
63,49,,
63,50,,
63,51,,
63,52,,
63,53,,
63,54,,
63,55,,
63,56,,
63,57,,
63,58,,
63,59,,
63,60,,
63,61,,
63,62,,
63,63,,
63,64,,
63,65,,
63,66,,
63,67,,
63,68,,
63,69,,
63,70,,
63,71,,
63,72,,
63,73,,
63,74,,
63,75,,
63,76,,
64,0,,
64,1,,
64,2,,
64,3,,
64,4,,
64,5,,
64,6,,
64,7,,
64,8,,
64,9,Valdivian temperate forests,Temperate Broadleaf & Mixed Forests
64,10,,
64,11,,
64,12,Valdivian temperate forests,Temperate Broadleaf & Mixed Forests
64,13,Valdivian temperate forests,Temperate Broadleaf & Mixed Forests
64,14,Valdivian temperate forests,Temperate Broadleaf & Mixed Forests
64,15,Valdivian temperate forests,Temperate Broadleaf & Mixed Forests
64,16,Valdivian temperate forests,Temperate Broadleaf & Mixed Forests
64,17,Patagonian steppe,"Temperate Grasslands, Savannas & Shrublands"
64,18,Patagonian steppe,"Temperate Grasslands, Savannas & Shrublands"
64,19,Patagonian steppe,"Temperate Grasslands, Savannas & Shrublands"
64,20,Patagonian steppe,"Temperate Grasslands, Savannas & Shrublands"
64,21,Patagonian steppe,"Temperate Grasslands, Savannas & Shrublands"
64,22,Patagonian steppe,"Temperate Grasslands, Savannas & Shrublands"
64,23,Patagonian steppe,"Temperate Grasslands, Savannas & Shrublands"
64,24,Patagonian steppe,"Temperate Grasslands, Savannas & Shrublands"
64,25,Patagonian steppe,"Temperate Grasslands, Savannas & Shrublands"
64,26,Patagonian steppe,"Temperate Grasslands, Savannas & Shrublands"
64,27,Low Monte,"Temperate Grasslands, Savannas & Shrublands"
64,28,Low Monte,"Temperate Grasslands, Savannas & Shrublands"
64,29,Low Monte,"Temperate Grasslands, Savannas & Shrublands"
64,30,Low Monte,"Temperate Grasslands, Savannas & Shrublands"
64,31,Patagonian steppe,"Temperate Grasslands, Savannas & Shrublands"
64,32,Patagonian steppe,"Temperate Grasslands, Savannas & Shrublands"
64,33,,
64,34,,
64,35,,
64,36,,
64,37,,
64,38,,
64,39,,
64,40,,
64,41,,
64,42,,
64,43,,
64,44,,
64,45,,
64,46,,
64,47,,
64,48,,
64,49,,
64,50,,
64,51,,
64,52,,
64,53,,
64,54,,
64,55,,
64,56,,
64,57,,
64,58,,
64,59,,
64,60,,
64,61,,
64,62,,
64,63,,
64,64,,
64,65,,
64,66,,
64,67,,
64,68,,
64,69,,
64,70,,
64,71,,
64,72,,
64,73,,
64,74,,
64,75,,
64,76,,
65,0,,
65,1,,
65,2,,
65,3,,
65,4,,
65,5,,
65,6,,
65,7,,
65,8,,
65,9,Valdivian temperate forests,Temperate Broadleaf & Mixed Forests
65,10,Valdivian temperate forests,Temperate Broadleaf & Mixed Forests
65,11,,
65,12,,
65,13,Valdivian temperate forests,Temperate Broadleaf & Mixed Forests
65,14,Valdivian temperate forests,Temperate Broadleaf & Mixed Forests
65,15,Valdivian temperate forests,Temperate Broadleaf & Mixed Forests
65,16,Valdivian temperate forests,Temperate Broadleaf & Mixed Forests
65,17,Patagonian steppe,"Temperate Grasslands, Savannas & Shrublands"
65,18,Patagonian steppe,"Temperate Grasslands, Savannas & Shrublands"
65,19,Patagonian steppe,"Temperate Grasslands, Savannas & Shrublands"
65,20,Patagonian steppe,"Temperate Grasslands, Savannas & Shrublands"
65,21,Patagonian steppe,"Temperate Grasslands, Savannas & Shrublands"
65,22,Patagonian steppe,"Temperate Grasslands, Savannas & Shrublands"
65,23,Patagonian steppe,"Temperate Grasslands, Savannas & Shrublands"
65,24,Patagonian steppe,"Temperate Grasslands, Savannas & Shrublands"
65,25,Patagonian steppe,"Temperate Grasslands, Savannas & Shrublands"
65,26,Patagonian steppe,"Temperate Grasslands, Savannas & Shrublands"
65,27,Low Monte,"Temperate Grasslands, Savannas & Shrublands"
65,28,Low Monte,"Temperate Grasslands, Savannas & Shrublands"
65,29,Low Monte,"Temperate Grasslands, Savannas & Shrublands"
65,30,Low Monte,"Temperate Grasslands, Savannas & Shrublands"
65,31,Low Monte,"Temperate Grasslands, Savannas & Shrublands"
65,32,Low Monte,"Temperate Grasslands, Savannas & Shrublands"
65,33,,
65,34,,
65,35,,
65,36,,
65,37,,
65,38,,
65,39,,
65,40,,
65,41,,
65,42,,
65,43,,
65,44,,
65,45,,
65,46,,
65,47,,
65,48,,
65,49,,
65,50,,
65,51,,
65,52,,
65,53,,
65,54,,
65,55,,
65,56,,
65,57,,
65,58,,
65,59,,
65,60,,
65,61,,
65,62,,
65,63,,
65,64,,
65,65,,
65,66,,
65,67,,
65,68,,
65,69,,
65,70,,
65,71,,
65,72,,
65,73,,
65,74,,
65,75,,
65,76,,
66,0,,
66,1,,
66,2,,
66,3,,
66,4,,
66,5,,
66,6,,
66,7,,
66,8,,
66,9,Valdivian temperate forests,Temperate Broadleaf & Mixed Forests
66,10,Valdivian temperate forests,Temperate Broadleaf & Mixed Forests
66,11,,
66,12,,
66,13,Valdivian temperate forests,Temperate Broadleaf & Mixed Forests
66,14,Valdivian temperate forests,Temperate Broadleaf & Mixed Forests
66,15,Valdivian temperate forests,Temperate Broadleaf & Mixed Forests
66,16,Valdivian temperate forests,Temperate Broadleaf & Mixed Forests
66,17,Patagonian steppe,"Temperate Grasslands, Savannas & Shrublands"
66,18,Patagonian steppe,"Temperate Grasslands, Savannas & Shrublands"
66,19,Patagonian steppe,"Temperate Grasslands, Savannas & Shrublands"
66,20,Patagonian steppe,"Temperate Grasslands, Savannas & Shrublands"
66,21,Patagonian steppe,"Temperate Grasslands, Savannas & Shrublands"
66,22,Patagonian steppe,"Temperate Grasslands, Savannas & Shrublands"
66,23,Patagonian steppe,"Temperate Grasslands, Savannas & Shrublands"
66,24,Patagonian steppe,"Temperate Grasslands, Savannas & Shrublands"
66,25,Patagonian steppe,"Temperate Grasslands, Savannas & Shrublands"
66,26,Patagonian steppe,"Temperate Grasslands, Savannas & Shrublands"
66,27,Low Monte,"Temperate Grasslands, Savannas & Shrublands"
66,28,Low Monte,"Temperate Grasslands, Savannas & Shrublands"
66,29,Low Monte,"Temperate Grasslands, Savannas & Shrublands"
66,30,Low Monte,"Temperate Grasslands, Savannas & Shrublands"
66,31,Low Monte,"Temperate Grasslands, Savannas & Shrublands"
66,32,Low Monte,"Temperate Grasslands, Savannas & Shrublands"
66,33,,
66,34,,
66,35,,
66,36,,
66,37,,
66,38,,
66,39,,
66,40,,
66,41,,
66,42,,
66,43,,
66,44,,
66,45,,
66,46,,
66,47,,
66,48,,
66,49,,
66,50,,
66,51,,
66,52,,
66,53,,
66,54,,
66,55,,
66,56,,
66,57,,
66,58,,
66,59,,
66,60,,
66,61,,
66,62,,
66,63,,
66,64,,
66,65,,
66,66,,
66,67,,
66,68,,
66,69,,
66,70,,
66,71,,
66,72,,
66,73,,
66,74,,
66,75,,
66,76,,
67,0,,
67,1,,
67,2,,
67,3,,
67,4,,
67,5,,
67,6,,
67,7,,
67,8,,
67,9,Valdivian temperate forests,Temperate Broadleaf & Mixed Forests
67,10,,
67,11,,
67,12,,
67,13,Valdivian temperate forests,Temperate Broadleaf & Mixed Forests
67,14,Valdivian temperate forests,Temperate Broadleaf & Mixed Forests
67,15,Valdivian temperate forests,Temperate Broadleaf & Mixed Forests
67,16,Valdivian temperate forests,Temperate Broadleaf & Mixed Forests
67,17,Patagonian steppe,"Temperate Grasslands, Savannas & Shrublands"
67,18,Patagonian steppe,"Temperate Grasslands, Savannas & Shrublands"
67,19,Patagonian steppe,"Temperate Grasslands, Savannas & Shrublands"
67,20,Patagonian steppe,"Temperate Grasslands, Savannas & Shrublands"
67,21,Patagonian steppe,"Temperate Grasslands, Savannas & Shrublands"
67,22,Patagonian steppe,"Temperate Grasslands, Savannas & Shrublands"
67,23,Patagonian steppe,"Temperate Grasslands, Savannas & Shrublands"
67,24,Patagonian steppe,"Temperate Grasslands, Savannas & Shrublands"
67,25,Patagonian steppe,"Temperate Grasslands, Savannas & Shrublands"
67,26,Patagonian steppe,"Temperate Grasslands, Savannas & Shrublands"
67,27,Patagonian steppe,"Temperate Grasslands, Savannas & Shrublands"
67,28,Low Monte,"Temperate Grasslands, Savannas & Shrublands"
67,29,Low Monte,"Temperate Grasslands, Savannas & Shrublands"
67,30,Low Monte,"Temperate Grasslands, Savannas & Shrublands"
67,31,Low Monte,"Temperate Grasslands, Savannas & Shrublands"
67,32,Low Monte,"Temperate Grasslands, Savannas & Shrublands"
67,33,Low Monte,"Temperate Grasslands, Savannas & Shrublands"
67,34,Low Monte,"Temperate Grasslands, Savannas & Shrublands"
67,35,,
67,36,,
67,37,,
67,38,,
67,39,,
67,40,,
67,41,,
67,42,,
67,43,,
67,44,,
67,45,,
67,46,,
67,47,,
67,48,,
67,49,,
67,50,,
67,51,,
67,52,,
67,53,,
67,54,,
67,55,,
67,56,,
67,57,,
67,58,,
67,59,,
67,60,,
67,61,,
67,62,,
67,63,,
67,64,,
67,65,,
67,66,,
67,67,,
67,68,,
67,69,,
67,70,,
67,71,,
67,72,,
67,73,,
67,74,,
67,75,,
67,76,,
68,0,,
68,1,,
68,2,,
68,3,,
68,4,,
68,5,,
68,6,,
68,7,,
68,8,,
68,9,Valdivian temperate forests,Temperate Broadleaf & Mixed Forests
68,10,Valdivian temperate forests,Temperate Broadleaf & Mixed Forests
68,11,,
68,12,,
68,13,,
68,14,Valdivian temperate forests,Temperate Broadleaf & Mixed Forests
68,15,Valdivian temperate forests,Temperate Broadleaf & Mixed Forests
68,16,Valdivian temperate forests,Temperate Broadleaf & Mixed Forests
68,17,Patagonian steppe,"Temperate Grasslands, Savannas & Shrublands"
68,18,Patagonian steppe,"Temperate Grasslands, Savannas & Shrublands"
68,19,Patagonian steppe,"Temperate Grasslands, Savannas & Shrublands"
68,20,Patagonian steppe,"Temperate Grasslands, Savannas & Shrublands"
68,21,Patagonian steppe,"Temperate Grasslands, Savannas & Shrublands"
68,22,Patagonian steppe,"Temperate Grasslands, Savannas & Shrublands"
68,23,Patagonian steppe,"Temperate Grasslands, Savannas & Shrublands"
68,24,Patagonian steppe,"Temperate Grasslands, Savannas & Shrublands"
68,25,Patagonian steppe,"Temperate Grasslands, Savannas & Shrublands"
68,26,Patagonian steppe,"Temperate Grasslands, Savannas & Shrublands"
68,27,Patagonian steppe,"Temperate Grasslands, Savannas & Shrublands"
68,28,Low Monte,"Temperate Grasslands, Savannas & Shrublands"
68,29,Low Monte,"Temperate Grasslands, Savannas & Shrublands"
68,30,Low Monte,"Temperate Grasslands, Savannas & Shrublands"
68,31,Low Monte,"Temperate Grasslands, Savannas & Shrublands"
68,32,Low Monte,"Temperate Grasslands, Savannas & Shrublands"
68,33,,
68,34,,
68,35,Patagonian steppe,"Temperate Grasslands, Savannas & Shrublands"
68,36,Patagonian steppe,"Temperate Grasslands, Savannas & Shrublands"
68,37,,
68,38,,
68,39,,
68,40,,
68,41,,
68,42,,
68,43,,
68,44,,
68,45,,
68,46,,
68,47,,
68,48,,
68,49,,
68,50,,
68,51,,
68,52,,
68,53,,
68,54,,
68,55,,
68,56,,
68,57,,
68,58,,
68,59,,
68,60,,
68,61,,
68,62,,
68,63,,
68,64,,
68,65,,
68,66,,
68,67,,
68,68,,
68,69,,
68,70,,
68,71,,
68,72,,
68,73,,
68,74,,
68,75,,
68,76,,
69,0,,
69,1,,
69,2,,
69,3,,
69,4,,
69,5,,
69,6,,
69,7,,
69,8,,
69,9,Valdivian temperate forests,Temperate Broadleaf & Mixed Forests
69,10,Valdivian temperate forests,Temperate Broadleaf & Mixed Forests
69,11,,
69,12,,
69,13,Valdivian temperate forests,Temperate Broadleaf & Mixed Forests
69,14,Valdivian temperate forests,Temperate Broadleaf & Mixed Forests
69,15,Valdivian temperate forests,Temperate Broadleaf & Mixed Forests
69,16,Valdivian temperate forests,Temperate Broadleaf & Mixed Forests
69,17,Patagonian steppe,"Temperate Grasslands, Savannas & Shrublands"
69,18,Patagonian steppe,"Temperate Grasslands, Savannas & Shrublands"
69,19,Patagonian steppe,"Temperate Grasslands, Savannas & Shrublands"
69,20,Patagonian steppe,"Temperate Grasslands, Savannas & Shrublands"
69,21,Patagonian steppe,"Temperate Grasslands, Savannas & Shrublands"
69,22,Patagonian steppe,"Temperate Grasslands, Savannas & Shrublands"
69,23,Patagonian steppe,"Temperate Grasslands, Savannas & Shrublands"
69,24,Patagonian steppe,"Temperate Grasslands, Savannas & Shrublands"
69,25,Patagonian steppe,"Temperate Grasslands, Savannas & Shrublands"
69,26,Patagonian steppe,"Temperate Grasslands, Savannas & Shrublands"
69,27,Patagonian steppe,"Temperate Grasslands, Savannas & Shrublands"
69,28,Low Monte,"Temperate Grasslands, Savannas & Shrublands"
69,29,Low Monte,"Temperate Grasslands, Savannas & Shrublands"
69,30,Low Monte,"Temperate Grasslands, Savannas & Shrublands"
69,31,Low Monte,"Temperate Grasslands, Savannas & Shrublands"
69,32,Low Monte,"Temperate Grasslands, Savannas & Shrublands"
69,33,Low Monte,"Temperate Grasslands, Savannas & Shrublands"
69,34,Patagonian steppe,"Temperate Grasslands, Savannas & Shrublands"
69,35,Patagonian steppe,"Temperate Grasslands, Savannas & Shrublands"
69,36,Patagonian steppe,"Temperate Grasslands, Savannas & Shrublands"
69,37,,
69,38,,
69,39,,
69,40,,
69,41,,
69,42,,
69,43,,
69,44,,
69,45,,
69,46,,
69,47,,
69,48,,
69,49,,
69,50,,
69,51,,
69,52,,
69,53,,
69,54,,
69,55,,
69,56,,
69,57,,
69,58,,
69,59,,
69,60,,
69,61,,
69,62,,
69,63,,
69,64,,
69,65,,
69,66,,
69,67,,
69,68,,
69,69,,
69,70,,
69,71,,
69,72,,
69,73,,
69,74,,
69,75,,
69,76,,
70,0,,
70,1,,
70,2,,
70,3,,
70,4,,
70,5,,
70,6,,
70,7,,
70,8,,
70,9,,
70,10,Valdivian temperate forests,Temperate Broadleaf & Mixed Forests
70,11,,
70,12,,
70,13,Valdivian temperate forests,Temperate Broadleaf & Mixed Forests
70,14,Valdivian temperate forests,Temperate Broadleaf & Mixed Forests
70,15,Valdivian temperate forests,Temperate Broadleaf & Mixed Forests
70,16,Valdivian temperate forests,Temperate Broadleaf & Mixed Forests
70,17,Patagonian steppe,"Temperate Grasslands, Savannas & Shrublands"
70,18,Patagonian steppe,"Temperate Grasslands, Savannas & Shrublands"
70,19,Patagonian steppe,"Temperate Grasslands, Savannas & Shrublands"
70,20,Patagonian steppe,"Temperate Grasslands, Savannas & Shrublands"
70,21,Patagonian steppe,"Temperate Grasslands, Savannas & Shrublands"
70,22,Patagonian steppe,"Temperate Grasslands, Savannas & Shrublands"
70,23,Patagonian steppe,"Temperate Grasslands, Savannas & Shrublands"
70,24,Patagonian steppe,"Temperate Grasslands, Savannas & Shrublands"
70,25,Patagonian steppe,"Temperate Grasslands, Savannas & Shrublands"
70,26,Low Monte,"Temperate Grasslands, Savannas & Shrublands"
70,27,Low Monte,"Temperate Grasslands, Savannas & Shrublands"
70,28,Low Monte,"Temperate Grasslands, Savannas & Shrublands"
70,29,Low Monte,"Temperate Grasslands, Savannas & Shrublands"
70,30,Low Monte,"Temperate Grasslands, Savannas & Shrublands"
70,31,Low Monte,"Temperate Grasslands, Savannas & Shrublands"
70,32,Low Monte,"Temperate Grasslands, Savannas & Shrublands"
70,33,Low Monte,"Temperate Grasslands, Savannas & Shrublands"
70,34,,
70,35,Patagonian steppe,"Temperate Grasslands, Savannas & Shrublands"
70,36,Patagonian steppe,"Temperate Grasslands, Savannas & Shrublands"
70,37,,
70,38,,
70,39,,
70,40,,
70,41,,
70,42,,
70,43,,
70,44,,
70,45,,
70,46,,
70,47,,
70,48,,
70,49,,
70,50,,
70,51,,
70,52,,
70,53,,
70,54,,
70,55,,
70,56,,
70,57,,
70,58,,
70,59,,
70,60,,
70,61,,
70,62,,
70,63,,
70,64,,
70,65,,
70,66,,
70,67,,
70,68,,
70,69,,
70,70,,
70,71,,
70,72,,
70,73,,
70,74,,
70,75,,
70,76,,
71,0,,
71,1,,
71,2,,
71,3,,
71,4,,
71,5,,
71,6,,
71,7,,
71,8,,
71,9,Valdivian temperate forests,Temperate Broadleaf & Mixed Forests
71,10,Valdivian temperate forests,Temperate Broadleaf & Mixed Forests
71,11,Valdivian temperate forests,Temperate Broadleaf & Mixed Forests
71,12,Valdivian temperate forests,Temperate Broadleaf & Mixed Forests
71,13,,
71,14,Valdivian temperate forests,Temperate Broadleaf & Mixed Forests
71,15,Valdivian temperate forests,Temperate Broadleaf & Mixed Forests
71,16,Valdivian temperate forests,Temperate Broadleaf & Mixed Forests
71,17,Patagonian steppe,"Temperate Grasslands, Savannas & Shrublands"
71,18,Patagonian steppe,"Temperate Grasslands, Savannas & Shrublands"
71,19,Patagonian steppe,"Temperate Grasslands, Savannas & Shrublands"
71,20,Patagonian steppe,"Temperate Grasslands, Savannas & Shrublands"
71,21,Patagonian steppe,"Temperate Grasslands, Savannas & Shrublands"
71,22,Patagonian steppe,"Temperate Grasslands, Savannas & Shrublands"
71,23,Patagonian steppe,"Temperate Grasslands, Savannas & Shrublands"
71,24,Patagonian steppe,"Temperate Grasslands, Savannas & Shrublands"
71,25,Patagonian steppe,"Temperate Grasslands, Savannas & Shrublands"
71,26,Low Monte,"Temperate Grasslands, Savannas & Shrublands"
71,27,Low Monte,"Temperate Grasslands, Savannas & Shrublands"
71,28,Low Monte,"Temperate Grasslands, Savannas & Shrublands"
71,29,Low Monte,"Temperate Grasslands, Savannas & Shrublands"
71,30,Low Monte,"Temperate Grasslands, Savannas & Shrublands"
71,31,Low Monte,"Temperate Grasslands, Savannas & Shrublands"
71,32,Low Monte,"Temperate Grasslands, Savannas & Shrublands"
71,33,,
71,34,,
71,35,,
71,36,,
71,37,,
71,38,,
71,39,,
71,40,,
71,41,,
71,42,,
71,43,,
71,44,,
71,45,,
71,46,,
71,47,,
71,48,,
71,49,,
71,50,,
71,51,,
71,52,,
71,53,,
71,54,,
71,55,,
71,56,,
71,57,,
71,58,,
71,59,,
71,60,,
71,61,,
71,62,,
71,63,,
71,64,,
71,65,,
71,66,,
71,67,,
71,68,,
71,69,,
71,70,,
71,71,,
71,72,,
71,73,,
71,74,,
71,75,,
71,76,,
72,0,,
72,1,,
72,2,,
72,3,,
72,4,,
72,5,,
72,6,,
72,7,,
72,8,,
72,9,Valdivian temperate forests,Temperate Broadleaf & Mixed Forests
72,10,Valdivian temperate forests,Temperate Broadleaf & Mixed Forests
72,11,Valdivian temperate forests,Temperate Broadleaf & Mixed Forests
72,12,Valdivian temperate forests,Temperate Broadleaf & Mixed Forests
72,13,Valdivian temperate forests,Temperate Broadleaf & Mixed Forests
72,14,Valdivian temperate forests,Temperate Broadleaf & Mixed Forests
72,15,Valdivian temperate forests,Temperate Broadleaf & Mixed Forests
72,16,Valdivian temperate forests,Temperate Broadleaf & Mixed Forests
72,17,Patagonian steppe,"Temperate Grasslands, Savannas & Shrublands"
72,18,Patagonian steppe,"Temperate Grasslands, Savannas & Shrublands"
72,19,Patagonian steppe,"Temperate Grasslands, Savannas & Shrublands"
72,20,Patagonian steppe,"Temperate Grasslands, Savannas & Shrublands"
72,21,Patagonian steppe,"Temperate Grasslands, Savannas & Shrublands"
72,22,Patagonian steppe,"Temperate Grasslands, Savannas & Shrublands"
72,23,Patagonian steppe,"Temperate Grasslands, Savannas & Shrublands"
72,24,Patagonian steppe,"Temperate Grasslands, Savannas & Shrublands"
72,25,Patagonian steppe,"Temperate Grasslands, Savannas & Shrublands"
72,26,Patagonian steppe,"Temperate Grasslands, Savannas & Shrublands"
72,27,Patagonian steppe,"Temperate Grasslands, Savannas & Shrublands"
72,28,Patagonian steppe,"Temperate Grasslands, Savannas & Shrublands"
72,29,Patagonian steppe,"Temperate Grasslands, Savannas & Shrublands"
72,30,Low Monte,"Temperate Grasslands, Savannas & Shrublands"
72,31,Low Monte,"Temperate Grasslands, Savannas & Shrublands"
72,32,Low Monte,"Temperate Grasslands, Savannas & Shrublands"
72,33,,
72,34,,
72,35,,
72,36,,
72,37,,
72,38,,
72,39,,
72,40,,
72,41,,
72,42,,
72,43,,
72,44,,
72,45,,
72,46,,
72,47,,
72,48,,
72,49,,
72,50,,
72,51,,
72,52,,
72,53,,
72,54,,
72,55,,
72,56,,
72,57,,
72,58,,
72,59,,
72,60,,
72,61,,
72,62,,
72,63,,
72,64,,
72,65,,
72,66,,
72,67,,
72,68,,
72,69,,
72,70,,
72,71,,
72,72,,
72,73,,
72,74,,
72,75,,
72,76,,
73,0,,
73,1,,
73,2,,
73,3,,
73,4,,
73,5,,
73,6,,
73,7,,
73,8,,
73,9,Valdivian temperate forests,Temperate Broadleaf & Mixed Forests
73,10,Valdivian temperate forests,Temperate Broadleaf & Mixed Forests
73,11,Valdivian temperate forests,Temperate Broadleaf & Mixed Forests
73,12,Valdivian temperate forests,Temperate Broadleaf & Mixed Forests
73,13,Valdivian temperate forests,Temperate Broadleaf & Mixed Forests
73,14,Valdivian temperate forests,Temperate Broadleaf & Mixed Forests
73,15,Valdivian temperate forests,Temperate Broadleaf & Mixed Forests
73,16,Patagonian steppe,"Temperate Grasslands, Savannas & Shrublands"
73,17,Patagonian steppe,"Temperate Grasslands, Savannas & Shrublands"
73,18,Patagonian steppe,"Temperate Grasslands, Savannas & Shrublands"
73,19,Patagonian steppe,"Temperate Grasslands, Savannas & Shrublands"
73,20,Patagonian steppe,"Temperate Grasslands, Savannas & Shrublands"
73,21,Patagonian steppe,"Temperate Grasslands, Savannas & Shrublands"
73,22,Patagonian steppe,"Temperate Grasslands, Savannas & Shrublands"
73,23,Patagonian steppe,"Temperate Grasslands, Savannas & Shrublands"
73,24,Patagonian steppe,"Temperate Grasslands, Savannas & Shrublands"
73,25,Patagonian steppe,"Temperate Grasslands, Savannas & Shrublands"
73,26,Patagonian steppe,"Temperate Grasslands, Savannas & Shrublands"
73,27,Patagonian steppe,"Temperate Grasslands, Savannas & Shrublands"
73,28,Patagonian steppe,"Temperate Grasslands, Savannas & Shrublands"
73,29,Patagonian steppe,"Temperate Grasslands, Savannas & Shrublands"
73,30,Low Monte,"Temperate Grasslands, Savannas & Shrublands"
73,31,Low Monte,"Temperate Grasslands, Savannas & Shrublands"
73,32,Low Monte,"Temperate Grasslands, Savannas & Shrublands"
73,33,,
73,34,,
73,35,,
73,36,,
73,37,,
73,38,,
73,39,,
73,40,,
73,41,,
73,42,,
73,43,,
73,44,,
73,45,,
73,46,,
73,47,,
73,48,,
73,49,,
73,50,,
73,51,,
73,52,,
73,53,,
73,54,,
73,55,,
73,56,,
73,57,,
73,58,,
73,59,,
73,60,,
73,61,,
73,62,,
73,63,,
73,64,,
73,65,,
73,66,,
73,67,,
73,68,,
73,69,,
73,70,,
73,71,,
73,72,,
73,73,,
73,74,,
73,75,,
73,76,,
74,0,,
74,1,,
74,2,,
74,3,,
74,4,,
74,5,,
74,6,,
74,7,,
74,8,,
74,9,Valdivian temperate forests,Temperate Broadleaf & Mixed Forests
74,10,Valdivian temperate forests,Temperate Broadleaf & Mixed Forests
74,11,Valdivian temperate forests,Temperate Broadleaf & Mixed Forests
74,12,Valdivian temperate forests,Temperate Broadleaf & Mixed Forests
74,13,Valdivian temperate forests,Temperate Broadleaf & Mixed Forests
74,14,Valdivian temperate forests,Temperate Broadleaf & Mixed Forests
74,15,Valdivian temperate forests,Temperate Broadleaf & Mixed Forests
74,16,Patagonian steppe,"Temperate Grasslands, Savannas & Shrublands"
74,17,Patagonian steppe,"Temperate Grasslands, Savannas & Shrublands"
74,18,Patagonian steppe,"Temperate Grasslands, Savannas & Shrublands"
74,19,Patagonian steppe,"Temperate Grasslands, Savannas & Shrublands"
74,20,Patagonian steppe,"Temperate Grasslands, Savannas & Shrublands"
74,21,Patagonian steppe,"Temperate Grasslands, Savannas & Shrublands"
74,22,Patagonian steppe,"Temperate Grasslands, Savannas & Shrublands"
74,23,Patagonian steppe,"Temperate Grasslands, Savannas & Shrublands"
74,24,Patagonian steppe,"Temperate Grasslands, Savannas & Shrublands"
74,25,Patagonian steppe,"Temperate Grasslands, Savannas & Shrublands"
74,26,Low Monte,"Temperate Grasslands, Savannas & Shrublands"
74,27,Patagonian steppe,"Temperate Grasslands, Savannas & Shrublands"
74,28,Patagonian steppe,"Temperate Grasslands, Savannas & Shrublands"
74,29,Patagonian steppe,"Temperate Grasslands, Savannas & Shrublands"
74,30,Low Monte,"Temperate Grasslands, Savannas & Shrublands"
74,31,Low Monte,"Temperate Grasslands, Savannas & Shrublands"
74,32,Low Monte,"Temperate Grasslands, Savannas & Shrublands"
74,33,,
74,34,,
74,35,,
74,36,Low Monte,"Temperate Grasslands, Savannas & Shrublands"
74,37,Low Monte,"Temperate Grasslands, Savannas & Shrublands"
74,38,Low Monte,"Temperate Grasslands, Savannas & Shrublands"
74,39,,
74,40,,
74,41,,
74,42,,
74,43,,
74,44,,
74,45,,
74,46,,
74,47,,
74,48,,
74,49,,
74,50,,
74,51,,
74,52,,
74,53,,
74,54,,
74,55,,
74,56,,
74,57,,
74,58,,
74,59,,
74,60,,
74,61,,
74,62,,
74,63,,
74,64,,
74,65,,
74,66,,
74,67,,
74,68,,
74,69,,
74,70,,
74,71,,
74,72,,
74,73,,
74,74,,
74,75,,
74,76,,
75,0,,
75,1,,
75,2,,
75,3,,
75,4,,
75,5,,
75,6,,
75,7,,
75,8,,
75,9,Valdivian temperate forests,Temperate Broadleaf & Mixed Forests
75,10,Valdivian temperate forests,Temperate Broadleaf & Mixed Forests
75,11,Valdivian temperate forests,Temperate Broadleaf & Mixed Forests
75,12,Valdivian temperate forests,Temperate Broadleaf & Mixed Forests
75,13,Valdivian temperate forests,Temperate Broadleaf & Mixed Forests
75,14,Valdivian temperate forests,Temperate Broadleaf & Mixed Forests
75,15,Valdivian temperate forests,Temperate Broadleaf & Mixed Forests
75,16,Patagonian steppe,"Temperate Grasslands, Savannas & Shrublands"
75,17,Patagonian steppe,"Temperate Grasslands, Savannas & Shrublands"
75,18,Patagonian steppe,"Temperate Grasslands, Savannas & Shrublands"
75,19,Patagonian steppe,"Temperate Grasslands, Savannas & Shrublands"
75,20,Patagonian steppe,"Temperate Grasslands, Savannas & Shrublands"
75,21,Patagonian steppe,"Temperate Grasslands, Savannas & Shrublands"
75,22,Patagonian steppe,"Temperate Grasslands, Savannas & Shrublands"
75,23,Patagonian steppe,"Temperate Grasslands, Savannas & Shrublands"
75,24,Patagonian steppe,"Temperate Grasslands, Savannas & Shrublands"
75,25,Patagonian steppe,"Temperate Grasslands, Savannas & Shrublands"
75,26,Low Monte,"Temperate Grasslands, Savannas & Shrublands"
75,27,Low Monte,"Temperate Grasslands, Savannas & Shrublands"
75,28,Low Monte,"Temperate Grasslands, Savannas & Shrublands"
75,29,Low Monte,"Temperate Grasslands, Savannas & Shrublands"
75,30,Low Monte,"Temperate Grasslands, Savannas & Shrublands"
75,31,Low Monte,"Temperate Grasslands, Savannas & Shrublands"
75,32,Low Monte,"Temperate Grasslands, Savannas & Shrublands"
75,33,Low Monte,"Temperate Grasslands, Savannas & Shrublands"
75,34,Low Monte,"Temperate Grasslands, Savannas & Shrublands"
75,35,Low Monte,"Temperate Grasslands, Savannas & Shrublands"
75,36,Low Monte,"Temperate Grasslands, Savannas & Shrublands"
75,37,Low Monte,"Temperate Grasslands, Savannas & Shrublands"
75,38,Espinal,"Temperate Grasslands, Savannas & Shrublands"
75,39,Espinal,"Temperate Grasslands, Savannas & Shrublands"
75,40,,
75,41,,
75,42,,
75,43,,
75,44,,
75,45,,
75,46,,
75,47,,
75,48,,
75,49,,
75,50,,
75,51,,
75,52,,
75,53,,
75,54,,
75,55,,
75,56,,
75,57,,
75,58,,
75,59,,
75,60,,
75,61,,
75,62,,
75,63,,
75,64,,
75,65,,
75,66,,
75,67,,
75,68,,
75,69,,
75,70,,
75,71,,
75,72,,
75,73,,
75,74,,
75,75,,
75,76,,
76,0,,
76,1,,
76,2,,
76,3,,
76,4,,
76,5,,
76,6,,
76,7,,
76,8,,
76,9,Valdivian temperate forests,Temperate Broadleaf & Mixed Forests
76,10,Valdivian temperate forests,Temperate Broadleaf & Mixed Forests
76,11,Valdivian temperate forests,Temperate Broadleaf & Mixed Forests
76,12,Valdivian temperate forests,Temperate Broadleaf & Mixed Forests
76,13,Valdivian temperate forests,Temperate Broadleaf & Mixed Forests
76,14,Valdivian temperate forests,Temperate Broadleaf & Mixed Forests
76,15,Valdivian temperate forests,Temperate Broadleaf & Mixed Forests
76,16,Patagonian steppe,"Temperate Grasslands, Savannas & Shrublands"
76,17,Patagonian steppe,"Temperate Grasslands, Savannas & Shrublands"
76,18,Patagonian steppe,"Temperate Grasslands, Savannas & Shrublands"
76,19,Patagonian steppe,"Temperate Grasslands, Savannas & Shrublands"
76,20,Patagonian steppe,"Temperate Grasslands, Savannas & Shrublands"
76,21,Patagonian steppe,"Temperate Grasslands, Savannas & Shrublands"
76,22,Patagonian steppe,"Temperate Grasslands, Savannas & Shrublands"
76,23,Patagonian steppe,"Temperate Grasslands, Savannas & Shrublands"
76,24,Patagonian steppe,"Temperate Grasslands, Savannas & Shrublands"
76,25,Patagonian steppe,"Temperate Grasslands, Savannas & Shrublands"
76,26,Low Monte,"Temperate Grasslands, Savannas & Shrublands"
76,27,Low Monte,"Temperate Grasslands, Savannas & Shrublands"
76,28,Low Monte,"Temperate Grasslands, Savannas & Shrublands"
76,29,Low Monte,"Temperate Grasslands, Savannas & Shrublands"
76,30,Low Monte,"Temperate Grasslands, Savannas & Shrublands"
76,31,Low Monte,"Temperate Grasslands, Savannas & Shrublands"
76,32,Low Monte,"Temperate Grasslands, Savannas & Shrublands"
76,33,Low Monte,"Temperate Grasslands, Savannas & Shrublands"
76,34,Low Monte,"Temperate Grasslands, Savannas & Shrublands"
76,35,Low Monte,"Temperate Grasslands, Savannas & Shrublands"
76,36,Low Monte,"Temperate Grasslands, Savannas & Shrublands"
76,37,Low Monte,"Temperate Grasslands, Savannas & Shrublands"
76,38,Espinal,"Temperate Grasslands, Savannas & Shrublands"
76,39,Espinal,"Temperate Grasslands, Savannas & Shrublands"
76,40,Espinal,"Temperate Grasslands, Savannas & Shrublands"
76,41,,
76,42,,
76,43,,
76,44,,
76,45,,
76,46,,
76,47,,
76,48,,
76,49,,
76,50,,
76,51,,
76,52,,
76,53,,
76,54,,
76,55,,
76,56,,
76,57,,
76,58,,
76,59,,
76,60,,
76,61,,
76,62,,
76,63,,
76,64,,
76,65,,
76,66,,
76,67,,
76,68,,
76,69,,
76,70,,
76,71,,
76,72,,
76,73,,
76,74,,
76,75,,
76,76,,
77,0,,
77,1,,
77,2,,
77,3,,
77,4,,
77,5,,
77,6,,
77,7,,
77,8,,
77,9,,
77,10,Valdivian temperate forests,Temperate Broadleaf & Mixed Forests
77,11,Valdivian temperate forests,Temperate Broadleaf & Mixed Forests
77,12,Valdivian temperate forests,Temperate Broadleaf & Mixed Forests
77,13,Valdivian temperate forests,Temperate Broadleaf & Mixed Forests
77,14,Valdivian temperate forests,Temperate Broadleaf & Mixed Forests
77,15,Valdivian temperate forests,Temperate Broadleaf & Mixed Forests
77,16,Patagonian steppe,"Temperate Grasslands, Savannas & Shrublands"
77,17,Patagonian steppe,"Temperate Grasslands, Savannas & Shrublands"
77,18,Patagonian steppe,"Temperate Grasslands, Savannas & Shrublands"
77,19,Patagonian steppe,"Temperate Grasslands, Savannas & Shrublands"
77,20,Patagonian steppe,"Temperate Grasslands, Savannas & Shrublands"
77,21,Patagonian steppe,"Temperate Grasslands, Savannas & Shrublands"
77,22,Patagonian steppe,"Temperate Grasslands, Savannas & Shrublands"
77,23,Patagonian steppe,"Temperate Grasslands, Savannas & Shrublands"
77,24,Low Monte,"Temperate Grasslands, Savannas & Shrublands"
77,25,Low Monte,"Temperate Grasslands, Savannas & Shrublands"
77,26,Low Monte,"Temperate Grasslands, Savannas & Shrublands"
77,27,Low Monte,"Temperate Grasslands, Savannas & Shrublands"
77,28,Low Monte,"Temperate Grasslands, Savannas & Shrublands"
77,29,Low Monte,"Temperate Grasslands, Savannas & Shrublands"
77,30,Low Monte,"Temperate Grasslands, Savannas & Shrublands"
77,31,Low Monte,"Temperate Grasslands, Savannas & Shrublands"
77,32,Low Monte,"Temperate Grasslands, Savannas & Shrublands"
77,33,Low Monte,"Temperate Grasslands, Savannas & Shrublands"
77,34,Low Monte,"Temperate Grasslands, Savannas & Shrublands"
77,35,Low Monte,"Temperate Grasslands, Savannas & Shrublands"
77,36,Low Monte,"Temperate Grasslands, Savannas & Shrublands"
77,37,Espinal,"Temperate Grasslands, Savannas & Shrublands"
77,38,Espinal,"Temperate Grasslands, Savannas & Shrublands"
77,39,Espinal,"Temperate Grasslands, Savannas & Shrublands"
77,40,,
77,41,,
77,42,,
77,43,,
77,44,,
77,45,,
77,46,,
77,47,,
77,48,,
77,49,,
77,50,,
77,51,,
77,52,,
77,53,,
77,54,,
77,55,,
77,56,,
77,57,,
77,58,,
77,59,,
77,60,,
77,61,,
77,62,,
77,63,,
77,64,,
77,65,,
77,66,,
77,67,,
77,68,,
77,69,,
77,70,,
77,71,,
77,72,,
77,73,,
77,74,,
77,75,,
77,76,,
78,0,,
78,1,,
78,2,,
78,3,,
78,4,,
78,5,,
78,6,,
78,7,,
78,8,,
78,9,,
78,10,Valdivian temperate forests,Temperate Broadleaf & Mixed Forests
78,11,Valdivian temperate forests,Temperate Broadleaf & Mixed Forests
78,12,Valdivian temperate forests,Temperate Broadleaf & Mixed Forests
78,13,Valdivian temperate forests,Temperate Broadleaf & Mixed Forests
78,14,Valdivian temperate forests,Temperate Broadleaf & Mixed Forests
78,15,Valdivian temperate forests,Temperate Broadleaf & Mixed Forests
78,16,Patagonian steppe,"Temperate Grasslands, Savannas & Shrublands"
78,17,Patagonian steppe,"Temperate Grasslands, Savannas & Shrublands"
78,18,Patagonian steppe,"Temperate Grasslands, Savannas & Shrublands"
78,19,Low Monte,"Temperate Grasslands, Savannas & Shrublands"
78,20,Low Monte,"Temperate Grasslands, Savannas & Shrublands"
78,21,Low Monte,"Temperate Grasslands, Savannas & Shrublands"
78,22,Low Monte,"Temperate Grasslands, Savannas & Shrublands"
78,23,Low Monte,"Temperate Grasslands, Savannas & Shrublands"
78,24,Low Monte,"Temperate Grasslands, Savannas & Shrublands"
78,25,Low Monte,"Temperate Grasslands, Savannas & Shrublands"
78,26,Low Monte,"Temperate Grasslands, Savannas & Shrublands"
78,27,Low Monte,"Temperate Grasslands, Savannas & Shrublands"
78,28,Low Monte,"Temperate Grasslands, Savannas & Shrublands"
78,29,Low Monte,"Temperate Grasslands, Savannas & Shrublands"
78,30,Low Monte,"Temperate Grasslands, Savannas & Shrublands"
78,31,Low Monte,"Temperate Grasslands, Savannas & Shrublands"
78,32,Low Monte,"Temperate Grasslands, Savannas & Shrublands"
78,33,Low Monte,"Temperate Grasslands, Savannas & Shrublands"
78,34,Low Monte,"Temperate Grasslands, Savannas & Shrublands"
78,35,Low Monte,"Temperate Grasslands, Savannas & Shrublands"
78,36,Low Monte,"Temperate Grasslands, Savannas & Shrublands"
78,37,Espinal,"Temperate Grasslands, Savannas & Shrublands"
78,38,Espinal,"Temperate Grasslands, Savannas & Shrublands"
78,39,Espinal,"Temperate Grasslands, Savannas & Shrublands"
78,40,,
78,41,,
78,42,,
78,43,,
78,44,,
78,45,,
78,46,,
78,47,,
78,48,,
78,49,,
78,50,,
78,51,,
78,52,,
78,53,,
78,54,,
78,55,,
78,56,,
78,57,,
78,58,,
78,59,,
78,60,,
78,61,,
78,62,,
78,63,,
78,64,,
78,65,,
78,66,,
78,67,,
78,68,,
78,69,,
78,70,,
78,71,,
78,72,,
78,73,,
78,74,,
78,75,,
78,76,,
79,0,,
79,1,,
79,2,,
79,3,,
79,4,,
79,5,,
79,6,,
79,7,,
79,8,,
79,9,,
79,10,Valdivian temperate forests,Temperate Broadleaf & Mixed Forests
79,11,Chilean Matorral,"Mediterranean Forests, Woodlands & Scrub"
79,12,Chilean Matorral,"Mediterranean Forests, Woodlands & Scrub"
79,13,Valdivian temperate forests,Temperate Broadleaf & Mixed Forests
79,14,Valdivian temperate forests,Temperate Broadleaf & Mixed Forests
79,15,Valdivian temperate forests,Temperate Broadleaf & Mixed Forests
79,16,Valdivian temperate forests,Temperate Broadleaf & Mixed Forests
79,17,Patagonian steppe,"Temperate Grasslands, Savannas & Shrublands"
79,18,Patagonian steppe,"Temperate Grasslands, Savannas & Shrublands"
79,19,Patagonian steppe,"Temperate Grasslands, Savannas & Shrublands"
79,20,Low Monte,"Temperate Grasslands, Savannas & Shrublands"
79,21,Low Monte,"Temperate Grasslands, Savannas & Shrublands"
79,22,Low Monte,"Temperate Grasslands, Savannas & Shrublands"
79,23,Low Monte,"Temperate Grasslands, Savannas & Shrublands"
79,24,Low Monte,"Temperate Grasslands, Savannas & Shrublands"
79,25,Low Monte,"Temperate Grasslands, Savannas & Shrublands"
79,26,Low Monte,"Temperate Grasslands, Savannas & Shrublands"
79,27,Low Monte,"Temperate Grasslands, Savannas & Shrublands"
79,28,Low Monte,"Temperate Grasslands, Savannas & Shrublands"
79,29,Low Monte,"Temperate Grasslands, Savannas & Shrublands"
79,30,Low Monte,"Temperate Grasslands, Savannas & Shrublands"
79,31,Low Monte,"Temperate Grasslands, Savannas & Shrublands"
79,32,Low Monte,"Temperate Grasslands, Savannas & Shrublands"
79,33,Low Monte,"Temperate Grasslands, Savannas & Shrublands"
79,34,Low Monte,"Temperate Grasslands, Savannas & Shrublands"
79,35,Low Monte,"Temperate Grasslands, Savannas & Shrublands"
79,36,Espinal,"Temperate Grasslands, Savannas & Shrublands"
79,37,Espinal,"Temperate Grasslands, Savannas & Shrublands"
79,38,Espinal,"Temperate Grasslands, Savannas & Shrublands"
79,39,Espinal,"Temperate Grasslands, Savannas & Shrublands"
79,40,Espinal,"Temperate Grasslands, Savannas & Shrublands"
79,41,,
79,42,,
79,43,,
79,44,,
79,45,,
79,46,,
79,47,,
79,48,,
79,49,,
79,50,,
79,51,,
79,52,,
79,53,,
79,54,,
79,55,,
79,56,,
79,57,,
79,58,,
79,59,,
79,60,,
79,61,,
79,62,,
79,63,,
79,64,,
79,65,,
79,66,,
79,67,,
79,68,,
79,69,,
79,70,,
79,71,,
79,72,,
79,73,,
79,74,,
79,75,,
79,76,,
80,0,,
80,1,,
80,2,,
80,3,,
80,4,,
80,5,,
80,6,,
80,7,,
80,8,,
80,9,,
80,10,Valdivian temperate forests,Temperate Broadleaf & Mixed Forests
80,11,Chilean Matorral,"Mediterranean Forests, Woodlands & Scrub"
80,12,Chilean Matorral,"Mediterranean Forests, Woodlands & Scrub"
80,13,Valdivian temperate forests,Temperate Broadleaf & Mixed Forests
80,14,Valdivian temperate forests,Temperate Broadleaf & Mixed Forests
80,15,Valdivian temperate forests,Temperate Broadleaf & Mixed Forests
80,16,Valdivian temperate forests,Temperate Broadleaf & Mixed Forests
80,17,Patagonian steppe,"Temperate Grasslands, Savannas & Shrublands"
80,18,Patagonian steppe,"Temperate Grasslands, Savannas & Shrublands"
80,19,Low Monte,"Temperate Grasslands, Savannas & Shrublands"
80,20,Low Monte,"Temperate Grasslands, Savannas & Shrublands"
80,21,Low Monte,"Temperate Grasslands, Savannas & Shrublands"
80,22,Low Monte,"Temperate Grasslands, Savannas & Shrublands"
80,23,Low Monte,"Temperate Grasslands, Savannas & Shrublands"
80,24,Low Monte,"Temperate Grasslands, Savannas & Shrublands"
80,25,Low Monte,"Temperate Grasslands, Savannas & Shrublands"
80,26,Low Monte,"Temperate Grasslands, Savannas & Shrublands"
80,27,Low Monte,"Temperate Grasslands, Savannas & Shrublands"
80,28,Low Monte,"Temperate Grasslands, Savannas & Shrublands"
80,29,Low Monte,"Temperate Grasslands, Savannas & Shrublands"
80,30,Low Monte,"Temperate Grasslands, Savannas & Shrublands"
80,31,Low Monte,"Temperate Grasslands, Savannas & Shrublands"
80,32,Low Monte,"Temperate Grasslands, Savannas & Shrublands"
80,33,Low Monte,"Temperate Grasslands, Savannas & Shrublands"
80,34,Low Monte,"Temperate Grasslands, Savannas & Shrublands"
80,35,Low Monte,"Temperate Grasslands, Savannas & Shrublands"
80,36,Espinal,"Temperate Grasslands, Savannas & Shrublands"
80,37,Espinal,"Temperate Grasslands, Savannas & Shrublands"
80,38,Espinal,"Temperate Grasslands, Savannas & Shrublands"
80,39,Espinal,"Temperate Grasslands, Savannas & Shrublands"
80,40,Espinal,"Temperate Grasslands, Savannas & Shrublands"
80,41,,
80,42,,
80,43,,
80,44,,
80,45,,
80,46,,
80,47,,
80,48,,
80,49,,
80,50,,
80,51,,
80,52,,
80,53,,
80,54,,
80,55,,
80,56,,
80,57,,
80,58,,
80,59,,
80,60,,
80,61,,
80,62,,
80,63,,
80,64,,
80,65,,
80,66,,
80,67,,
80,68,,
80,69,,
80,70,,
80,71,,
80,72,,
80,73,,
80,74,,
80,75,,
80,76,,
81,0,,
81,1,,
81,2,,
81,3,,
81,4,,
81,5,,
81,6,,
81,7,,
81,8,,
81,9,Valdivian temperate forests,Temperate Broadleaf & Mixed Forests
81,10,Chilean Matorral,"Mediterranean Forests, Woodlands & Scrub"
81,11,Chilean Matorral,"Mediterranean Forests, Woodlands & Scrub"
81,12,Chilean Matorral,"Mediterranean Forests, Woodlands & Scrub"
81,13,Valdivian temperate forests,Temperate Broadleaf & Mixed Forests
81,14,Valdivian temperate forests,Temperate Broadleaf & Mixed Forests
81,15,Valdivian temperate forests,Temperate Broadleaf & Mixed Forests
81,16,Valdivian temperate forests,Temperate Broadleaf & Mixed Forests
81,17,Patagonian steppe,"Temperate Grasslands, Savannas & Shrublands"
81,18,Patagonian steppe,"Temperate Grasslands, Savannas & Shrublands"
81,19,Low Monte,"Temperate Grasslands, Savannas & Shrublands"
81,20,Low Monte,"Temperate Grasslands, Savannas & Shrublands"
81,21,Low Monte,"Temperate Grasslands, Savannas & Shrublands"
81,22,Low Monte,"Temperate Grasslands, Savannas & Shrublands"
81,23,Low Monte,"Temperate Grasslands, Savannas & Shrublands"
81,24,Low Monte,"Temperate Grasslands, Savannas & Shrublands"
81,25,Low Monte,"Temperate Grasslands, Savannas & Shrublands"
81,26,Low Monte,"Temperate Grasslands, Savannas & Shrublands"
81,27,Low Monte,"Temperate Grasslands, Savannas & Shrublands"
81,28,Low Monte,"Temperate Grasslands, Savannas & Shrublands"
81,29,Low Monte,"Temperate Grasslands, Savannas & Shrublands"
81,30,Low Monte,"Temperate Grasslands, Savannas & Shrublands"
81,31,Low Monte,"Temperate Grasslands, Savannas & Shrublands"
81,32,Low Monte,"Temperate Grasslands, Savannas & Shrublands"
81,33,Low Monte,"Temperate Grasslands, Savannas & Shrublands"
81,34,Low Monte,"Temperate Grasslands, Savannas & Shrublands"
81,35,Espinal,"Temperate Grasslands, Savannas & Shrublands"
81,36,Espinal,"Temperate Grasslands, Savannas & Shrublands"
81,37,Espinal,"Temperate Grasslands, Savannas & Shrublands"
81,38,Espinal,"Temperate Grasslands, Savannas & Shrublands"
81,39,Espinal,"Temperate Grasslands, Savannas & Shrublands"
81,40,,
81,41,Espinal,"Temperate Grasslands, Savannas & Shrublands"
81,42,,
81,43,,
81,44,,
81,45,,
81,46,,
81,47,,
81,48,,
81,49,,
81,50,,
81,51,,
81,52,,
81,53,,
81,54,,
81,55,,
81,56,,
81,57,,
81,58,,
81,59,,
81,60,,
81,61,,
81,62,,
81,63,,
81,64,,
81,65,,
81,66,,
81,67,,
81,68,,
81,69,,
81,70,,
81,71,,
81,72,,
81,73,,
81,74,,
81,75,,
81,76,,
82,0,,
82,1,,
82,2,,
82,3,,
82,4,,
82,5,,
82,6,,
82,7,,
82,8,,
82,9,Valdivian temperate forests,Temperate Broadleaf & Mixed Forests
82,10,Valdivian temperate forests,Temperate Broadleaf & Mixed Forests
82,11,Chilean Matorral,"Mediterranean Forests, Woodlands & Scrub"
82,12,Chilean Matorral,"Mediterranean Forests, Woodlands & Scrub"
82,13,Valdivian temperate forests,Temperate Broadleaf & Mixed Forests
82,14,Valdivian temperate forests,Temperate Broadleaf & Mixed Forests
82,15,Valdivian temperate forests,Temperate Broadleaf & Mixed Forests
82,16,Valdivian temperate forests,Temperate Broadleaf & Mixed Forests
82,17,Patagonian steppe,"Temperate Grasslands, Savannas & Shrublands"
82,18,Patagonian steppe,"Temperate Grasslands, Savannas & Shrublands"
82,19,Low Monte,"Temperate Grasslands, Savannas & Shrublands"
82,20,Low Monte,"Temperate Grasslands, Savannas & Shrublands"
82,21,Low Monte,"Temperate Grasslands, Savannas & Shrublands"
82,22,Low Monte,"Temperate Grasslands, Savannas & Shrublands"
82,23,Low Monte,"Temperate Grasslands, Savannas & Shrublands"
82,24,Low Monte,"Temperate Grasslands, Savannas & Shrublands"
82,25,Low Monte,"Temperate Grasslands, Savannas & Shrublands"
82,26,Low Monte,"Temperate Grasslands, Savannas & Shrublands"
82,27,Low Monte,"Temperate Grasslands, Savannas & Shrublands"
82,28,Low Monte,"Temperate Grasslands, Savannas & Shrublands"
82,29,Low Monte,"Temperate Grasslands, Savannas & Shrublands"
82,30,Low Monte,"Temperate Grasslands, Savannas & Shrublands"
82,31,Low Monte,"Temperate Grasslands, Savannas & Shrublands"
82,32,Low Monte,"Temperate Grasslands, Savannas & Shrublands"
82,33,Low Monte,"Temperate Grasslands, Savannas & Shrublands"
82,34,Low Monte,"Temperate Grasslands, Savannas & Shrublands"
82,35,Espinal,"Temperate Grasslands, Savannas & Shrublands"
82,36,Espinal,"Temperate Grasslands, Savannas & Shrublands"
82,37,Espinal,"Temperate Grasslands, Savannas & Shrublands"
82,38,Espinal,"Temperate Grasslands, Savannas & Shrublands"
82,39,Espinal,"Temperate Grasslands, Savannas & Shrublands"
82,40,,
82,41,Humid Pampas,"Temperate Grasslands, Savannas & Shrublands"
82,42,Humid Pampas,"Temperate Grasslands, Savannas & Shrublands"
82,43,Humid Pampas,"Temperate Grasslands, Savannas & Shrublands"
82,44,Humid Pampas,"Temperate Grasslands, Savannas & Shrublands"
82,45,Humid Pampas,"Temperate Grasslands, Savannas & Shrublands"
82,46,Humid Pampas,"Temperate Grasslands, Savannas & Shrublands"
82,47,,
82,48,,
82,49,,
82,50,,
82,51,,
82,52,,
82,53,,
82,54,,
82,55,,
82,56,,
82,57,,
82,58,,
82,59,,
82,60,,
82,61,,
82,62,,
82,63,,
82,64,,
82,65,,
82,66,,
82,67,,
82,68,,
82,69,,
82,70,,
82,71,,
82,72,,
82,73,,
82,74,,
82,75,,
82,76,,
83,0,,
83,1,,
83,2,,
83,3,,
83,4,,
83,5,,
83,6,,
83,7,,
83,8,,
83,9,Valdivian temperate forests,Temperate Broadleaf & Mixed Forests
83,10,Valdivian temperate forests,Temperate Broadleaf & Mixed Forests
83,11,Chilean Matorral,"Mediterranean Forests, Woodlands & Scrub"
83,12,Chilean Matorral,"Mediterranean Forests, Woodlands & Scrub"
83,13,Valdivian temperate forests,Temperate Broadleaf & Mixed Forests
83,14,Valdivian temperate forests,Temperate Broadleaf & Mixed Forests
83,15,Valdivian temperate forests,Temperate Broadleaf & Mixed Forests
83,16,Patagonian steppe,"Temperate Grasslands, Savannas & Shrublands"
83,17,Patagonian steppe,"Temperate Grasslands, Savannas & Shrublands"
83,18,Patagonian steppe,"Temperate Grasslands, Savannas & Shrublands"
83,19,Low Monte,"Temperate Grasslands, Savannas & Shrublands"
83,20,Low Monte,"Temperate Grasslands, Savannas & Shrublands"
83,21,Low Monte,"Temperate Grasslands, Savannas & Shrublands"
83,22,Low Monte,"Temperate Grasslands, Savannas & Shrublands"
83,23,Low Monte,"Temperate Grasslands, Savannas & Shrublands"
83,24,Low Monte,"Temperate Grasslands, Savannas & Shrublands"
83,25,Low Monte,"Temperate Grasslands, Savannas & Shrublands"
83,26,Low Monte,"Temperate Grasslands, Savannas & Shrublands"
83,27,Low Monte,"Temperate Grasslands, Savannas & Shrublands"
83,28,Low Monte,"Temperate Grasslands, Savannas & Shrublands"
83,29,Low Monte,"Temperate Grasslands, Savannas & Shrublands"
83,30,Low Monte,"Temperate Grasslands, Savannas & Shrublands"
83,31,Low Monte,"Temperate Grasslands, Savannas & Shrublands"
83,32,Low Monte,"Temperate Grasslands, Savannas & Shrublands"
83,33,Low Monte,"Temperate Grasslands, Savannas & Shrublands"
83,34,Espinal,"Temperate Grasslands, Savannas & Shrublands"
83,35,Espinal,"Temperate Grasslands, Savannas & Shrublands"
83,36,Espinal,"Temperate Grasslands, Savannas & Shrublands"
83,37,Espinal,"Temperate Grasslands, Savannas & Shrublands"
83,38,Espinal,"Temperate Grasslands, Savannas & Shrublands"
83,39,Espinal,"Temperate Grasslands, Savannas & Shrublands"
83,40,Humid Pampas,"Temperate Grasslands, Savannas & Shrublands"
83,41,Humid Pampas,"Temperate Grasslands, Savannas & Shrublands"
83,42,Humid Pampas,"Temperate Grasslands, Savannas & Shrublands"
83,43,Humid Pampas,"Temperate Grasslands, Savannas & Shrublands"
83,44,Humid Pampas,"Temperate Grasslands, Savannas & Shrublands"
83,45,Humid Pampas,"Temperate Grasslands, Savannas & Shrublands"
83,46,Humid Pampas,"Temperate Grasslands, Savannas & Shrublands"
83,47,Humid Pampas,"Temperate Grasslands, Savannas & Shrublands"
83,48,Humid Pampas,"Temperate Grasslands, Savannas & Shrublands"
83,49,Humid Pampas,"Temperate Grasslands, Savannas & Shrublands"
83,50,Humid Pampas,"Temperate Grasslands, Savannas & Shrublands"
83,51,,
83,52,,
83,53,,
83,54,,
83,55,,
83,56,,
83,57,,
83,58,,
83,59,,
83,60,,
83,61,,
83,62,,
83,63,,
83,64,,
83,65,,
83,66,,
83,67,,
83,68,,
83,69,,
83,70,,
83,71,,
83,72,,
83,73,,
83,74,,
83,75,,
83,76,,
84,0,,
84,1,,
84,2,,
84,3,,
84,4,,
84,5,,
84,6,,
84,7,,
84,8,Valdivian temperate forests,Temperate Broadleaf & Mixed Forests
84,9,Valdivian temperate forests,Temperate Broadleaf & Mixed Forests
84,10,Valdivian temperate forests,Temperate Broadleaf & Mixed Forests
84,11,Chilean Matorral,"Mediterranean Forests, Woodlands & Scrub"
84,12,Chilean Matorral,"Mediterranean Forests, Woodlands & Scrub"
84,13,Valdivian temperate forests,Temperate Broadleaf & Mixed Forests
84,14,Valdivian temperate forests,Temperate Broadleaf & Mixed Forests
84,15,Valdivian temperate forests,Temperate Broadleaf & Mixed Forests
84,16,Patagonian steppe,"Temperate Grasslands, Savannas & Shrublands"
84,17,Patagonian steppe,"Temperate Grasslands, Savannas & Shrublands"
84,18,Patagonian steppe,"Temperate Grasslands, Savannas & Shrublands"
84,19,Low Monte,"Temperate Grasslands, Savannas & Shrublands"
84,20,Low Monte,"Temperate Grasslands, Savannas & Shrublands"
84,21,Low Monte,"Temperate Grasslands, Savannas & Shrublands"
84,22,Low Monte,"Temperate Grasslands, Savannas & Shrublands"
84,23,Low Monte,"Temperate Grasslands, Savannas & Shrublands"
84,24,Low Monte,"Temperate Grasslands, Savannas & Shrublands"
84,25,Low Monte,"Temperate Grasslands, Savannas & Shrublands"
84,26,Low Monte,"Temperate Grasslands, Savannas & Shrublands"
84,27,Low Monte,"Temperate Grasslands, Savannas & Shrublands"
84,28,Low Monte,"Temperate Grasslands, Savannas & Shrublands"
84,29,Low Monte,"Temperate Grasslands, Savannas & Shrublands"
84,30,Low Monte,"Temperate Grasslands, Savannas & Shrublands"
84,31,Low Monte,"Temperate Grasslands, Savannas & Shrublands"
84,32,Low Monte,"Temperate Grasslands, Savannas & Shrublands"
84,33,Espinal,"Temperate Grasslands, Savannas & Shrublands"
84,34,Espinal,"Temperate Grasslands, Savannas & Shrublands"
84,35,Espinal,"Temperate Grasslands, Savannas & Shrublands"
84,36,Espinal,"Temperate Grasslands, Savannas & Shrublands"
84,37,Espinal,"Temperate Grasslands, Savannas & Shrublands"
84,38,Espinal,"Temperate Grasslands, Savannas & Shrublands"
84,39,Espinal,"Temperate Grasslands, Savannas & Shrublands"
84,40,Humid Pampas,"Temperate Grasslands, Savannas & Shrublands"
84,41,Humid Pampas,"Temperate Grasslands, Savannas & Shrublands"
84,42,Humid Pampas,"Temperate Grasslands, Savannas & Shrublands"
84,43,Humid Pampas,"Temperate Grasslands, Savannas & Shrublands"
84,44,Humid Pampas,"Temperate Grasslands, Savannas & Shrublands"
84,45,Humid Pampas,"Temperate Grasslands, Savannas & Shrublands"
84,46,Humid Pampas,"Temperate Grasslands, Savannas & Shrublands"
84,47,Humid Pampas,"Temperate Grasslands, Savannas & Shrublands"
84,48,Humid Pampas,"Temperate Grasslands, Savannas & Shrublands"
84,49,Humid Pampas,"Temperate Grasslands, Savannas & Shrublands"
84,50,Humid Pampas,"Temperate Grasslands, Savannas & Shrublands"
84,51,Humid Pampas,"Temperate Grasslands, Savannas & Shrublands"
84,52,Humid Pampas,"Temperate Grasslands, Savannas & Shrublands"
84,53,Humid Pampas,"Temperate Grasslands, Savannas & Shrublands"
84,54,,
84,55,,
84,56,,
84,57,,
84,58,,
84,59,,
84,60,,
84,61,,
84,62,,
84,63,,
84,64,,
84,65,,
84,66,,
84,67,,
84,68,,
84,69,,
84,70,,
84,71,,
84,72,,
84,73,,
84,74,,
84,75,,
84,76,,
85,0,,
85,1,,
85,2,,
85,3,,
85,4,,
85,5,,
85,6,,
85,7,,
85,8,Valdivian temperate forests,Temperate Broadleaf & Mixed Forests
85,9,Valdivian temperate forests,Temperate Broadleaf & Mixed Forests
85,10,Valdivian temperate forests,Temperate Broadleaf & Mixed Forests
85,11,Chilean Matorral,"Mediterranean Forests, Woodlands & Scrub"
85,12,Chilean Matorral,"Mediterranean Forests, Woodlands & Scrub"
85,13,Valdivian temperate forests,Temperate Broadleaf & Mixed Forests
85,14,Valdivian temperate forests,Temperate Broadleaf & Mixed Forests
85,15,Valdivian temperate forests,Temperate Broadleaf & Mixed Forests
85,16,Patagonian steppe,"Temperate Grasslands, Savannas & Shrublands"
85,17,Patagonian steppe,"Temperate Grasslands, Savannas & Shrublands"
85,18,Patagonian steppe,"Temperate Grasslands, Savannas & Shrublands"
85,19,Patagonian steppe,"Temperate Grasslands, Savannas & Shrublands"
85,20,Low Monte,"Temperate Grasslands, Savannas & Shrublands"
85,21,Patagonian steppe,"Temperate Grasslands, Savannas & Shrublands"
85,22,Low Monte,"Temperate Grasslands, Savannas & Shrublands"
85,23,Low Monte,"Temperate Grasslands, Savannas & Shrublands"
85,24,Low Monte,"Temperate Grasslands, Savannas & Shrublands"
85,25,Low Monte,"Temperate Grasslands, Savannas & Shrublands"
85,26,Low Monte,"Temperate Grasslands, Savannas & Shrublands"
85,27,Low Monte,"Temperate Grasslands, Savannas & Shrublands"
85,28,Low Monte,"Temperate Grasslands, Savannas & Shrublands"
85,29,Low Monte,"Temperate Grasslands, Savannas & Shrublands"
85,30,Low Monte,"Temperate Grasslands, Savannas & Shrublands"
85,31,Low Monte,"Temperate Grasslands, Savannas & Shrublands"
85,32,Espinal,"Temperate Grasslands, Savannas & Shrublands"
85,33,Espinal,"Temperate Grasslands, Savannas & Shrublands"
85,34,Espinal,"Temperate Grasslands, Savannas & Shrublands"
85,35,Espinal,"Temperate Grasslands, Savannas & Shrublands"
85,36,Espinal,"Temperate Grasslands, Savannas & Shrublands"
85,37,Espinal,"Temperate Grasslands, Savannas & Shrublands"
85,38,Espinal,"Temperate Grasslands, Savannas & Shrublands"
85,39,Humid Pampas,"Temperate Grasslands, Savannas & Shrublands"
85,40,Humid Pampas,"Temperate Grasslands, Savannas & Shrublands"
85,41,Humid Pampas,"Temperate Grasslands, Savannas & Shrublands"
85,42,Humid Pampas,"Temperate Grasslands, Savannas & Shrublands"
85,43,Humid Pampas,"Temperate Grasslands, Savannas & Shrublands"
85,44,Humid Pampas,"Temperate Grasslands, Savannas & Shrublands"
85,45,Humid Pampas,"Temperate Grasslands, Savannas & Shrublands"
85,46,Humid Pampas,"Temperate Grasslands, Savannas & Shrublands"
85,47,Humid Pampas,"Temperate Grasslands, Savannas & Shrublands"
85,48,Humid Pampas,"Temperate Grasslands, Savannas & Shrublands"
85,49,Humid Pampas,"Temperate Grasslands, Savannas & Shrublands"
85,50,Humid Pampas,"Temperate Grasslands, Savannas & Shrublands"
85,51,Humid Pampas,"Temperate Grasslands, Savannas & Shrublands"
85,52,Humid Pampas,"Temperate Grasslands, Savannas & Shrublands"
85,53,Humid Pampas,"Temperate Grasslands, Savannas & Shrublands"
85,54,,
85,55,,
85,56,,
85,57,,
85,58,,
85,59,,
85,60,,
85,61,,
85,62,,
85,63,,
85,64,,
85,65,,
85,66,,
85,67,,
85,68,,
85,69,,
85,70,,
85,71,,
85,72,,
85,73,,
85,74,,
85,75,,
85,76,,
86,0,,
86,1,,
86,2,,
86,3,,
86,4,,
86,5,,
86,6,,
86,7,,
86,8,Valdivian temperate forests,Temperate Broadleaf & Mixed Forests
86,9,Valdivian temperate forests,Temperate Broadleaf & Mixed Forests
86,10,Valdivian temperate forests,Temperate Broadleaf & Mixed Forests
86,11,Chilean Matorral,"Mediterranean Forests, Woodlands & Scrub"
86,12,Chilean Matorral,"Mediterranean Forests, Woodlands & Scrub"
86,13,Valdivian temperate forests,Temperate Broadleaf & Mixed Forests
86,14,Valdivian temperate forests,Temperate Broadleaf & Mixed Forests
86,15,Valdivian temperate forests,Temperate Broadleaf & Mixed Forests
86,16,Patagonian steppe,"Temperate Grasslands, Savannas & Shrublands"
86,17,Patagonian steppe,"Temperate Grasslands, Savannas & Shrublands"
86,18,Patagonian steppe,"Temperate Grasslands, Savannas & Shrublands"
86,19,Patagonian steppe,"Temperate Grasslands, Savannas & Shrublands"
86,20,Low Monte,"Temperate Grasslands, Savannas & Shrublands"
86,21,Low Monte,"Temperate Grasslands, Savannas & Shrublands"
86,22,Low Monte,"Temperate Grasslands, Savannas & Shrublands"
86,23,Low Monte,"Temperate Grasslands, Savannas & Shrublands"
86,24,Low Monte,"Temperate Grasslands, Savannas & Shrublands"
86,25,Low Monte,"Temperate Grasslands, Savannas & Shrublands"
86,26,Low Monte,"Temperate Grasslands, Savannas & Shrublands"
86,27,Low Monte,"Temperate Grasslands, Savannas & Shrublands"
86,28,Low Monte,"Temperate Grasslands, Savannas & Shrublands"
86,29,Low Monte,"Temperate Grasslands, Savannas & Shrublands"
86,30,Low Monte,"Temperate Grasslands, Savannas & Shrublands"
86,31,Low Monte,"Temperate Grasslands, Savannas & Shrublands"
86,32,Espinal,"Temperate Grasslands, Savannas & Shrublands"
86,33,Espinal,"Temperate Grasslands, Savannas & Shrublands"
86,34,Espinal,"Temperate Grasslands, Savannas & Shrublands"
86,35,Espinal,"Temperate Grasslands, Savannas & Shrublands"
86,36,Espinal,"Temperate Grasslands, Savannas & Shrublands"
86,37,Espinal,"Temperate Grasslands, Savannas & Shrublands"
86,38,Humid Pampas,"Temperate Grasslands, Savannas & Shrublands"
86,39,Humid Pampas,"Temperate Grasslands, Savannas & Shrublands"
86,40,Humid Pampas,"Temperate Grasslands, Savannas & Shrublands"
86,41,Humid Pampas,"Temperate Grasslands, Savannas & Shrublands"
86,42,Humid Pampas,"Temperate Grasslands, Savannas & Shrublands"
86,43,Humid Pampas,"Temperate Grasslands, Savannas & Shrublands"
86,44,Humid Pampas,"Temperate Grasslands, Savannas & Shrublands"
86,45,Humid Pampas,"Temperate Grasslands, Savannas & Shrublands"
86,46,Humid Pampas,"Temperate Grasslands, Savannas & Shrublands"
86,47,Humid Pampas,"Temperate Grasslands, Savannas & Shrublands"
86,48,Humid Pampas,"Temperate Grasslands, Savannas & Shrublands"
86,49,Humid Pampas,"Temperate Grasslands, Savannas & Shrublands"
86,50,Humid Pampas,"Temperate Grasslands, Savannas & Shrublands"
86,51,Humid Pampas,"Temperate Grasslands, Savannas & Shrublands"
86,52,Humid Pampas,"Temperate Grasslands, Savannas & Shrublands"
86,53,Humid Pampas,"Temperate Grasslands, Savannas & Shrublands"
86,54,Humid Pampas,"Temperate Grasslands, Savannas & Shrublands"
86,55,,
86,56,,
86,57,,
86,58,,
86,59,,
86,60,,
86,61,,
86,62,,
86,63,,
86,64,,
86,65,,
86,66,,
86,67,,
86,68,,
86,69,,
86,70,,
86,71,,
86,72,,
86,73,,
86,74,,
86,75,,
86,76,,
87,0,,
87,1,,
87,2,,
87,3,,
87,4,,
87,5,,
87,6,,
87,7,,
87,8,,
87,9,Valdivian temperate forests,Temperate Broadleaf & Mixed Forests
87,10,Valdivian temperate forests,Temperate Broadleaf & Mixed Forests
87,11,Chilean Matorral,"Mediterranean Forests, Woodlands & Scrub"
87,12,Chilean Matorral,"Mediterranean Forests, Woodlands & Scrub"
87,13,Valdivian temperate forests,Temperate Broadleaf & Mixed Forests
87,14,Valdivian temperate forests,Temperate Broadleaf & Mixed Forests
87,15,Valdivian temperate forests,Temperate Broadleaf & Mixed Forests
87,16,Patagonian steppe,"Temperate Grasslands, Savannas & Shrublands"
87,17,Patagonian steppe,"Temperate Grasslands, Savannas & Shrublands"
87,18,Patagonian steppe,"Temperate Grasslands, Savannas & Shrublands"
87,19,Patagonian steppe,"Temperate Grasslands, Savannas & Shrublands"
87,20,Low Monte,"Temperate Grasslands, Savannas & Shrublands"
87,21,Low Monte,"Temperate Grasslands, Savannas & Shrublands"
87,22,Low Monte,"Temperate Grasslands, Savannas & Shrublands"
87,23,Low Monte,"Temperate Grasslands, Savannas & Shrublands"
87,24,Low Monte,"Temperate Grasslands, Savannas & Shrublands"
87,25,Low Monte,"Temperate Grasslands, Savannas & Shrublands"
87,26,Low Monte,"Temperate Grasslands, Savannas & Shrublands"
87,27,Low Monte,"Temperate Grasslands, Savannas & Shrublands"
87,28,Low Monte,"Temperate Grasslands, Savannas & Shrublands"
87,29,Low Monte,"Temperate Grasslands, Savannas & Shrublands"
87,30,Espinal,"Temperate Grasslands, Savannas & Shrublands"
87,31,Espinal,"Temperate Grasslands, Savannas & Shrublands"
87,32,Espinal,"Temperate Grasslands, Savannas & Shrublands"
87,33,Espinal,"Temperate Grasslands, Savannas & Shrublands"
87,34,Espinal,"Temperate Grasslands, Savannas & Shrublands"
87,35,Espinal,"Temperate Grasslands, Savannas & Shrublands"
87,36,Espinal,"Temperate Grasslands, Savannas & Shrublands"
87,37,Espinal,"Temperate Grasslands, Savannas & Shrublands"
87,38,Humid Pampas,"Temperate Grasslands, Savannas & Shrublands"
87,39,Humid Pampas,"Temperate Grasslands, Savannas & Shrublands"
87,40,Humid Pampas,"Temperate Grasslands, Savannas & Shrublands"
87,41,Humid Pampas,"Temperate Grasslands, Savannas & Shrublands"
87,42,Humid Pampas,"Temperate Grasslands, Savannas & Shrublands"
87,43,Humid Pampas,"Temperate Grasslands, Savannas & Shrublands"
87,44,Humid Pampas,"Temperate Grasslands, Savannas & Shrublands"
87,45,Humid Pampas,"Temperate Grasslands, Savannas & Shrublands"
87,46,Humid Pampas,"Temperate Grasslands, Savannas & Shrublands"
87,47,Humid Pampas,"Temperate Grasslands, Savannas & Shrublands"
87,48,Humid Pampas,"Temperate Grasslands, Savannas & Shrublands"
87,49,Humid Pampas,"Temperate Grasslands, Savannas & Shrublands"
87,50,Humid Pampas,"Temperate Grasslands, Savannas & Shrublands"
87,51,Humid Pampas,"Temperate Grasslands, Savannas & Shrublands"
87,52,Humid Pampas,"Temperate Grasslands, Savannas & Shrublands"
87,53,Humid Pampas,"Temperate Grasslands, Savannas & Shrublands"
87,54,Humid Pampas,"Temperate Grasslands, Savannas & Shrublands"
87,55,Humid Pampas,"Temperate Grasslands, Savannas & Shrublands"
87,56,,
87,57,,
87,58,,
87,59,,
87,60,,
87,61,,
87,62,,
87,63,,
87,64,,
87,65,,
87,66,,
87,67,,
87,68,,
87,69,,
87,70,,
87,71,,
87,72,,
87,73,,
87,74,,
87,75,,
87,76,,
88,0,,
88,1,,
88,2,,
88,3,,
88,4,,
88,5,,
88,6,,
88,7,,
88,8,,
88,9,,
88,10,Valdivian temperate forests,Temperate Broadleaf & Mixed Forests
88,11,Chilean Matorral,"Mediterranean Forests, Woodlands & Scrub"
88,12,Chilean Matorral,"Mediterranean Forests, Woodlands & Scrub"
88,13,Valdivian temperate forests,Temperate Broadleaf & Mixed Forests
88,14,Valdivian temperate forests,Temperate Broadleaf & Mixed Forests
88,15,Patagonian steppe,"Temperate Grasslands, Savannas & Shrublands"
88,16,Patagonian steppe,"Temperate Grasslands, Savannas & Shrublands"
88,17,Patagonian steppe,"Temperate Grasslands, Savannas & Shrublands"
88,18,Patagonian steppe,"Temperate Grasslands, Savannas & Shrublands"
88,19,Patagonian steppe,"Temperate Grasslands, Savannas & Shrublands"
88,20,Patagonian steppe,"Temperate Grasslands, Savannas & Shrublands"
88,21,Patagonian steppe,"Temperate Grasslands, Savannas & Shrublands"
88,22,Low Monte,"Temperate Grasslands, Savannas & Shrublands"
88,23,Low Monte,"Temperate Grasslands, Savannas & Shrublands"
88,24,Low Monte,"Temperate Grasslands, Savannas & Shrublands"
88,25,Low Monte,"Temperate Grasslands, Savannas & Shrublands"
88,26,Low Monte,"Temperate Grasslands, Savannas & Shrublands"
88,27,Low Monte,"Temperate Grasslands, Savannas & Shrublands"
88,28,Espinal,"Temperate Grasslands, Savannas & Shrublands"
88,29,Espinal,"Temperate Grasslands, Savannas & Shrublands"
88,30,Espinal,"Temperate Grasslands, Savannas & Shrublands"
88,31,Espinal,"Temperate Grasslands, Savannas & Shrublands"
88,32,Espinal,"Temperate Grasslands, Savannas & Shrublands"
88,33,Espinal,"Temperate Grasslands, Savannas & Shrublands"
88,34,Espinal,"Temperate Grasslands, Savannas & Shrublands"
88,35,Espinal,"Temperate Grasslands, Savannas & Shrublands"
88,36,Espinal,"Temperate Grasslands, Savannas & Shrublands"
88,37,Humid Pampas,"Temperate Grasslands, Savannas & Shrublands"
88,38,Humid Pampas,"Temperate Grasslands, Savannas & Shrublands"
88,39,Humid Pampas,"Temperate Grasslands, Savannas & Shrublands"
88,40,Humid Pampas,"Temperate Grasslands, Savannas & Shrublands"
88,41,Humid Pampas,"Temperate Grasslands, Savannas & Shrublands"
88,42,Humid Pampas,"Temperate Grasslands, Savannas & Shrublands"
88,43,Humid Pampas,"Temperate Grasslands, Savannas & Shrublands"
88,44,Humid Pampas,"Temperate Grasslands, Savannas & Shrublands"
88,45,Humid Pampas,"Temperate Grasslands, Savannas & Shrublands"
88,46,Humid Pampas,"Temperate Grasslands, Savannas & Shrublands"
88,47,Humid Pampas,"Temperate Grasslands, Savannas & Shrublands"
88,48,Humid Pampas,"Temperate Grasslands, Savannas & Shrublands"
88,49,Humid Pampas,"Temperate Grasslands, Savannas & Shrublands"
88,50,Humid Pampas,"Temperate Grasslands, Savannas & Shrublands"
88,51,Humid Pampas,"Temperate Grasslands, Savannas & Shrublands"
88,52,Humid Pampas,"Temperate Grasslands, Savannas & Shrublands"
88,53,Humid Pampas,"Temperate Grasslands, Savannas & Shrublands"
88,54,Humid Pampas,"Temperate Grasslands, Savannas & Shrublands"
88,55,Humid Pampas,"Temperate Grasslands, Savannas & Shrublands"
88,56,,
88,57,,
88,58,,
88,59,,
88,60,,
88,61,,
88,62,,
88,63,,
88,64,,
88,65,,
88,66,,
88,67,,
88,68,,
88,69,,
88,70,,
88,71,,
88,72,,
88,73,,
88,74,,
88,75,,
88,76,,
89,0,,
89,1,,
89,2,,
89,3,,
89,4,,
89,5,,
89,6,,
89,7,,
89,8,,
89,9,,
89,10,Valdivian temperate forests,Temperate Broadleaf & Mixed Forests
89,11,Chilean Matorral,"Mediterranean Forests, Woodlands & Scrub"
89,12,Chilean Matorral,"Mediterranean Forests, Woodlands & Scrub"
89,13,Valdivian temperate forests,Temperate Broadleaf & Mixed Forests
89,14,Valdivian temperate forests,Temperate Broadleaf & Mixed Forests
89,15,Valdivian temperate forests,Temperate Broadleaf & Mixed Forests
89,16,Patagonian steppe,"Temperate Grasslands, Savannas & Shrublands"
89,17,Patagonian steppe,"Temperate Grasslands, Savannas & Shrublands"
89,18,Patagonian steppe,"Temperate Grasslands, Savannas & Shrublands"
89,19,Patagonian steppe,"Temperate Grasslands, Savannas & Shrublands"
89,20,Patagonian steppe,"Temperate Grasslands, Savannas & Shrublands"
89,21,Patagonian steppe,"Temperate Grasslands, Savannas & Shrublands"
89,22,Patagonian steppe,"Temperate Grasslands, Savannas & Shrublands"
89,23,Low Monte,"Temperate Grasslands, Savannas & Shrublands"
89,24,Low Monte,"Temperate Grasslands, Savannas & Shrublands"
89,25,Low Monte,"Temperate Grasslands, Savannas & Shrublands"
89,26,Low Monte,"Temperate Grasslands, Savannas & Shrublands"
89,27,Low Monte,"Temperate Grasslands, Savannas & Shrublands"
89,28,Espinal,"Temperate Grasslands, Savannas & Shrublands"
89,29,Espinal,"Temperate Grasslands, Savannas & Shrublands"
89,30,Espinal,"Temperate Grasslands, Savannas & Shrublands"
89,31,Espinal,"Temperate Grasslands, Savannas & Shrublands"
89,32,Espinal,"Temperate Grasslands, Savannas & Shrublands"
89,33,Espinal,"Temperate Grasslands, Savannas & Shrublands"
89,34,Espinal,"Temperate Grasslands, Savannas & Shrublands"
89,35,Espinal,"Temperate Grasslands, Savannas & Shrublands"
89,36,Espinal,"Temperate Grasslands, Savannas & Shrublands"
89,37,Humid Pampas,"Temperate Grasslands, Savannas & Shrublands"
89,38,Humid Pampas,"Temperate Grasslands, Savannas & Shrublands"
89,39,Humid Pampas,"Temperate Grasslands, Savannas & Shrublands"
89,40,Humid Pampas,"Temperate Grasslands, Savannas & Shrublands"
89,41,Humid Pampas,"Temperate Grasslands, Savannas & Shrublands"
89,42,Humid Pampas,"Temperate Grasslands, Savannas & Shrublands"
89,43,Humid Pampas,"Temperate Grasslands, Savannas & Shrublands"
89,44,Humid Pampas,"Temperate Grasslands, Savannas & Shrublands"
89,45,Humid Pampas,"Temperate Grasslands, Savannas & Shrublands"
89,46,Humid Pampas,"Temperate Grasslands, Savannas & Shrublands"
89,47,Humid Pampas,"Temperate Grasslands, Savannas & Shrublands"
89,48,Humid Pampas,"Temperate Grasslands, Savannas & Shrublands"
89,49,Humid Pampas,"Temperate Grasslands, Savannas & Shrublands"
89,50,Humid Pampas,"Temperate Grasslands, Savannas & Shrublands"
89,51,Humid Pampas,"Temperate Grasslands, Savannas & Shrublands"
89,52,Humid Pampas,"Temperate Grasslands, Savannas & Shrublands"
89,53,Humid Pampas,"Temperate Grasslands, Savannas & Shrublands"
89,54,Humid Pampas,"Temperate Grasslands, Savannas & Shrublands"
89,55,Humid Pampas,"Temperate Grasslands, Savannas & Shrublands"
89,56,Humid Pampas,"Temperate Grasslands, Savannas & Shrublands"
89,57,,
89,58,,
89,59,,
89,60,,
89,61,,
89,62,,
89,63,,
89,64,,
89,65,,
89,66,,
89,67,,
89,68,,
89,69,,
89,70,,
89,71,,
89,72,,
89,73,,
89,74,,
89,75,,
89,76,,
90,0,,
90,1,,
90,2,,
90,3,,
90,4,,
90,5,,
90,6,,
90,7,,
90,8,,
90,9,,
90,10,Valdivian temperate forests,Temperate Broadleaf & Mixed Forests
90,11,Chilean Matorral,"Mediterranean Forests, Woodlands & Scrub"
90,12,Chilean Matorral,"Mediterranean Forests, Woodlands & Scrub"
90,13,Valdivian temperate forests,Temperate Broadleaf & Mixed Forests
90,14,Valdivian temperate forests,Temperate Broadleaf & Mixed Forests
90,15,Valdivian temperate forests,Temperate Broadleaf & Mixed Forests
90,16,Valdivian temperate forests,Temperate Broadleaf & Mixed Forests
90,17,Southern Andean steppe,Montane Grasslands & Shrublands
90,18,Patagonian steppe,"Temperate Grasslands, Savannas & Shrublands"
90,19,Patagonian steppe,"Temperate Grasslands, Savannas & Shrublands"
90,20,Patagonian steppe,"Temperate Grasslands, Savannas & Shrublands"
90,21,Patagonian steppe,"Temperate Grasslands, Savannas & Shrublands"
90,22,Patagonian steppe,"Temperate Grasslands, Savannas & Shrublands"
90,23,Low Monte,"Temperate Grasslands, Savannas & Shrublands"
90,24,Low Monte,"Temperate Grasslands, Savannas & Shrublands"
90,25,Low Monte,"Temperate Grasslands, Savannas & Shrublands"
90,26,Low Monte,"Temperate Grasslands, Savannas & Shrublands"
90,27,Low Monte,"Temperate Grasslands, Savannas & Shrublands"
90,28,Espinal,"Temperate Grasslands, Savannas & Shrublands"
90,29,Espinal,"Temperate Grasslands, Savannas & Shrublands"
90,30,Espinal,"Temperate Grasslands, Savannas & Shrublands"
90,31,Espinal,"Temperate Grasslands, Savannas & Shrublands"
90,32,Espinal,"Temperate Grasslands, Savannas & Shrublands"
90,33,Espinal,"Temperate Grasslands, Savannas & Shrublands"
90,34,Espinal,"Temperate Grasslands, Savannas & Shrublands"
90,35,Espinal,"Temperate Grasslands, Savannas & Shrublands"
90,36,Humid Pampas,"Temperate Grasslands, Savannas & Shrublands"
90,37,Humid Pampas,"Temperate Grasslands, Savannas & Shrublands"
90,38,Humid Pampas,"Temperate Grasslands, Savannas & Shrublands"
90,39,Humid Pampas,"Temperate Grasslands, Savannas & Shrublands"
90,40,Humid Pampas,"Temperate Grasslands, Savannas & Shrublands"
90,41,Humid Pampas,"Temperate Grasslands, Savannas & Shrublands"
90,42,Humid Pampas,"Temperate Grasslands, Savannas & Shrublands"
90,43,Humid Pampas,"Temperate Grasslands, Savannas & Shrublands"
90,44,Humid Pampas,"Temperate Grasslands, Savannas & Shrublands"
90,45,Humid Pampas,"Temperate Grasslands, Savannas & Shrublands"
90,46,Humid Pampas,"Temperate Grasslands, Savannas & Shrublands"
90,47,Humid Pampas,"Temperate Grasslands, Savannas & Shrublands"
90,48,Humid Pampas,"Temperate Grasslands, Savannas & Shrublands"
90,49,Humid Pampas,"Temperate Grasslands, Savannas & Shrublands"
90,50,Humid Pampas,"Temperate Grasslands, Savannas & Shrublands"
90,51,Humid Pampas,"Temperate Grasslands, Savannas & Shrublands"
90,52,Humid Pampas,"Temperate Grasslands, Savannas & Shrublands"
90,53,Humid Pampas,"Temperate Grasslands, Savannas & Shrublands"
90,54,Humid Pampas,"Temperate Grasslands, Savannas & Shrublands"
90,55,Humid Pampas,"Temperate Grasslands, Savannas & Shrublands"
90,56,Humid Pampas,"Temperate Grasslands, Savannas & Shrublands"
90,57,,
90,58,,
90,59,,
90,60,,
90,61,,
90,62,,
90,63,,
90,64,,
90,65,,
90,66,,
90,67,,
90,68,,
90,69,,
90,70,,
90,71,,
90,72,,
90,73,,
90,74,,
90,75,,
90,76,,
91,0,,
91,1,,
91,2,,
91,3,,
91,4,,
91,5,,
91,6,,
91,7,,
91,8,,
91,9,,
91,10,Valdivian temperate forests,Temperate Broadleaf & Mixed Forests
91,11,Chilean Matorral,"Mediterranean Forests, Woodlands & Scrub"
91,12,Chilean Matorral,"Mediterranean Forests, Woodlands & Scrub"
91,13,Valdivian temperate forests,Temperate Broadleaf & Mixed Forests
91,14,Valdivian temperate forests,Temperate Broadleaf & Mixed Forests
91,15,Valdivian temperate forests,Temperate Broadleaf & Mixed Forests
91,16,Valdivian temperate forests,Temperate Broadleaf & Mixed Forests
91,17,Southern Andean steppe,Montane Grasslands & Shrublands
91,18,Patagonian steppe,"Temperate Grasslands, Savannas & Shrublands"
91,19,Patagonian steppe,"Temperate Grasslands, Savannas & Shrublands"
91,20,Patagonian steppe,"Temperate Grasslands, Savannas & Shrublands"
91,21,Patagonian steppe,"Temperate Grasslands, Savannas & Shrublands"
91,22,Patagonian steppe,"Temperate Grasslands, Savannas & Shrublands"
91,23,Low Monte,"Temperate Grasslands, Savannas & Shrublands"
91,24,Low Monte,"Temperate Grasslands, Savannas & Shrublands"
91,25,Low Monte,"Temperate Grasslands, Savannas & Shrublands"
91,26,Low Monte,"Temperate Grasslands, Savannas & Shrublands"
91,27,Espinal,"Temperate Grasslands, Savannas & Shrublands"
91,28,Espinal,"Temperate Grasslands, Savannas & Shrublands"
91,29,Espinal,"Temperate Grasslands, Savannas & Shrublands"
91,30,Espinal,"Temperate Grasslands, Savannas & Shrublands"
91,31,Espinal,"Temperate Grasslands, Savannas & Shrublands"
91,32,Espinal,"Temperate Grasslands, Savannas & Shrublands"
91,33,Espinal,"Temperate Grasslands, Savannas & Shrublands"
91,34,Espinal,"Temperate Grasslands, Savannas & Shrublands"
91,35,Espinal,"Temperate Grasslands, Savannas & Shrublands"
91,36,Humid Pampas,"Temperate Grasslands, Savannas & Shrublands"
91,37,Humid Pampas,"Temperate Grasslands, Savannas & Shrublands"
91,38,Humid Pampas,"Temperate Grasslands, Savannas & Shrublands"
91,39,Humid Pampas,"Temperate Grasslands, Savannas & Shrublands"
91,40,Humid Pampas,"Temperate Grasslands, Savannas & Shrublands"
91,41,Humid Pampas,"Temperate Grasslands, Savannas & Shrublands"
91,42,Humid Pampas,"Temperate Grasslands, Savannas & Shrublands"
91,43,Humid Pampas,"Temperate Grasslands, Savannas & Shrublands"
91,44,Humid Pampas,"Temperate Grasslands, Savannas & Shrublands"
91,45,Humid Pampas,"Temperate Grasslands, Savannas & Shrublands"
91,46,Humid Pampas,"Temperate Grasslands, Savannas & Shrublands"
91,47,Humid Pampas,"Temperate Grasslands, Savannas & Shrublands"
91,48,Humid Pampas,"Temperate Grasslands, Savannas & Shrublands"
91,49,Humid Pampas,"Temperate Grasslands, Savannas & Shrublands"
91,50,Humid Pampas,"Temperate Grasslands, Savannas & Shrublands"
91,51,Humid Pampas,"Temperate Grasslands, Savannas & Shrublands"
91,52,Humid Pampas,"Temperate Grasslands, Savannas & Shrublands"
91,53,Humid Pampas,"Temperate Grasslands, Savannas & Shrublands"
91,54,Humid Pampas,"Temperate Grasslands, Savannas & Shrublands"
91,55,Humid Pampas,"Temperate Grasslands, Savannas & Shrublands"
91,56,,
91,57,,
91,58,,
91,59,,
91,60,,
91,61,,
91,62,,
91,63,,
91,64,,
91,65,,
91,66,,
91,67,,
91,68,,
91,69,,
91,70,,
91,71,,
91,72,,
91,73,,
91,74,,
91,75,,
91,76,,
92,0,,
92,1,,
92,2,,
92,3,,
92,4,,
92,5,,
92,6,,
92,7,,
92,8,,
92,9,,
92,10,Valdivian temperate forests,Temperate Broadleaf & Mixed Forests
92,11,Valdivian temperate forests,Temperate Broadleaf & Mixed Forests
92,12,Chilean Matorral,"Mediterranean Forests, Woodlands & Scrub"
92,13,Chilean Matorral,"Mediterranean Forests, Woodlands & Scrub"
92,14,Valdivian temperate forests,Temperate Broadleaf & Mixed Forests
92,15,Valdivian temperate forests,Temperate Broadleaf & Mixed Forests
92,16,Valdivian temperate forests,Temperate Broadleaf & Mixed Forests
92,17,Southern Andean steppe,Montane Grasslands & Shrublands
92,18,Southern Andean steppe,Montane Grasslands & Shrublands
92,19,Patagonian steppe,"Temperate Grasslands, Savannas & Shrublands"
92,20,Patagonian steppe,"Temperate Grasslands, Savannas & Shrublands"
92,21,Patagonian steppe,"Temperate Grasslands, Savannas & Shrublands"
92,22,Patagonian steppe,"Temperate Grasslands, Savannas & Shrublands"
92,23,Low Monte,"Temperate Grasslands, Savannas & Shrublands"
92,24,Low Monte,"Temperate Grasslands, Savannas & Shrublands"
92,25,Low Monte,"Temperate Grasslands, Savannas & Shrublands"
92,26,Low Monte,"Temperate Grasslands, Savannas & Shrublands"
92,27,Low Monte,"Temperate Grasslands, Savannas & Shrublands"
92,28,Espinal,"Temperate Grasslands, Savannas & Shrublands"
92,29,Espinal,"Temperate Grasslands, Savannas & Shrublands"
92,30,Espinal,"Temperate Grasslands, Savannas & Shrublands"
92,31,Espinal,"Temperate Grasslands, Savannas & Shrublands"
92,32,Espinal,"Temperate Grasslands, Savannas & Shrublands"
92,33,Espinal,"Temperate Grasslands, Savannas & Shrublands"
92,34,Espinal,"Temperate Grasslands, Savannas & Shrublands"
92,35,Humid Pampas,"Temperate Grasslands, Savannas & Shrublands"
92,36,Humid Pampas,"Temperate Grasslands, Savannas & Shrublands"
92,37,Humid Pampas,"Temperate Grasslands, Savannas & Shrublands"
92,38,Humid Pampas,"Temperate Grasslands, Savannas & Shrublands"
92,39,Humid Pampas,"Temperate Grasslands, Savannas & Shrublands"
92,40,Humid Pampas,"Temperate Grasslands, Savannas & Shrublands"
92,41,Humid Pampas,"Temperate Grasslands, Savannas & Shrublands"
92,42,Humid Pampas,"Temperate Grasslands, Savannas & Shrublands"
92,43,Humid Pampas,"Temperate Grasslands, Savannas & Shrublands"
92,44,Humid Pampas,"Temperate Grasslands, Savannas & Shrublands"
92,45,Humid Pampas,"Temperate Grasslands, Savannas & Shrublands"
92,46,Humid Pampas,"Temperate Grasslands, Savannas & Shrublands"
92,47,Humid Pampas,"Temperate Grasslands, Savannas & Shrublands"
92,48,Humid Pampas,"Temperate Grasslands, Savannas & Shrublands"
92,49,Humid Pampas,"Temperate Grasslands, Savannas & Shrublands"
92,50,Humid Pampas,"Temperate Grasslands, Savannas & Shrublands"
92,51,Humid Pampas,"Temperate Grasslands, Savannas & Shrublands"
92,52,Humid Pampas,"Temperate Grasslands, Savannas & Shrublands"
92,53,Humid Pampas,"Temperate Grasslands, Savannas & Shrublands"
92,54,Humid Pampas,"Temperate Grasslands, Savannas & Shrublands"
92,55,,
92,56,,
92,57,,
92,58,,
92,59,,
92,60,,
92,61,,
92,62,,
92,63,,
92,64,,
92,65,,
92,66,,
92,67,,
92,68,,
92,69,,
92,70,,
92,71,,
92,72,,
92,73,,
92,74,,
92,75,,
92,76,,
93,0,,
93,1,,
93,2,,
93,3,,
93,4,,
93,5,,
93,6,,
93,7,,
93,8,,
93,9,,
93,10,Valdivian temperate forests,Temperate Broadleaf & Mixed Forests
93,11,Valdivian temperate forests,Temperate Broadleaf & Mixed Forests
93,12,Chilean Matorral,"Mediterranean Forests, Woodlands & Scrub"
93,13,Chilean Matorral,"Mediterranean Forests, Woodlands & Scrub"
93,14,Valdivian temperate forests,Temperate Broadleaf & Mixed Forests
93,15,Valdivian temperate forests,Temperate Broadleaf & Mixed Forests
93,16,Valdivian temperate forests,Temperate Broadleaf & Mixed Forests
93,17,Southern Andean steppe,Montane Grasslands & Shrublands
93,18,Southern Andean steppe,Montane Grasslands & Shrublands
93,19,Patagonian steppe,"Temperate Grasslands, Savannas & Shrublands"
93,20,Patagonian steppe,"Temperate Grasslands, Savannas & Shrublands"
93,21,Patagonian steppe,"Temperate Grasslands, Savannas & Shrublands"
93,22,Patagonian steppe,"Temperate Grasslands, Savannas & Shrublands"
93,23,Low Monte,"Temperate Grasslands, Savannas & Shrublands"
93,24,Low Monte,"Temperate Grasslands, Savannas & Shrublands"
93,25,Low Monte,"Temperate Grasslands, Savannas & Shrublands"
93,26,Low Monte,"Temperate Grasslands, Savannas & Shrublands"
93,27,Low Monte,"Temperate Grasslands, Savannas & Shrublands"
93,28,Espinal,"Temperate Grasslands, Savannas & Shrublands"
93,29,Espinal,"Temperate Grasslands, Savannas & Shrublands"
93,30,Espinal,"Temperate Grasslands, Savannas & Shrublands"
93,31,Espinal,"Temperate Grasslands, Savannas & Shrublands"
93,32,Espinal,"Temperate Grasslands, Savannas & Shrublands"
93,33,Espinal,"Temperate Grasslands, Savannas & Shrublands"
93,34,Espinal,"Temperate Grasslands, Savannas & Shrublands"
93,35,Humid Pampas,"Temperate Grasslands, Savannas & Shrublands"
93,36,Humid Pampas,"Temperate Grasslands, Savannas & Shrublands"
93,37,Humid Pampas,"Temperate Grasslands, Savannas & Shrublands"
93,38,Humid Pampas,"Temperate Grasslands, Savannas & Shrublands"
93,39,Humid Pampas,"Temperate Grasslands, Savannas & Shrublands"
93,40,Humid Pampas,"Temperate Grasslands, Savannas & Shrublands"
93,41,Humid Pampas,"Temperate Grasslands, Savannas & Shrublands"
93,42,Humid Pampas,"Temperate Grasslands, Savannas & Shrublands"
93,43,Humid Pampas,"Temperate Grasslands, Savannas & Shrublands"
93,44,Humid Pampas,"Temperate Grasslands, Savannas & Shrublands"
93,45,Humid Pampas,"Temperate Grasslands, Savannas & Shrublands"
93,46,Humid Pampas,"Temperate Grasslands, Savannas & Shrublands"
93,47,Humid Pampas,"Temperate Grasslands, Savannas & Shrublands"
93,48,Humid Pampas,"Temperate Grasslands, Savannas & Shrublands"
93,49,Humid Pampas,"Temperate Grasslands, Savannas & Shrublands"
93,50,Humid Pampas,"Temperate Grasslands, Savannas & Shrublands"
93,51,Humid Pampas,"Temperate Grasslands, Savannas & Shrublands"
93,52,Humid Pampas,"Temperate Grasslands, Savannas & Shrublands"
93,53,Humid Pampas,"Temperate Grasslands, Savannas & Shrublands"
93,54,Humid Pampas,"Temperate Grasslands, Savannas & Shrublands"
93,55,,
93,56,,
93,57,,
93,58,,
93,59,,
93,60,,
93,61,,
93,62,,
93,63,,
93,64,,
93,65,,
93,66,,
93,67,,
93,68,,
93,69,,
93,70,,
93,71,,
93,72,,
93,73,,
93,74,,
93,75,,
93,76,,
94,0,,
94,1,,
94,2,,
94,3,,
94,4,,
94,5,,
94,6,,
94,7,,
94,8,,
94,9,,
94,10,,
94,11,Valdivian temperate forests,Temperate Broadleaf & Mixed Forests
94,12,Chilean Matorral,"Mediterranean Forests, Woodlands & Scrub"
94,13,Chilean Matorral,"Mediterranean Forests, Woodlands & Scrub"
94,14,Valdivian temperate forests,Temperate Broadleaf & Mixed Forests
94,15,Valdivian temperate forests,Temperate Broadleaf & Mixed Forests
94,16,Southern Andean steppe,Montane Grasslands & Shrublands
94,17,Southern Andean steppe,Montane Grasslands & Shrublands
94,18,Patagonian steppe,"Temperate Grasslands, Savannas & Shrublands"
94,19,Patagonian steppe,"Temperate Grasslands, Savannas & Shrublands"
94,20,Patagonian steppe,"Temperate Grasslands, Savannas & Shrublands"
94,21,Patagonian steppe,"Temperate Grasslands, Savannas & Shrublands"
94,22,Low Monte,"Temperate Grasslands, Savannas & Shrublands"
94,23,Low Monte,"Temperate Grasslands, Savannas & Shrublands"
94,24,Low Monte,"Temperate Grasslands, Savannas & Shrublands"
94,25,Low Monte,"Temperate Grasslands, Savannas & Shrublands"
94,26,Low Monte,"Temperate Grasslands, Savannas & Shrublands"
94,27,Low Monte,"Temperate Grasslands, Savannas & Shrublands"
94,28,Espinal,"Temperate Grasslands, Savannas & Shrublands"
94,29,Espinal,"Temperate Grasslands, Savannas & Shrublands"
94,30,Espinal,"Temperate Grasslands, Savannas & Shrublands"
94,31,Espinal,"Temperate Grasslands, Savannas & Shrublands"
94,32,Espinal,"Temperate Grasslands, Savannas & Shrublands"
94,33,Espinal,"Temperate Grasslands, Savannas & Shrublands"
94,34,Espinal,"Temperate Grasslands, Savannas & Shrublands"
94,35,Humid Pampas,"Temperate Grasslands, Savannas & Shrublands"
94,36,Humid Pampas,"Temperate Grasslands, Savannas & Shrublands"
94,37,Humid Pampas,"Temperate Grasslands, Savannas & Shrublands"
94,38,Humid Pampas,"Temperate Grasslands, Savannas & Shrublands"
94,39,Humid Pampas,"Temperate Grasslands, Savannas & Shrublands"
94,40,Humid Pampas,"Temperate Grasslands, Savannas & Shrublands"
94,41,Humid Pampas,"Temperate Grasslands, Savannas & Shrublands"
94,42,Humid Pampas,"Temperate Grasslands, Savannas & Shrublands"
94,43,Humid Pampas,"Temperate Grasslands, Savannas & Shrublands"
94,44,Humid Pampas,"Temperate Grasslands, Savannas & Shrublands"
94,45,Humid Pampas,"Temperate Grasslands, Savannas & Shrublands"
94,46,Humid Pampas,"Temperate Grasslands, Savannas & Shrublands"
94,47,Humid Pampas,"Temperate Grasslands, Savannas & Shrublands"
94,48,Humid Pampas,"Temperate Grasslands, Savannas & Shrublands"
94,49,Humid Pampas,"Temperate Grasslands, Savannas & Shrublands"
94,50,Humid Pampas,"Temperate Grasslands, Savannas & Shrublands"
94,51,Humid Pampas,"Temperate Grasslands, Savannas & Shrublands"
94,52,Humid Pampas,"Temperate Grasslands, Savannas & Shrublands"
94,53,Humid Pampas,"Temperate Grasslands, Savannas & Shrublands"
94,54,Humid Pampas,"Temperate Grasslands, Savannas & Shrublands"
94,55,Humid Pampas,"Temperate Grasslands, Savannas & Shrublands"
94,56,,
94,57,,
94,58,,
94,59,,
94,60,,
94,61,,
94,62,,
94,63,,
94,64,,
94,65,,
94,66,,
94,67,,
94,68,,
94,69,,
94,70,,
94,71,,
94,72,,
94,73,,
94,74,,
94,75,,
94,76,,
95,0,,
95,1,,
95,2,,
95,3,,
95,4,,
95,5,,
95,6,,
95,7,,
95,8,,
95,9,,
95,10,,
95,11,Valdivian temperate forests,Temperate Broadleaf & Mixed Forests
95,12,Valdivian temperate forests,Temperate Broadleaf & Mixed Forests
95,13,Chilean Matorral,"Mediterranean Forests, Woodlands & Scrub"
95,14,Chilean Matorral,"Mediterranean Forests, Woodlands & Scrub"
95,15,Valdivian temperate forests,Temperate Broadleaf & Mixed Forests
95,16,Valdivian temperate forests,Temperate Broadleaf & Mixed Forests
95,17,Southern Andean steppe,Montane Grasslands & Shrublands
95,18,Southern Andean steppe,Montane Grasslands & Shrublands
95,19,Patagonian steppe,"Temperate Grasslands, Savannas & Shrublands"
95,20,Low Monte,"Temperate Grasslands, Savannas & Shrublands"
95,21,Low Monte,"Temperate Grasslands, Savannas & Shrublands"
95,22,Low Monte,"Temperate Grasslands, Savannas & Shrublands"
95,23,Low Monte,"Temperate Grasslands, Savannas & Shrublands"
95,24,Low Monte,"Temperate Grasslands, Savannas & Shrublands"
95,25,Low Monte,"Temperate Grasslands, Savannas & Shrublands"
95,26,Low Monte,"Temperate Grasslands, Savannas & Shrublands"
95,27,Low Monte,"Temperate Grasslands, Savannas & Shrublands"
95,28,Espinal,"Temperate Grasslands, Savannas & Shrublands"
95,29,Espinal,"Temperate Grasslands, Savannas & Shrublands"
95,30,Espinal,"Temperate Grasslands, Savannas & Shrublands"
95,31,Espinal,"Temperate Grasslands, Savannas & Shrublands"
95,32,Espinal,"Temperate Grasslands, Savannas & Shrublands"
95,33,Espinal,"Temperate Grasslands, Savannas & Shrublands"
95,34,Espinal,"Temperate Grasslands, Savannas & Shrublands"
95,35,Humid Pampas,"Temperate Grasslands, Savannas & Shrublands"
95,36,Humid Pampas,"Temperate Grasslands, Savannas & Shrublands"
95,37,Humid Pampas,"Temperate Grasslands, Savannas & Shrublands"
95,38,Humid Pampas,"Temperate Grasslands, Savannas & Shrublands"
95,39,Humid Pampas,"Temperate Grasslands, Savannas & Shrublands"
95,40,Humid Pampas,"Temperate Grasslands, Savannas & Shrublands"
95,41,Humid Pampas,"Temperate Grasslands, Savannas & Shrublands"
95,42,Humid Pampas,"Temperate Grasslands, Savannas & Shrublands"
95,43,Humid Pampas,"Temperate Grasslands, Savannas & Shrublands"
95,44,Humid Pampas,"Temperate Grasslands, Savannas & Shrublands"
95,45,Humid Pampas,"Temperate Grasslands, Savannas & Shrublands"
95,46,Humid Pampas,"Temperate Grasslands, Savannas & Shrublands"
95,47,Humid Pampas,"Temperate Grasslands, Savannas & Shrublands"
95,48,Humid Pampas,"Temperate Grasslands, Savannas & Shrublands"
95,49,Humid Pampas,"Temperate Grasslands, Savannas & Shrublands"
95,50,Humid Pampas,"Temperate Grasslands, Savannas & Shrublands"
95,51,Humid Pampas,"Temperate Grasslands, Savannas & Shrublands"
95,52,Humid Pampas,"Temperate Grasslands, Savannas & Shrublands"
95,53,Humid Pampas,"Temperate Grasslands, Savannas & Shrublands"
95,54,Humid Pampas,"Temperate Grasslands, Savannas & Shrublands"
95,55,,
95,56,,
95,57,,
95,58,,
95,59,,
95,60,,
95,61,,
95,62,Uruguayan savanna,"Tropical & Subtropical Grasslands, Savannas & Shrublands"
95,63,,
95,64,,
95,65,,
95,66,,
95,67,,
95,68,,
95,69,,
95,70,,
95,71,,
95,72,,
95,73,,
95,74,,
95,75,,
95,76,,
96,0,,
96,1,,
96,2,,
96,3,,
96,4,,
96,5,,
96,6,,
96,7,,
96,8,,
96,9,,
96,10,,
96,11,Valdivian temperate forests,Temperate Broadleaf & Mixed Forests
96,12,Chilean Matorral,"Mediterranean Forests, Woodlands & Scrub"
96,13,Chilean Matorral,"Mediterranean Forests, Woodlands & Scrub"
96,14,Chilean Matorral,"Mediterranean Forests, Woodlands & Scrub"
96,15,Valdivian temperate forests,Temperate Broadleaf & Mixed Forests
96,16,Southern Andean steppe,Montane Grasslands & Shrublands
96,17,Southern Andean steppe,Montane Grasslands & Shrublands
96,18,Southern Andean steppe,Montane Grasslands & Shrublands
96,19,Southern Andean steppe,Montane Grasslands & Shrublands
96,20,Low Monte,"Temperate Grasslands, Savannas & Shrublands"
96,21,Low Monte,"Temperate Grasslands, Savannas & Shrublands"
96,22,Low Monte,"Temperate Grasslands, Savannas & Shrublands"
96,23,Low Monte,"Temperate Grasslands, Savannas & Shrublands"
96,24,Low Monte,"Temperate Grasslands, Savannas & Shrublands"
96,25,Low Monte,"Temperate Grasslands, Savannas & Shrublands"
96,26,Low Monte,"Temperate Grasslands, Savannas & Shrublands"
96,27,Low Monte,"Temperate Grasslands, Savannas & Shrublands"
96,28,Espinal,"Temperate Grasslands, Savannas & Shrublands"
96,29,Espinal,"Temperate Grasslands, Savannas & Shrublands"
96,30,Espinal,"Temperate Grasslands, Savannas & Shrublands"
96,31,Espinal,"Temperate Grasslands, Savannas & Shrublands"
96,32,Espinal,"Temperate Grasslands, Savannas & Shrublands"
96,33,Espinal,"Temperate Grasslands, Savannas & Shrublands"
96,34,Espinal,"Temperate Grasslands, Savannas & Shrublands"
96,35,Humid Pampas,"Temperate Grasslands, Savannas & Shrublands"
96,36,Humid Pampas,"Temperate Grasslands, Savannas & Shrublands"
96,37,Humid Pampas,"Temperate Grasslands, Savannas & Shrublands"
96,38,Humid Pampas,"Temperate Grasslands, Savannas & Shrublands"
96,39,Humid Pampas,"Temperate Grasslands, Savannas & Shrublands"
96,40,Humid Pampas,"Temperate Grasslands, Savannas & Shrublands"
96,41,Humid Pampas,"Temperate Grasslands, Savannas & Shrublands"
96,42,Humid Pampas,"Temperate Grasslands, Savannas & Shrublands"
96,43,Humid Pampas,"Temperate Grasslands, Savannas & Shrublands"
96,44,Humid Pampas,"Temperate Grasslands, Savannas & Shrublands"
96,45,Humid Pampas,"Temperate Grasslands, Savannas & Shrublands"
96,46,Humid Pampas,"Temperate Grasslands, Savannas & Shrublands"
96,47,Humid Pampas,"Temperate Grasslands, Savannas & Shrublands"
96,48,Humid Pampas,"Temperate Grasslands, Savannas & Shrublands"
96,49,Humid Pampas,"Temperate Grasslands, Savannas & Shrublands"
96,50,Humid Pampas,"Temperate Grasslands, Savannas & Shrublands"
96,51,Humid Pampas,"Temperate Grasslands, Savannas & Shrublands"
96,52,Humid Pampas,"Temperate Grasslands, Savannas & Shrublands"
96,53,Humid Pampas,"Temperate Grasslands, Savannas & Shrublands"
96,54,,
96,55,,
96,56,,
96,57,,
96,58,Uruguayan savanna,"Tropical & Subtropical Grasslands, Savannas & Shrublands"
96,59,Uruguayan savanna,"Tropical & Subtropical Grasslands, Savannas & Shrublands"
96,60,Uruguayan savanna,"Tropical & Subtropical Grasslands, Savannas & Shrublands"
96,61,Uruguayan savanna,"Tropical & Subtropical Grasslands, Savannas & Shrublands"
96,62,Uruguayan savanna,"Tropical & Subtropical Grasslands, Savannas & Shrublands"
96,63,Uruguayan savanna,"Tropical & Subtropical Grasslands, Savannas & Shrublands"
96,64,Uruguayan savanna,"Tropical & Subtropical Grasslands, Savannas & Shrublands"
96,65,,
96,66,,
96,67,,
96,68,,
96,69,,
96,70,,
96,71,,
96,72,,
96,73,,
96,74,,
96,75,,
96,76,,
97,0,,
97,1,,
97,2,,
97,3,,
97,4,,
97,5,,
97,6,,
97,7,,
97,8,,
97,9,,
97,10,,
97,11,,
97,12,Chilean Matorral,"Mediterranean Forests, Woodlands & Scrub"
97,13,Chilean Matorral,"Mediterranean Forests, Woodlands & Scrub"
97,14,Chilean Matorral,"Mediterranean Forests, Woodlands & Scrub"
97,15,Valdivian temperate forests,Temperate Broadleaf & Mixed Forests
97,16,Valdivian temperate forests,Temperate Broadleaf & Mixed Forests
97,17,Southern Andean steppe,Montane Grasslands & Shrublands
97,18,Southern Andean steppe,Montane Grasslands & Shrublands
97,19,Patagonian steppe,"Temperate Grasslands, Savannas & Shrublands"
97,20,Low Monte,"Temperate Grasslands, Savannas & Shrublands"
97,21,Low Monte,"Temperate Grasslands, Savannas & Shrublands"
97,22,Low Monte,"Temperate Grasslands, Savannas & Shrublands"
97,23,Low Monte,"Temperate Grasslands, Savannas & Shrublands"
97,24,Low Monte,"Temperate Grasslands, Savannas & Shrublands"
97,25,Low Monte,"Temperate Grasslands, Savannas & Shrublands"
97,26,Low Monte,"Temperate Grasslands, Savannas & Shrublands"
97,27,Low Monte,"Temperate Grasslands, Savannas & Shrublands"
97,28,Espinal,"Temperate Grasslands, Savannas & Shrublands"
97,29,Espinal,"Temperate Grasslands, Savannas & Shrublands"
97,30,Espinal,"Temperate Grasslands, Savannas & Shrublands"
97,31,Espinal,"Temperate Grasslands, Savannas & Shrublands"
97,32,Espinal,"Temperate Grasslands, Savannas & Shrublands"
97,33,Espinal,"Temperate Grasslands, Savannas & Shrublands"
97,34,Humid Pampas,"Temperate Grasslands, Savannas & Shrublands"
97,35,Humid Pampas,"Temperate Grasslands, Savannas & Shrublands"
97,36,Humid Pampas,"Temperate Grasslands, Savannas & Shrublands"
97,37,Humid Pampas,"Temperate Grasslands, Savannas & Shrublands"
97,38,Humid Pampas,"Temperate Grasslands, Savannas & Shrublands"
97,39,Humid Pampas,"Temperate Grasslands, Savannas & Shrublands"
97,40,Humid Pampas,"Temperate Grasslands, Savannas & Shrublands"
97,41,Humid Pampas,"Temperate Grasslands, Savannas & Shrublands"
97,42,Humid Pampas,"Temperate Grasslands, Savannas & Shrublands"
97,43,Humid Pampas,"Temperate Grasslands, Savannas & Shrublands"
97,44,Humid Pampas,"Temperate Grasslands, Savannas & Shrublands"
97,45,Humid Pampas,"Temperate Grasslands, Savannas & Shrublands"
97,46,Humid Pampas,"Temperate Grasslands, Savannas & Shrublands"
97,47,Humid Pampas,"Temperate Grasslands, Savannas & Shrublands"
97,48,Humid Pampas,"Temperate Grasslands, Savannas & Shrublands"
97,49,Humid Pampas,"Temperate Grasslands, Savannas & Shrublands"
97,50,Humid Pampas,"Temperate Grasslands, Savannas & Shrublands"
97,51,Humid Pampas,"Temperate Grasslands, Savannas & Shrublands"
97,52,,
97,53,,
97,54,,
97,55,,
97,56,Uruguayan savanna,"Tropical & Subtropical Grasslands, Savannas & Shrublands"
97,57,Uruguayan savanna,"Tropical & Subtropical Grasslands, Savannas & Shrublands"
97,58,Uruguayan savanna,"Tropical & Subtropical Grasslands, Savannas & Shrublands"
97,59,Uruguayan savanna,"Tropical & Subtropical Grasslands, Savannas & Shrublands"
97,60,Uruguayan savanna,"Tropical & Subtropical Grasslands, Savannas & Shrublands"
97,61,Uruguayan savanna,"Tropical & Subtropical Grasslands, Savannas & Shrublands"
97,62,Uruguayan savanna,"Tropical & Subtropical Grasslands, Savannas & Shrublands"
97,63,Uruguayan savanna,"Tropical & Subtropical Grasslands, Savannas & Shrublands"
97,64,Uruguayan savanna,"Tropical & Subtropical Grasslands, Savannas & Shrublands"
97,65,Uruguayan savanna,"Tropical & Subtropical Grasslands, Savannas & Shrublands"
97,66,,
97,67,,
97,68,,
97,69,,
97,70,,
97,71,,
97,72,,
97,73,,
97,74,,
97,75,,
97,76,,
98,0,,
98,1,,
98,2,,
98,3,,
98,4,,
98,5,,
98,6,,
98,7,,
98,8,,
98,9,,
98,10,,
98,11,,
98,12,Chilean Matorral,"Mediterranean Forests, Woodlands & Scrub"
98,13,Chilean Matorral,"Mediterranean Forests, Woodlands & Scrub"
98,14,Chilean Matorral,"Mediterranean Forests, Woodlands & Scrub"
98,15,Valdivian temperate forests,Temperate Broadleaf & Mixed Forests
98,16,Southern Andean steppe,Montane Grasslands & Shrublands
98,17,Southern Andean steppe,Montane Grasslands & Shrublands
98,18,Southern Andean steppe,Montane Grasslands & Shrublands
98,19,Southern Andean steppe,Montane Grasslands & Shrublands
98,20,Low Monte,"Temperate Grasslands, Savannas & Shrublands"
98,21,Low Monte,"Temperate Grasslands, Savannas & Shrublands"
98,22,Low Monte,"Temperate Grasslands, Savannas & Shrublands"
98,23,Low Monte,"Temperate Grasslands, Savannas & Shrublands"
98,24,Low Monte,"Temperate Grasslands, Savannas & Shrublands"
98,25,Low Monte,"Temperate Grasslands, Savannas & Shrublands"
98,26,Low Monte,"Temperate Grasslands, Savannas & Shrublands"
98,27,Low Monte,"Temperate Grasslands, Savannas & Shrublands"
98,28,Espinal,"Temperate Grasslands, Savannas & Shrublands"
98,29,Espinal,"Temperate Grasslands, Savannas & Shrublands"
98,30,Espinal,"Temperate Grasslands, Savannas & Shrublands"
98,31,Espinal,"Temperate Grasslands, Savannas & Shrublands"
98,32,Espinal,"Temperate Grasslands, Savannas & Shrublands"
98,33,Espinal,"Temperate Grasslands, Savannas & Shrublands"
98,34,Humid Pampas,"Temperate Grasslands, Savannas & Shrublands"
98,35,Humid Pampas,"Temperate Grasslands, Savannas & Shrublands"
98,36,Humid Pampas,"Temperate Grasslands, Savannas & Shrublands"
98,37,Humid Pampas,"Temperate Grasslands, Savannas & Shrublands"
98,38,Humid Pampas,"Temperate Grasslands, Savannas & Shrublands"
98,39,Humid Pampas,"Temperate Grasslands, Savannas & Shrublands"
98,40,Humid Pampas,"Temperate Grasslands, Savannas & Shrublands"
98,41,Humid Pampas,"Temperate Grasslands, Savannas & Shrublands"
98,42,Humid Pampas,"Temperate Grasslands, Savannas & Shrublands"
98,43,Humid Pampas,"Temperate Grasslands, Savannas & Shrublands"
98,44,Humid Pampas,"Temperate Grasslands, Savannas & Shrublands"
98,45,Humid Pampas,"Temperate Grasslands, Savannas & Shrublands"
98,46,Humid Pampas,"Temperate Grasslands, Savannas & Shrublands"
98,47,Humid Pampas,"Temperate Grasslands, Savannas & Shrublands"
98,48,Humid Pampas,"Temperate Grasslands, Savannas & Shrublands"
98,49,Humid Pampas,"Temperate Grasslands, Savannas & Shrublands"
98,50,Humid Pampas,"Temperate Grasslands, Savannas & Shrublands"
98,51,Humid Pampas,"Temperate Grasslands, Savannas & Shrublands"
98,52,,
98,53,,
98,54,Uruguayan savanna,"Tropical & Subtropical Grasslands, Savannas & Shrublands"
98,55,Uruguayan savanna,"Tropical & Subtropical Grasslands, Savannas & Shrublands"
98,56,Uruguayan savanna,"Tropical & Subtropical Grasslands, Savannas & Shrublands"
98,57,Uruguayan savanna,"Tropical & Subtropical Grasslands, Savannas & Shrublands"
98,58,Uruguayan savanna,"Tropical & Subtropical Grasslands, Savannas & Shrublands"
98,59,Uruguayan savanna,"Tropical & Subtropical Grasslands, Savannas & Shrublands"
98,60,Uruguayan savanna,"Tropical & Subtropical Grasslands, Savannas & Shrublands"
98,61,Uruguayan savanna,"Tropical & Subtropical Grasslands, Savannas & Shrublands"
98,62,Uruguayan savanna,"Tropical & Subtropical Grasslands, Savannas & Shrublands"
98,63,Uruguayan savanna,"Tropical & Subtropical Grasslands, Savannas & Shrublands"
98,64,Uruguayan savanna,"Tropical & Subtropical Grasslands, Savannas & Shrublands"
98,65,Uruguayan savanna,"Tropical & Subtropical Grasslands, Savannas & Shrublands"
98,66,Uruguayan savanna,"Tropical & Subtropical Grasslands, Savannas & Shrublands"
98,67,,
98,68,,
98,69,,
98,70,,
98,71,,
98,72,,
98,73,,
98,74,,
98,75,,
98,76,,
99,0,,
99,1,,
99,2,,
99,3,,
99,4,,
99,5,,
99,6,,
99,7,,
99,8,,
99,9,,
99,10,,
99,11,,
99,12,Chilean Matorral,"Mediterranean Forests, Woodlands & Scrub"
99,13,Chilean Matorral,"Mediterranean Forests, Woodlands & Scrub"
99,14,Chilean Matorral,"Mediterranean Forests, Woodlands & Scrub"
99,15,Valdivian temperate forests,Temperate Broadleaf & Mixed Forests
99,16,Valdivian temperate forests,Temperate Broadleaf & Mixed Forests
99,17,Southern Andean steppe,Montane Grasslands & Shrublands
99,18,Southern Andean steppe,Montane Grasslands & Shrublands
99,19,Southern Andean steppe,Montane Grasslands & Shrublands
99,20,Low Monte,"Temperate Grasslands, Savannas & Shrublands"
99,21,Low Monte,"Temperate Grasslands, Savannas & Shrublands"
99,22,Low Monte,"Temperate Grasslands, Savannas & Shrublands"
99,23,Low Monte,"Temperate Grasslands, Savannas & Shrublands"
99,24,Low Monte,"Temperate Grasslands, Savannas & Shrublands"
99,25,Low Monte,"Temperate Grasslands, Savannas & Shrublands"
99,26,Low Monte,"Temperate Grasslands, Savannas & Shrublands"
99,27,Low Monte,"Temperate Grasslands, Savannas & Shrublands"
99,28,Espinal,"Temperate Grasslands, Savannas & Shrublands"
99,29,Espinal,"Temperate Grasslands, Savannas & Shrublands"
99,30,Espinal,"Temperate Grasslands, Savannas & Shrublands"
99,31,Espinal,"Temperate Grasslands, Savannas & Shrublands"
99,32,Espinal,"Temperate Grasslands, Savannas & Shrublands"
99,33,Humid Pampas,"Temperate Grasslands, Savannas & Shrublands"
99,34,Humid Pampas,"Temperate Grasslands, Savannas & Shrublands"
99,35,Humid Pampas,"Temperate Grasslands, Savannas & Shrublands"
99,36,Humid Pampas,"Temperate Grasslands, Savannas & Shrublands"
99,37,Humid Pampas,"Temperate Grasslands, Savannas & Shrublands"
99,38,Humid Pampas,"Temperate Grasslands, Savannas & Shrublands"
99,39,Humid Pampas,"Temperate Grasslands, Savannas & Shrublands"
99,40,Humid Pampas,"Temperate Grasslands, Savannas & Shrublands"
99,41,Humid Pampas,"Temperate Grasslands, Savannas & Shrublands"
99,42,Humid Pampas,"Temperate Grasslands, Savannas & Shrublands"
99,43,Humid Pampas,"Temperate Grasslands, Savannas & Shrublands"
99,44,Humid Pampas,"Temperate Grasslands, Savannas & Shrublands"
99,45,Humid Pampas,"Temperate Grasslands, Savannas & Shrublands"
99,46,Humid Pampas,"Temperate Grasslands, Savannas & Shrublands"
99,47,Humid Pampas,"Temperate Grasslands, Savannas & Shrublands"
99,48,Humid Pampas,"Temperate Grasslands, Savannas & Shrublands"
99,49,Humid Pampas,"Temperate Grasslands, Savannas & Shrublands"
99,50,Humid Pampas,"Temperate Grasslands, Savannas & Shrublands"
99,51,Paraná flooded savanna,Flooded Grasslands & Savannas
99,52,,
99,53,Uruguayan savanna,"Tropical & Subtropical Grasslands, Savannas & Shrublands"
99,54,Uruguayan savanna,"Tropical & Subtropical Grasslands, Savannas & Shrublands"
99,55,Uruguayan savanna,"Tropical & Subtropical Grasslands, Savannas & Shrublands"
99,56,Uruguayan savanna,"Tropical & Subtropical Grasslands, Savannas & Shrublands"
99,57,Uruguayan savanna,"Tropical & Subtropical Grasslands, Savannas & Shrublands"
99,58,Uruguayan savanna,"Tropical & Subtropical Grasslands, Savannas & Shrublands"
99,59,Uruguayan savanna,"Tropical & Subtropical Grasslands, Savannas & Shrublands"
99,60,Uruguayan savanna,"Tropical & Subtropical Grasslands, Savannas & Shrublands"
99,61,Uruguayan savanna,"Tropical & Subtropical Grasslands, Savannas & Shrublands"
99,62,Uruguayan savanna,"Tropical & Subtropical Grasslands, Savannas & Shrublands"
99,63,Uruguayan savanna,"Tropical & Subtropical Grasslands, Savannas & Shrublands"
99,64,Uruguayan savanna,"Tropical & Subtropical Grasslands, Savannas & Shrublands"
99,65,Uruguayan savanna,"Tropical & Subtropical Grasslands, Savannas & Shrublands"
99,66,Uruguayan savanna,"Tropical & Subtropical Grasslands, Savannas & Shrublands"
99,67,Uruguayan savanna,"Tropical & Subtropical Grasslands, Savannas & Shrublands"
99,68,,
99,69,,
99,70,,
99,71,,
99,72,,
99,73,,
99,74,,
99,75,,
99,76,,
100,0,,
100,1,,
100,2,,
100,3,,
100,4,,
100,5,,
100,6,,
100,7,,
100,8,,
100,9,,
100,10,,
100,11,,
100,12,Chilean Matorral,"Mediterranean Forests, Woodlands & Scrub"
100,13,Chilean Matorral,"Mediterranean Forests, Woodlands & Scrub"
100,14,Chilean Matorral,"Mediterranean Forests, Woodlands & Scrub"
100,15,Valdivian temperate forests,Temperate Broadleaf & Mixed Forests
100,16,Valdivian temperate forests,Temperate Broadleaf & Mixed Forests
100,17,Southern Andean steppe,Montane Grasslands & Shrublands
100,18,Southern Andean steppe,Montane Grasslands & Shrublands
100,19,Patagonian steppe,"Temperate Grasslands, Savannas & Shrublands"
100,20,Low Monte,"Temperate Grasslands, Savannas & Shrublands"
100,21,Low Monte,"Temperate Grasslands, Savannas & Shrublands"
100,22,Low Monte,"Temperate Grasslands, Savannas & Shrublands"
100,23,Low Monte,"Temperate Grasslands, Savannas & Shrublands"
100,24,Low Monte,"Temperate Grasslands, Savannas & Shrublands"
100,25,Low Monte,"Temperate Grasslands, Savannas & Shrublands"
100,26,Low Monte,"Temperate Grasslands, Savannas & Shrublands"
100,27,Low Monte,"Temperate Grasslands, Savannas & Shrublands"
100,28,Espinal,"Temperate Grasslands, Savannas & Shrublands"
100,29,Espinal,"Temperate Grasslands, Savannas & Shrublands"
100,30,Espinal,"Temperate Grasslands, Savannas & Shrublands"
100,31,Espinal,"Temperate Grasslands, Savannas & Shrublands"
100,32,Espinal,"Temperate Grasslands, Savannas & Shrublands"
100,33,Humid Pampas,"Temperate Grasslands, Savannas & Shrublands"
100,34,Humid Pampas,"Temperate Grasslands, Savannas & Shrublands"
100,35,Humid Pampas,"Temperate Grasslands, Savannas & Shrublands"
100,36,Humid Pampas,"Temperate Grasslands, Savannas & Shrublands"
100,37,Humid Pampas,"Temperate Grasslands, Savannas & Shrublands"
100,38,Humid Pampas,"Temperate Grasslands, Savannas & Shrublands"
100,39,Humid Pampas,"Temperate Grasslands, Savannas & Shrublands"
100,40,Humid Pampas,"Temperate Grasslands, Savannas & Shrublands"
100,41,Humid Pampas,"Temperate Grasslands, Savannas & Shrublands"
100,42,Humid Pampas,"Temperate Grasslands, Savannas & Shrublands"
100,43,Humid Pampas,"Temperate Grasslands, Savannas & Shrublands"
100,44,Humid Pampas,"Temperate Grasslands, Savannas & Shrublands"
100,45,Humid Pampas,"Temperate Grasslands, Savannas & Shrublands"
100,46,Humid Pampas,"Temperate Grasslands, Savannas & Shrublands"
100,47,Humid Pampas,"Temperate Grasslands, Savannas & Shrublands"
100,48,Humid Pampas,"Temperate Grasslands, Savannas & Shrublands"
100,49,Humid Pampas,"Temperate Grasslands, Savannas & Shrublands"
100,50,Paraná flooded savanna,Flooded Grasslands & Savannas
100,51,Paraná flooded savanna,Flooded Grasslands & Savannas
100,52,Uruguayan savanna,"Tropical & Subtropical Grasslands, Savannas & Shrublands"
100,53,Uruguayan savanna,"Tropical & Subtropical Grasslands, Savannas & Shrublands"
100,54,Uruguayan savanna,"Tropical & Subtropical Grasslands, Savannas & Shrublands"
100,55,Uruguayan savanna,"Tropical & Subtropical Grasslands, Savannas & Shrublands"
100,56,Uruguayan savanna,"Tropical & Subtropical Grasslands, Savannas & Shrublands"
100,57,Uruguayan savanna,"Tropical & Subtropical Grasslands, Savannas & Shrublands"
100,58,Uruguayan savanna,"Tropical & Subtropical Grasslands, Savannas & Shrublands"
100,59,Uruguayan savanna,"Tropical & Subtropical Grasslands, Savannas & Shrublands"
100,60,Uruguayan savanna,"Tropical & Subtropical Grasslands, Savannas & Shrublands"
100,61,Uruguayan savanna,"Tropical & Subtropical Grasslands, Savannas & Shrublands"
100,62,Uruguayan savanna,"Tropical & Subtropical Grasslands, Savannas & Shrublands"
100,63,Uruguayan savanna,"Tropical & Subtropical Grasslands, Savannas & Shrublands"
100,64,Uruguayan savanna,"Tropical & Subtropical Grasslands, Savannas & Shrublands"
100,65,Uruguayan savanna,"Tropical & Subtropical Grasslands, Savannas & Shrublands"
100,66,Uruguayan savanna,"Tropical & Subtropical Grasslands, Savannas & Shrublands"
100,67,Uruguayan savanna,"Tropical & Subtropical Grasslands, Savannas & Shrublands"
100,68,Uruguayan savanna,"Tropical & Subtropical Grasslands, Savannas & Shrublands"
100,69,,
100,70,,
100,71,,
100,72,,
100,73,,
100,74,,
100,75,,
100,76,,
101,0,,
101,1,,
101,2,,
101,3,,
101,4,,
101,5,,
101,6,,
101,7,,
101,8,,
101,9,,
101,10,,
101,11,,
101,12,Chilean Matorral,"Mediterranean Forests, Woodlands & Scrub"
101,13,Chilean Matorral,"Mediterranean Forests, Woodlands & Scrub"
101,14,Chilean Matorral,"Mediterranean Forests, Woodlands & Scrub"
101,15,Valdivian temperate forests,Temperate Broadleaf & Mixed Forests
101,16,Valdivian temperate forests,Temperate Broadleaf & Mixed Forests
101,17,Southern Andean steppe,Montane Grasslands & Shrublands
101,18,Southern Andean steppe,Montane Grasslands & Shrublands
101,19,Patagonian steppe,"Temperate Grasslands, Savannas & Shrublands"
101,20,Low Monte,"Temperate Grasslands, Savannas & Shrublands"
101,21,Low Monte,"Temperate Grasslands, Savannas & Shrublands"
101,22,Low Monte,"Temperate Grasslands, Savannas & Shrublands"
101,23,Low Monte,"Temperate Grasslands, Savannas & Shrublands"
101,24,Low Monte,"Temperate Grasslands, Savannas & Shrublands"
101,25,Low Monte,"Temperate Grasslands, Savannas & Shrublands"
101,26,Dry Chaco,"Tropical & Subtropical Grasslands, Savannas & Shrublands"
101,27,Low Monte,"Temperate Grasslands, Savannas & Shrublands"
101,28,Dry Chaco,"Tropical & Subtropical Grasslands, Savannas & Shrublands"
101,29,Espinal,"Temperate Grasslands, Savannas & Shrublands"
101,30,Espinal,"Temperate Grasslands, Savannas & Shrublands"
101,31,Espinal,"Temperate Grasslands, Savannas & Shrublands"
101,32,Espinal,"Temperate Grasslands, Savannas & Shrublands"
101,33,Humid Pampas,"Temperate Grasslands, Savannas & Shrublands"
101,34,Humid Pampas,"Temperate Grasslands, Savannas & Shrublands"
101,35,Humid Pampas,"Temperate Grasslands, Savannas & Shrublands"
101,36,Humid Pampas,"Temperate Grasslands, Savannas & Shrublands"
101,37,Humid Pampas,"Temperate Grasslands, Savannas & Shrublands"
101,38,Humid Pampas,"Temperate Grasslands, Savannas & Shrublands"
101,39,Humid Pampas,"Temperate Grasslands, Savannas & Shrublands"
101,40,Humid Pampas,"Temperate Grasslands, Savannas & Shrublands"
101,41,Humid Pampas,"Temperate Grasslands, Savannas & Shrublands"
101,42,Humid Pampas,"Temperate Grasslands, Savannas & Shrublands"
101,43,Humid Pampas,"Temperate Grasslands, Savannas & Shrublands"
101,44,Humid Pampas,"Temperate Grasslands, Savannas & Shrublands"
101,45,Humid Pampas,"Temperate Grasslands, Savannas & Shrublands"
101,46,Humid Pampas,"Temperate Grasslands, Savannas & Shrublands"
101,47,Humid Pampas,"Temperate Grasslands, Savannas & Shrublands"
101,48,Paraná flooded savanna,Flooded Grasslands & Savannas
101,49,Paraná flooded savanna,Flooded Grasslands & Savannas
101,50,Paraná flooded savanna,Flooded Grasslands & Savannas
101,51,Paraná flooded savanna,Flooded Grasslands & Savannas
101,52,Uruguayan savanna,"Tropical & Subtropical Grasslands, Savannas & Shrublands"
101,53,Uruguayan savanna,"Tropical & Subtropical Grasslands, Savannas & Shrublands"
101,54,Uruguayan savanna,"Tropical & Subtropical Grasslands, Savannas & Shrublands"
101,55,Uruguayan savanna,"Tropical & Subtropical Grasslands, Savannas & Shrublands"
101,56,Uruguayan savanna,"Tropical & Subtropical Grasslands, Savannas & Shrublands"
101,57,Uruguayan savanna,"Tropical & Subtropical Grasslands, Savannas & Shrublands"
101,58,Uruguayan savanna,"Tropical & Subtropical Grasslands, Savannas & Shrublands"
101,59,Uruguayan savanna,"Tropical & Subtropical Grasslands, Savannas & Shrublands"
101,60,Uruguayan savanna,"Tropical & Subtropical Grasslands, Savannas & Shrublands"
101,61,Uruguayan savanna,"Tropical & Subtropical Grasslands, Savannas & Shrublands"
101,62,Uruguayan savanna,"Tropical & Subtropical Grasslands, Savannas & Shrublands"
101,63,Uruguayan savanna,"Tropical & Subtropical Grasslands, Savannas & Shrublands"
101,64,Uruguayan savanna,"Tropical & Subtropical Grasslands, Savannas & Shrublands"
101,65,Uruguayan savanna,"Tropical & Subtropical Grasslands, Savannas & Shrublands"
101,66,Uruguayan savanna,"Tropical & Subtropical Grasslands, Savannas & Shrublands"
101,67,Uruguayan savanna,"Tropical & Subtropical Grasslands, Savannas & Shrublands"
101,68,Uruguayan savanna,"Tropical & Subtropical Grasslands, Savannas & Shrublands"
101,69,Uruguayan savanna,"Tropical & Subtropical Grasslands, Savannas & Shrublands"
101,70,,
101,71,,
101,72,,
101,73,,
101,74,,
101,75,,
101,76,,
102,0,,
102,1,,
102,2,,
102,3,,
102,4,,
102,5,,
102,6,,
102,7,,
102,8,,
102,9,,
102,10,,
102,11,,
102,12,Chilean Matorral,"Mediterranean Forests, Woodlands & Scrub"
102,13,Valdivian temperate forests,Temperate Broadleaf & Mixed Forests
102,14,Chilean Matorral,"Mediterranean Forests, Woodlands & Scrub"
102,15,Valdivian temperate forests,Temperate Broadleaf & Mixed Forests
102,16,Southern Andean steppe,Montane Grasslands & Shrublands
102,17,Southern Andean steppe,Montane Grasslands & Shrublands
102,18,Southern Andean steppe,Montane Grasslands & Shrublands
102,19,Southern Andean steppe,Montane Grasslands & Shrublands
102,20,Low Monte,"Temperate Grasslands, Savannas & Shrublands"
102,21,Low Monte,"Temperate Grasslands, Savannas & Shrublands"
102,22,Low Monte,"Temperate Grasslands, Savannas & Shrublands"
102,23,Low Monte,"Temperate Grasslands, Savannas & Shrublands"
102,24,Low Monte,"Temperate Grasslands, Savannas & Shrublands"
102,25,Low Monte,"Temperate Grasslands, Savannas & Shrublands"
102,26,Dry Chaco,"Tropical & Subtropical Grasslands, Savannas & Shrublands"
102,27,Dry Chaco,"Tropical & Subtropical Grasslands, Savannas & Shrublands"
102,28,Dry Chaco,"Tropical & Subtropical Grasslands, Savannas & Shrublands"
102,29,Espinal,"Temperate Grasslands, Savannas & Shrublands"
102,30,Espinal,"Temperate Grasslands, Savannas & Shrublands"
102,31,Dry Chaco,"Tropical & Subtropical Grasslands, Savannas & Shrublands"
102,32,Espinal,"Temperate Grasslands, Savannas & Shrublands"
102,33,Espinal,"Temperate Grasslands, Savannas & Shrublands"
102,34,Humid Pampas,"Temperate Grasslands, Savannas & Shrublands"
102,35,Espinal,"Temperate Grasslands, Savannas & Shrublands"
102,36,Espinal,"Temperate Grasslands, Savannas & Shrublands"
102,37,Humid Pampas,"Temperate Grasslands, Savannas & Shrublands"
102,38,Humid Pampas,"Temperate Grasslands, Savannas & Shrublands"
102,39,Humid Pampas,"Temperate Grasslands, Savannas & Shrublands"
102,40,Humid Pampas,"Temperate Grasslands, Savannas & Shrublands"
102,41,Humid Pampas,"Temperate Grasslands, Savannas & Shrublands"
102,42,Humid Pampas,"Temperate Grasslands, Savannas & Shrublands"
102,43,Humid Pampas,"Temperate Grasslands, Savannas & Shrublands"
102,44,Humid Pampas,"Temperate Grasslands, Savannas & Shrublands"
102,45,Humid Pampas,"Temperate Grasslands, Savannas & Shrublands"
102,46,Humid Pampas,"Temperate Grasslands, Savannas & Shrublands"
102,47,Paraná flooded savanna,Flooded Grasslands & Savannas
102,48,Paraná flooded savanna,Flooded Grasslands & Savannas
102,49,Humid Pampas,"Temperate Grasslands, Savannas & Shrublands"
102,50,Humid Pampas,"Temperate Grasslands, Savannas & Shrublands"
102,51,Humid Pampas,"Temperate Grasslands, Savannas & Shrublands"
102,52,,
102,53,Uruguayan savanna,"Tropical & Subtropical Grasslands, Savannas & Shrublands"
102,54,Uruguayan savanna,"Tropical & Subtropical Grasslands, Savannas & Shrublands"
102,55,Uruguayan savanna,"Tropical & Subtropical Grasslands, Savannas & Shrublands"
102,56,Uruguayan savanna,"Tropical & Subtropical Grasslands, Savannas & Shrublands"
102,57,Uruguayan savanna,"Tropical & Subtropical Grasslands, Savannas & Shrublands"
102,58,Uruguayan savanna,"Tropical & Subtropical Grasslands, Savannas & Shrublands"
102,59,Uruguayan savanna,"Tropical & Subtropical Grasslands, Savannas & Shrublands"
102,60,Uruguayan savanna,"Tropical & Subtropical Grasslands, Savannas & Shrublands"
102,61,Uruguayan savanna,"Tropical & Subtropical Grasslands, Savannas & Shrublands"
102,62,Uruguayan savanna,"Tropical & Subtropical Grasslands, Savannas & Shrublands"
102,63,Uruguayan savanna,"Tropical & Subtropical Grasslands, Savannas & Shrublands"
102,64,Uruguayan savanna,"Tropical & Subtropical Grasslands, Savannas & Shrublands"
102,65,Uruguayan savanna,"Tropical & Subtropical Grasslands, Savannas & Shrublands"
102,66,Uruguayan savanna,"Tropical & Subtropical Grasslands, Savannas & Shrublands"
102,67,Uruguayan savanna,"Tropical & Subtropical Grasslands, Savannas & Shrublands"
102,68,Uruguayan savanna,"Tropical & Subtropical Grasslands, Savannas & Shrublands"
102,69,Uruguayan savanna,"Tropical & Subtropical Grasslands, Savannas & Shrublands"
102,70,Uruguayan savanna,"Tropical & Subtropical Grasslands, Savannas & Shrublands"
102,71,,
102,72,,
102,73,,
102,74,,
102,75,,
102,76,,
103,0,,
103,1,,
103,2,,
103,3,,
103,4,,
103,5,,
103,6,,
103,7,,
103,8,,
103,9,,
103,10,,
103,11,,
103,12,Chilean Matorral,"Mediterranean Forests, Woodlands & Scrub"
103,13,Chilean Matorral,"Mediterranean Forests, Woodlands & Scrub"
103,14,Chilean Matorral,"Mediterranean Forests, Woodlands & Scrub"
103,15,Chilean Matorral,"Mediterranean Forests, Woodlands & Scrub"
103,16,Southern Andean steppe,Montane Grasslands & Shrublands
103,17,Southern Andean steppe,Montane Grasslands & Shrublands
103,18,Southern Andean steppe,Montane Grasslands & Shrublands
103,19,High Monte,Montane Grasslands & Shrublands
103,20,Low Monte,"Temperate Grasslands, Savannas & Shrublands"
103,21,Low Monte,"Temperate Grasslands, Savannas & Shrublands"
103,22,Low Monte,"Temperate Grasslands, Savannas & Shrublands"
103,23,Low Monte,"Temperate Grasslands, Savannas & Shrublands"
103,24,Low Monte,"Temperate Grasslands, Savannas & Shrublands"
103,25,Low Monte,"Temperate Grasslands, Savannas & Shrublands"
103,26,Dry Chaco,"Tropical & Subtropical Grasslands, Savannas & Shrublands"
103,27,Dry Chaco,"Tropical & Subtropical Grasslands, Savannas & Shrublands"
103,28,Dry Chaco,"Tropical & Subtropical Grasslands, Savannas & Shrublands"
103,29,Espinal,"Temperate Grasslands, Savannas & Shrublands"
103,30,Espinal,"Temperate Grasslands, Savannas & Shrublands"
103,31,Dry Chaco,"Tropical & Subtropical Grasslands, Savannas & Shrublands"
103,32,Dry Chaco,"Tropical & Subtropical Grasslands, Savannas & Shrublands"
103,33,Espinal,"Temperate Grasslands, Savannas & Shrublands"
103,34,Espinal,"Temperate Grasslands, Savannas & Shrublands"
103,35,Espinal,"Temperate Grasslands, Savannas & Shrublands"
103,36,Espinal,"Temperate Grasslands, Savannas & Shrublands"
103,37,Espinal,"Temperate Grasslands, Savannas & Shrublands"
103,38,Espinal,"Temperate Grasslands, Savannas & Shrublands"
103,39,Humid Pampas,"Temperate Grasslands, Savannas & Shrublands"
103,40,Humid Pampas,"Temperate Grasslands, Savannas & Shrublands"
103,41,Humid Pampas,"Temperate Grasslands, Savannas & Shrublands"
103,42,Humid Pampas,"Temperate Grasslands, Savannas & Shrublands"
103,43,Humid Pampas,"Temperate Grasslands, Savannas & Shrublands"
103,44,Humid Pampas,"Temperate Grasslands, Savannas & Shrublands"
103,45,Humid Pampas,"Temperate Grasslands, Savannas & Shrublands"
103,46,Paraná flooded savanna,Flooded Grasslands & Savannas
103,47,Paraná flooded savanna,Flooded Grasslands & Savannas
103,48,Humid Pampas,"Temperate Grasslands, Savannas & Shrublands"
103,49,Humid Pampas,"Temperate Grasslands, Savannas & Shrublands"
103,50,Humid Pampas,"Temperate Grasslands, Savannas & Shrublands"
103,51,Humid Pampas,"Temperate Grasslands, Savannas & Shrublands"
103,52,Humid Pampas,"Temperate Grasslands, Savannas & Shrublands"
103,53,Humid Pampas,"Temperate Grasslands, Savannas & Shrublands"
103,54,Uruguayan savanna,"Tropical & Subtropical Grasslands, Savannas & Shrublands"
103,55,Uruguayan savanna,"Tropical & Subtropical Grasslands, Savannas & Shrublands"
103,56,Uruguayan savanna,"Tropical & Subtropical Grasslands, Savannas & Shrublands"
103,57,Uruguayan savanna,"Tropical & Subtropical Grasslands, Savannas & Shrublands"
103,58,Uruguayan savanna,"Tropical & Subtropical Grasslands, Savannas & Shrublands"
103,59,Uruguayan savanna,"Tropical & Subtropical Grasslands, Savannas & Shrublands"
103,60,Uruguayan savanna,"Tropical & Subtropical Grasslands, Savannas & Shrublands"
103,61,Uruguayan savanna,"Tropical & Subtropical Grasslands, Savannas & Shrublands"
103,62,Uruguayan savanna,"Tropical & Subtropical Grasslands, Savannas & Shrublands"
103,63,Uruguayan savanna,"Tropical & Subtropical Grasslands, Savannas & Shrublands"
103,64,Uruguayan savanna,"Tropical & Subtropical Grasslands, Savannas & Shrublands"
103,65,Uruguayan savanna,"Tropical & Subtropical Grasslands, Savannas & Shrublands"
103,66,Uruguayan savanna,"Tropical & Subtropical Grasslands, Savannas & Shrublands"
103,67,Uruguayan savanna,"Tropical & Subtropical Grasslands, Savannas & Shrublands"
103,68,Uruguayan savanna,"Tropical & Subtropical Grasslands, Savannas & Shrublands"
103,69,Uruguayan savanna,"Tropical & Subtropical Grasslands, Savannas & Shrublands"
103,70,Uruguayan savanna,"Tropical & Subtropical Grasslands, Savannas & Shrublands"
103,71,,
103,72,,
103,73,,
103,74,,
103,75,,
103,76,,
104,0,,
104,1,,
104,2,,
104,3,,
104,4,,
104,5,,
104,6,,
104,7,,
104,8,,
104,9,,
104,10,,
104,11,,
104,12,Chilean Matorral,"Mediterranean Forests, Woodlands & Scrub"
104,13,Chilean Matorral,"Mediterranean Forests, Woodlands & Scrub"
104,14,Chilean Matorral,"Mediterranean Forests, Woodlands & Scrub"
104,15,Southern Andean steppe,Montane Grasslands & Shrublands
104,16,Southern Andean steppe,Montane Grasslands & Shrublands
104,17,Southern Andean steppe,Montane Grasslands & Shrublands
104,18,Southern Andean steppe,Montane Grasslands & Shrublands
104,19,High Monte,Montane Grasslands & Shrublands
104,20,Low Monte,"Temperate Grasslands, Savannas & Shrublands"
104,21,Low Monte,"Temperate Grasslands, Savannas & Shrublands"
104,22,Low Monte,"Temperate Grasslands, Savannas & Shrublands"
104,23,Low Monte,"Temperate Grasslands, Savannas & Shrublands"
104,24,Low Monte,"Temperate Grasslands, Savannas & Shrublands"
104,25,Low Monte,"Temperate Grasslands, Savannas & Shrublands"
104,26,Dry Chaco,"Tropical & Subtropical Grasslands, Savannas & Shrublands"
104,27,Dry Chaco,"Tropical & Subtropical Grasslands, Savannas & Shrublands"
104,28,Dry Chaco,"Tropical & Subtropical Grasslands, Savannas & Shrublands"
104,29,Dry Chaco,"Tropical & Subtropical Grasslands, Savannas & Shrublands"
104,30,Dry Chaco,"Tropical & Subtropical Grasslands, Savannas & Shrublands"
104,31,Dry Chaco,"Tropical & Subtropical Grasslands, Savannas & Shrublands"
104,32,Dry Chaco,"Tropical & Subtropical Grasslands, Savannas & Shrublands"
104,33,Espinal,"Temperate Grasslands, Savannas & Shrublands"
104,34,Espinal,"Temperate Grasslands, Savannas & Shrublands"
104,35,Espinal,"Temperate Grasslands, Savannas & Shrublands"
104,36,Espinal,"Temperate Grasslands, Savannas & Shrublands"
104,37,Espinal,"Temperate Grasslands, Savannas & Shrublands"
104,38,Humid Pampas,"Temperate Grasslands, Savannas & Shrublands"
104,39,Humid Pampas,"Temperate Grasslands, Savannas & Shrublands"
104,40,Humid Pampas,"Temperate Grasslands, Savannas & Shrublands"
104,41,Humid Pampas,"Temperate Grasslands, Savannas & Shrublands"
104,42,Humid Pampas,"Temperate Grasslands, Savannas & Shrublands"
104,43,Humid Pampas,"Temperate Grasslands, Savannas & Shrublands"
104,44,Humid Pampas,"Temperate Grasslands, Savannas & Shrublands"
104,45,Humid Pampas,"Temperate Grasslands, Savannas & Shrublands"
104,46,Paraná flooded savanna,Flooded Grasslands & Savannas
104,47,Paraná flooded savanna,Flooded Grasslands & Savannas
104,48,Humid Pampas,"Temperate Grasslands, Savannas & Shrublands"
104,49,Humid Pampas,"Temperate Grasslands, Savannas & Shrublands"
104,50,Humid Pampas,"Temperate Grasslands, Savannas & Shrublands"
104,51,Humid Pampas,"Temperate Grasslands, Savannas & Shrublands"
104,52,Humid Pampas,"Temperate Grasslands, Savannas & Shrublands"
104,53,Uruguayan savanna,"Tropical & Subtropical Grasslands, Savannas & Shrublands"
104,54,Uruguayan savanna,"Tropical & Subtropical Grasslands, Savannas & Shrublands"
104,55,Uruguayan savanna,"Tropical & Subtropical Grasslands, Savannas & Shrublands"
104,56,Uruguayan savanna,"Tropical & Subtropical Grasslands, Savannas & Shrublands"
104,57,Uruguayan savanna,"Tropical & Subtropical Grasslands, Savannas & Shrublands"
104,58,Uruguayan savanna,"Tropical & Subtropical Grasslands, Savannas & Shrublands"
104,59,Uruguayan savanna,"Tropical & Subtropical Grasslands, Savannas & Shrublands"
104,60,Uruguayan savanna,"Tropical & Subtropical Grasslands, Savannas & Shrublands"
104,61,Uruguayan savanna,"Tropical & Subtropical Grasslands, Savannas & Shrublands"
104,62,Uruguayan savanna,"Tropical & Subtropical Grasslands, Savannas & Shrublands"
104,63,Uruguayan savanna,"Tropical & Subtropical Grasslands, Savannas & Shrublands"
104,64,Uruguayan savanna,"Tropical & Subtropical Grasslands, Savannas & Shrublands"
104,65,Uruguayan savanna,"Tropical & Subtropical Grasslands, Savannas & Shrublands"
104,66,Uruguayan savanna,"Tropical & Subtropical Grasslands, Savannas & Shrublands"
104,67,Uruguayan savanna,"Tropical & Subtropical Grasslands, Savannas & Shrublands"
104,68,Uruguayan savanna,"Tropical & Subtropical Grasslands, Savannas & Shrublands"
104,69,Uruguayan savanna,"Tropical & Subtropical Grasslands, Savannas & Shrublands"
104,70,Uruguayan savanna,"Tropical & Subtropical Grasslands, Savannas & Shrublands"
104,71,Uruguayan savanna,"Tropical & Subtropical Grasslands, Savannas & Shrublands"
104,72,,
104,73,,
104,74,,
104,75,,
104,76,,
105,0,,
105,1,,
105,2,,
105,3,,
105,4,,
105,5,,
105,6,,
105,7,,
105,8,,
105,9,,
105,10,,
105,11,,
105,12,Chilean Matorral,"Mediterranean Forests, Woodlands & Scrub"
105,13,Chilean Matorral,"Mediterranean Forests, Woodlands & Scrub"
105,14,Chilean Matorral,"Mediterranean Forests, Woodlands & Scrub"
105,15,Southern Andean steppe,Montane Grasslands & Shrublands
105,16,Southern Andean steppe,Montane Grasslands & Shrublands
105,17,Southern Andean steppe,Montane Grasslands & Shrublands
105,18,Southern Andean steppe,Montane Grasslands & Shrublands
105,19,Southern Andean steppe,Montane Grasslands & Shrublands
105,20,High Monte,Montane Grasslands & Shrublands
105,21,Low Monte,"Temperate Grasslands, Savannas & Shrublands"
105,22,Low Monte,"Temperate Grasslands, Savannas & Shrublands"
105,23,Low Monte,"Temperate Grasslands, Savannas & Shrublands"
105,24,Low Monte,"Temperate Grasslands, Savannas & Shrublands"
105,25,Low Monte,"Temperate Grasslands, Savannas & Shrublands"
105,26,Dry Chaco,"Tropical & Subtropical Grasslands, Savannas & Shrublands"
105,27,Dry Chaco,"Tropical & Subtropical Grasslands, Savannas & Shrublands"
105,28,Dry Chaco,"Tropical & Subtropical Grasslands, Savannas & Shrublands"
105,29,Dry Chaco,"Tropical & Subtropical Grasslands, Savannas & Shrublands"
105,30,Dry Chaco,"Tropical & Subtropical Grasslands, Savannas & Shrublands"
105,31,Dry Chaco,"Tropical & Subtropical Grasslands, Savannas & Shrublands"
105,32,Dry Chaco,"Tropical & Subtropical Grasslands, Savannas & Shrublands"
105,33,Dry Chaco,"Tropical & Subtropical Grasslands, Savannas & Shrublands"
105,34,Dry Chaco,"Tropical & Subtropical Grasslands, Savannas & Shrublands"
105,35,Espinal,"Temperate Grasslands, Savannas & Shrublands"
105,36,Espinal,"Temperate Grasslands, Savannas & Shrublands"
105,37,Espinal,"Temperate Grasslands, Savannas & Shrublands"
105,38,Humid Pampas,"Temperate Grasslands, Savannas & Shrublands"
105,39,Humid Pampas,"Temperate Grasslands, Savannas & Shrublands"
105,40,Humid Pampas,"Temperate Grasslands, Savannas & Shrublands"
105,41,Humid Pampas,"Temperate Grasslands, Savannas & Shrublands"
105,42,Humid Pampas,"Temperate Grasslands, Savannas & Shrublands"
105,43,Humid Pampas,"Temperate Grasslands, Savannas & Shrublands"
105,44,Humid Pampas,"Temperate Grasslands, Savannas & Shrublands"
105,45,Paraná flooded savanna,Flooded Grasslands & Savannas
105,46,Paraná flooded savanna,Flooded Grasslands & Savannas
105,47,Humid Pampas,"Temperate Grasslands, Savannas & Shrublands"
105,48,Humid Pampas,"Temperate Grasslands, Savannas & Shrublands"
105,49,Humid Pampas,"Temperate Grasslands, Savannas & Shrublands"
105,50,Humid Pampas,"Temperate Grasslands, Savannas & Shrublands"
105,51,Humid Pampas,"Temperate Grasslands, Savannas & Shrublands"
105,52,Humid Pampas,"Temperate Grasslands, Savannas & Shrublands"
105,53,Uruguayan savanna,"Tropical & Subtropical Grasslands, Savannas & Shrublands"
105,54,Uruguayan savanna,"Tropical & Subtropical Grasslands, Savannas & Shrublands"
105,55,Uruguayan savanna,"Tropical & Subtropical Grasslands, Savannas & Shrublands"
105,56,Uruguayan savanna,"Tropical & Subtropical Grasslands, Savannas & Shrublands"
105,57,Uruguayan savanna,"Tropical & Subtropical Grasslands, Savannas & Shrublands"
105,58,Uruguayan savanna,"Tropical & Subtropical Grasslands, Savannas & Shrublands"
105,59,Uruguayan savanna,"Tropical & Subtropical Grasslands, Savannas & Shrublands"
105,60,Uruguayan savanna,"Tropical & Subtropical Grasslands, Savannas & Shrublands"
105,61,Uruguayan savanna,"Tropical & Subtropical Grasslands, Savannas & Shrublands"
105,62,Uruguayan savanna,"Tropical & Subtropical Grasslands, Savannas & Shrublands"
105,63,Uruguayan savanna,"Tropical & Subtropical Grasslands, Savannas & Shrublands"
105,64,Uruguayan savanna,"Tropical & Subtropical Grasslands, Savannas & Shrublands"
105,65,Uruguayan savanna,"Tropical & Subtropical Grasslands, Savannas & Shrublands"
105,66,Uruguayan savanna,"Tropical & Subtropical Grasslands, Savannas & Shrublands"
105,67,Uruguayan savanna,"Tropical & Subtropical Grasslands, Savannas & Shrublands"
105,68,Uruguayan savanna,"Tropical & Subtropical Grasslands, Savannas & Shrublands"
105,69,Uruguayan savanna,"Tropical & Subtropical Grasslands, Savannas & Shrublands"
105,70,Uruguayan savanna,"Tropical & Subtropical Grasslands, Savannas & Shrublands"
105,71,Uruguayan savanna,"Tropical & Subtropical Grasslands, Savannas & Shrublands"
105,72,,
105,73,,
105,74,,
105,75,,
105,76,,
106,0,,
106,1,,
106,2,,
106,3,,
106,4,,
106,5,,
106,6,,
106,7,,
106,8,,
106,9,,
106,10,,
106,11,,
106,12,Chilean Matorral,"Mediterranean Forests, Woodlands & Scrub"
106,13,Chilean Matorral,"Mediterranean Forests, Woodlands & Scrub"
106,14,Chilean Matorral,"Mediterranean Forests, Woodlands & Scrub"
106,15,Southern Andean steppe,Montane Grasslands & Shrublands
106,16,Southern Andean steppe,Montane Grasslands & Shrublands
106,17,Southern Andean steppe,Montane Grasslands & Shrublands
106,18,High Monte,Montane Grasslands & Shrublands
106,19,Southern Andean steppe,Montane Grasslands & Shrublands
106,20,High Monte,Montane Grasslands & Shrublands
106,21,Low Monte,"Temperate Grasslands, Savannas & Shrublands"
106,22,Low Monte,"Temperate Grasslands, Savannas & Shrublands"
106,23,Low Monte,"Temperate Grasslands, Savannas & Shrublands"
106,24,Low Monte,"Temperate Grasslands, Savannas & Shrublands"
106,25,Dry Chaco,"Tropical & Subtropical Grasslands, Savannas & Shrublands"
106,26,Dry Chaco,"Tropical & Subtropical Grasslands, Savannas & Shrublands"
106,27,Dry Chaco,"Tropical & Subtropical Grasslands, Savannas & Shrublands"
106,28,Dry Chaco,"Tropical & Subtropical Grasslands, Savannas & Shrublands"
106,29,Dry Chaco,"Tropical & Subtropical Grasslands, Savannas & Shrublands"
106,30,Dry Chaco,"Tropical & Subtropical Grasslands, Savannas & Shrublands"
106,31,Dry Chaco,"Tropical & Subtropical Grasslands, Savannas & Shrublands"
106,32,Dry Chaco,"Tropical & Subtropical Grasslands, Savannas & Shrublands"
106,33,Dry Chaco,"Tropical & Subtropical Grasslands, Savannas & Shrublands"
106,34,Dry Chaco,"Tropical & Subtropical Grasslands, Savannas & Shrublands"
106,35,Espinal,"Temperate Grasslands, Savannas & Shrublands"
106,36,Espinal,"Temperate Grasslands, Savannas & Shrublands"
106,37,Espinal,"Temperate Grasslands, Savannas & Shrublands"
106,38,Humid Pampas,"Temperate Grasslands, Savannas & Shrublands"
106,39,Humid Pampas,"Temperate Grasslands, Savannas & Shrublands"
106,40,Humid Pampas,"Temperate Grasslands, Savannas & Shrublands"
106,41,Humid Pampas,"Temperate Grasslands, Savannas & Shrublands"
106,42,Humid Pampas,"Temperate Grasslands, Savannas & Shrublands"
106,43,Humid Pampas,"Temperate Grasslands, Savannas & Shrublands"
106,44,Humid Pampas,"Temperate Grasslands, Savannas & Shrublands"
106,45,Humid Pampas,"Temperate Grasslands, Savannas & Shrublands"
106,46,Humid Pampas,"Temperate Grasslands, Savannas & Shrublands"
106,47,Humid Pampas,"Temperate Grasslands, Savannas & Shrublands"
106,48,Humid Pampas,"Temperate Grasslands, Savannas & Shrublands"
106,49,Humid Pampas,"Temperate Grasslands, Savannas & Shrublands"
106,50,Humid Pampas,"Temperate Grasslands, Savannas & Shrublands"
106,51,Humid Pampas,"Temperate Grasslands, Savannas & Shrublands"
106,52,Humid Pampas,"Temperate Grasslands, Savannas & Shrublands"
106,53,Humid Pampas,"Temperate Grasslands, Savannas & Shrublands"
106,54,Uruguayan savanna,"Tropical & Subtropical Grasslands, Savannas & Shrublands"
106,55,Uruguayan savanna,"Tropical & Subtropical Grasslands, Savannas & Shrublands"
106,56,Uruguayan savanna,"Tropical & Subtropical Grasslands, Savannas & Shrublands"
106,57,Uruguayan savanna,"Tropical & Subtropical Grasslands, Savannas & Shrublands"
106,58,Uruguayan savanna,"Tropical & Subtropical Grasslands, Savannas & Shrublands"
106,59,Uruguayan savanna,"Tropical & Subtropical Grasslands, Savannas & Shrublands"
106,60,Uruguayan savanna,"Tropical & Subtropical Grasslands, Savannas & Shrublands"
106,61,Uruguayan savanna,"Tropical & Subtropical Grasslands, Savannas & Shrublands"
106,62,Uruguayan savanna,"Tropical & Subtropical Grasslands, Savannas & Shrublands"
106,63,Uruguayan savanna,"Tropical & Subtropical Grasslands, Savannas & Shrublands"
106,64,Uruguayan savanna,"Tropical & Subtropical Grasslands, Savannas & Shrublands"
106,65,Uruguayan savanna,"Tropical & Subtropical Grasslands, Savannas & Shrublands"
106,66,Uruguayan savanna,"Tropical & Subtropical Grasslands, Savannas & Shrublands"
106,67,Uruguayan savanna,"Tropical & Subtropical Grasslands, Savannas & Shrublands"
106,68,Uruguayan savanna,"Tropical & Subtropical Grasslands, Savannas & Shrublands"
106,69,Uruguayan savanna,"Tropical & Subtropical Grasslands, Savannas & Shrublands"
106,70,Uruguayan savanna,"Tropical & Subtropical Grasslands, Savannas & Shrublands"
106,71,Uruguayan savanna,"Tropical & Subtropical Grasslands, Savannas & Shrublands"
106,72,Uruguayan savanna,"Tropical & Subtropical Grasslands, Savannas & Shrublands"
106,73,,
106,74,Uruguayan savanna,"Tropical & Subtropical Grasslands, Savannas & Shrublands"
106,75,,
106,76,,
107,0,,
107,1,,
107,2,,
107,3,,
107,4,,
107,5,,
107,6,,
107,7,,
107,8,,
107,9,,
107,10,,
107,11,,
107,12,Chilean Matorral,"Mediterranean Forests, Woodlands & Scrub"
107,13,Chilean Matorral,"Mediterranean Forests, Woodlands & Scrub"
107,14,Chilean Matorral,"Mediterranean Forests, Woodlands & Scrub"
107,15,Southern Andean steppe,Montane Grasslands & Shrublands
107,16,Southern Andean steppe,Montane Grasslands & Shrublands
107,17,Southern Andean steppe,Montane Grasslands & Shrublands
107,18,High Monte,Montane Grasslands & Shrublands
107,19,Southern Andean steppe,Montane Grasslands & Shrublands
107,20,High Monte,Montane Grasslands & Shrublands
107,21,Low Monte,"Temperate Grasslands, Savannas & Shrublands"
107,22,Low Monte,"Temperate Grasslands, Savannas & Shrublands"
107,23,Low Monte,"Temperate Grasslands, Savannas & Shrublands"
107,24,Low Monte,"Temperate Grasslands, Savannas & Shrublands"
107,25,Dry Chaco,"Tropical & Subtropical Grasslands, Savannas & Shrublands"
107,26,Dry Chaco,"Tropical & Subtropical Grasslands, Savannas & Shrublands"
107,27,Dry Chaco,"Tropical & Subtropical Grasslands, Savannas & Shrublands"
107,28,Dry Chaco,"Tropical & Subtropical Grasslands, Savannas & Shrublands"
107,29,Dry Chaco,"Tropical & Subtropical Grasslands, Savannas & Shrublands"
107,30,Dry Chaco,"Tropical & Subtropical Grasslands, Savannas & Shrublands"
107,31,Dry Chaco,"Tropical & Subtropical Grasslands, Savannas & Shrublands"
107,32,Dry Chaco,"Tropical & Subtropical Grasslands, Savannas & Shrublands"
107,33,Dry Chaco,"Tropical & Subtropical Grasslands, Savannas & Shrublands"
107,34,Dry Chaco,"Tropical & Subtropical Grasslands, Savannas & Shrublands"
107,35,Espinal,"Temperate Grasslands, Savannas & Shrublands"
107,36,Espinal,"Temperate Grasslands, Savannas & Shrublands"
107,37,Espinal,"Temperate Grasslands, Savannas & Shrublands"
107,38,Espinal,"Temperate Grasslands, Savannas & Shrublands"
107,39,Espinal,"Temperate Grasslands, Savannas & Shrublands"
107,40,Espinal,"Temperate Grasslands, Savannas & Shrublands"
107,41,Humid Pampas,"Temperate Grasslands, Savannas & Shrublands"
107,42,Humid Pampas,"Temperate Grasslands, Savannas & Shrublands"
107,43,Humid Pampas,"Temperate Grasslands, Savannas & Shrublands"
107,44,Humid Pampas,"Temperate Grasslands, Savannas & Shrublands"
107,45,Paraná flooded savanna,Flooded Grasslands & Savannas
107,46,Espinal,"Temperate Grasslands, Savannas & Shrublands"
107,47,Espinal,"Temperate Grasslands, Savannas & Shrublands"
107,48,Humid Pampas,"Temperate Grasslands, Savannas & Shrublands"
107,49,Humid Pampas,"Temperate Grasslands, Savannas & Shrublands"
107,50,Humid Pampas,"Temperate Grasslands, Savannas & Shrublands"
107,51,Humid Pampas,"Temperate Grasslands, Savannas & Shrublands"
107,52,Humid Pampas,"Temperate Grasslands, Savannas & Shrublands"
107,53,Uruguayan savanna,"Tropical & Subtropical Grasslands, Savannas & Shrublands"
107,54,Uruguayan savanna,"Tropical & Subtropical Grasslands, Savannas & Shrublands"
107,55,Uruguayan savanna,"Tropical & Subtropical Grasslands, Savannas & Shrublands"
107,56,Uruguayan savanna,"Tropical & Subtropical Grasslands, Savannas & Shrublands"
107,57,Uruguayan savanna,"Tropical & Subtropical Grasslands, Savannas & Shrublands"
107,58,Uruguayan savanna,"Tropical & Subtropical Grasslands, Savannas & Shrublands"
107,59,Uruguayan savanna,"Tropical & Subtropical Grasslands, Savannas & Shrublands"
107,60,Uruguayan savanna,"Tropical & Subtropical Grasslands, Savannas & Shrublands"
107,61,Uruguayan savanna,"Tropical & Subtropical Grasslands, Savannas & Shrublands"
107,62,Uruguayan savanna,"Tropical & Subtropical Grasslands, Savannas & Shrublands"
107,63,Uruguayan savanna,"Tropical & Subtropical Grasslands, Savannas & Shrublands"
107,64,Uruguayan savanna,"Tropical & Subtropical Grasslands, Savannas & Shrublands"
107,65,Uruguayan savanna,"Tropical & Subtropical Grasslands, Savannas & Shrublands"
107,66,Uruguayan savanna,"Tropical & Subtropical Grasslands, Savannas & Shrublands"
107,67,Uruguayan savanna,"Tropical & Subtropical Grasslands, Savannas & Shrublands"
107,68,Uruguayan savanna,"Tropical & Subtropical Grasslands, Savannas & Shrublands"
107,69,Uruguayan savanna,"Tropical & Subtropical Grasslands, Savannas & Shrublands"
107,70,Uruguayan savanna,"Tropical & Subtropical Grasslands, Savannas & Shrublands"
107,71,Uruguayan savanna,"Tropical & Subtropical Grasslands, Savannas & Shrublands"
107,72,Uruguayan savanna,"Tropical & Subtropical Grasslands, Savannas & Shrublands"
107,73,,
107,74,,
107,75,,
107,76,Uruguayan savanna,"Tropical & Subtropical Grasslands, Savannas & Shrublands"
108,0,,
108,1,,
108,2,,
108,3,,
108,4,,
108,5,,
108,6,,
108,7,,
108,8,,
108,9,,
108,10,,
108,11,Chilean Matorral,"Mediterranean Forests, Woodlands & Scrub"
108,12,Chilean Matorral,"Mediterranean Forests, Woodlands & Scrub"
108,13,Chilean Matorral,"Mediterranean Forests, Woodlands & Scrub"
108,14,Southern Andean steppe,Montane Grasslands & Shrublands
108,15,Southern Andean steppe,Montane Grasslands & Shrublands
108,16,Southern Andean steppe,Montane Grasslands & Shrublands
108,17,Southern Andean steppe,Montane Grasslands & Shrublands
108,18,High Monte,Montane Grasslands & Shrublands
108,19,Southern Andean steppe,Montane Grasslands & Shrublands
108,20,Low Monte,"Temperate Grasslands, Savannas & Shrublands"
108,21,Low Monte,"Temperate Grasslands, Savannas & Shrublands"
108,22,High Monte,Montane Grasslands & Shrublands
108,23,Low Monte,"Temperate Grasslands, Savannas & Shrublands"
108,24,Low Monte,"Temperate Grasslands, Savannas & Shrublands"
108,25,Dry Chaco,"Tropical & Subtropical Grasslands, Savannas & Shrublands"
108,26,Dry Chaco,"Tropical & Subtropical Grasslands, Savannas & Shrublands"
108,27,Dry Chaco,"Tropical & Subtropical Grasslands, Savannas & Shrublands"
108,28,Dry Chaco,"Tropical & Subtropical Grasslands, Savannas & Shrublands"
108,29,Dry Chaco,"Tropical & Subtropical Grasslands, Savannas & Shrublands"
108,30,Dry Chaco,"Tropical & Subtropical Grasslands, Savannas & Shrublands"
108,31,Dry Chaco,"Tropical & Subtropical Grasslands, Savannas & Shrublands"
108,32,Dry Chaco,"Tropical & Subtropical Grasslands, Savannas & Shrublands"
108,33,Dry Chaco,"Tropical & Subtropical Grasslands, Savannas & Shrublands"
108,34,Espinal,"Temperate Grasslands, Savannas & Shrublands"
108,35,Espinal,"Temperate Grasslands, Savannas & Shrublands"
108,36,Espinal,"Temperate Grasslands, Savannas & Shrublands"
108,37,Espinal,"Temperate Grasslands, Savannas & Shrublands"
108,38,Espinal,"Temperate Grasslands, Savannas & Shrublands"
108,39,Espinal,"Temperate Grasslands, Savannas & Shrublands"
108,40,Espinal,"Temperate Grasslands, Savannas & Shrublands"
108,41,Espinal,"Temperate Grasslands, Savannas & Shrublands"
108,42,Humid Pampas,"Temperate Grasslands, Savannas & Shrublands"
108,43,Espinal,"Temperate Grasslands, Savannas & Shrublands"
108,44,Espinal,"Temperate Grasslands, Savannas & Shrublands"
108,45,Paraná flooded savanna,Flooded Grasslands & Savannas
108,46,Espinal,"Temperate Grasslands, Savannas & Shrublands"
108,47,Espinal,"Temperate Grasslands, Savannas & Shrublands"
108,48,Espinal,"Temperate Grasslands, Savannas & Shrublands"
108,49,Espinal,"Temperate Grasslands, Savannas & Shrublands"
108,50,Espinal,"Temperate Grasslands, Savannas & Shrublands"
108,51,Espinal,"Temperate Grasslands, Savannas & Shrublands"
108,52,Espinal,"Temperate Grasslands, Savannas & Shrublands"
108,53,Espinal,"Temperate Grasslands, Savannas & Shrublands"
108,54,Uruguayan savanna,"Tropical & Subtropical Grasslands, Savannas & Shrublands"
108,55,Uruguayan savanna,"Tropical & Subtropical Grasslands, Savannas & Shrublands"
108,56,Uruguayan savanna,"Tropical & Subtropical Grasslands, Savannas & Shrublands"
108,57,Uruguayan savanna,"Tropical & Subtropical Grasslands, Savannas & Shrublands"
108,58,Uruguayan savanna,"Tropical & Subtropical Grasslands, Savannas & Shrublands"
108,59,Uruguayan savanna,"Tropical & Subtropical Grasslands, Savannas & Shrublands"
108,60,Uruguayan savanna,"Tropical & Subtropical Grasslands, Savannas & Shrublands"
108,61,Uruguayan savanna,"Tropical & Subtropical Grasslands, Savannas & Shrublands"
108,62,Uruguayan savanna,"Tropical & Subtropical Grasslands, Savannas & Shrublands"
108,63,Uruguayan savanna,"Tropical & Subtropical Grasslands, Savannas & Shrublands"
108,64,Uruguayan savanna,"Tropical & Subtropical Grasslands, Savannas & Shrublands"
108,65,Uruguayan savanna,"Tropical & Subtropical Grasslands, Savannas & Shrublands"
108,66,Uruguayan savanna,"Tropical & Subtropical Grasslands, Savannas & Shrublands"
108,67,Uruguayan savanna,"Tropical & Subtropical Grasslands, Savannas & Shrublands"
108,68,Uruguayan savanna,"Tropical & Subtropical Grasslands, Savannas & Shrublands"
108,69,Uruguayan savanna,"Tropical & Subtropical Grasslands, Savannas & Shrublands"
108,70,Uruguayan savanna,"Tropical & Subtropical Grasslands, Savannas & Shrublands"
108,71,Uruguayan savanna,"Tropical & Subtropical Grasslands, Savannas & Shrublands"
108,72,Uruguayan savanna,"Tropical & Subtropical Grasslands, Savannas & Shrublands"
108,73,Uruguayan savanna,"Tropical & Subtropical Grasslands, Savannas & Shrublands"
108,74,Uruguayan savanna,"Tropical & Subtropical Grasslands, Savannas & Shrublands"
108,75,,
108,76,Uruguayan savanna,"Tropical & Subtropical Grasslands, Savannas & Shrublands"
109,0,,
109,1,,
109,2,,
109,3,,
109,4,,
109,5,,
109,6,,
109,7,,
109,8,,
109,9,,
109,10,,
109,11,Chilean Matorral,"Mediterranean Forests, Woodlands & Scrub"
109,12,Chilean Matorral,"Mediterranean Forests, Woodlands & Scrub"
109,13,Chilean Matorral,"Mediterranean Forests, Woodlands & Scrub"
109,14,Chilean Matorral,"Mediterranean Forests, Woodlands & Scrub"
109,15,Southern Andean steppe,Montane Grasslands & Shrublands
109,16,Southern Andean steppe,Montane Grasslands & Shrublands
109,17,Southern Andean steppe,Montane Grasslands & Shrublands
109,18,High Monte,Montane Grasslands & Shrublands
109,19,Southern Andean steppe,Montane Grasslands & Shrublands
109,20,High Monte,Montane Grasslands & Shrublands
109,21,High Monte,Montane Grasslands & Shrublands
109,22,High Monte,Montane Grasslands & Shrublands
109,23,High Monte,Montane Grasslands & Shrublands
109,24,High Monte,Montane Grasslands & Shrublands
109,25,Dry Chaco,"Tropical & Subtropical Grasslands, Savannas & Shrublands"
109,26,Dry Chaco,"Tropical & Subtropical Grasslands, Savannas & Shrublands"
109,27,Dry Chaco,"Tropical & Subtropical Grasslands, Savannas & Shrublands"
109,28,Dry Chaco,"Tropical & Subtropical Grasslands, Savannas & Shrublands"
109,29,Dry Chaco,"Tropical & Subtropical Grasslands, Savannas & Shrublands"
109,30,Dry Chaco,"Tropical & Subtropical Grasslands, Savannas & Shrublands"
109,31,Dry Chaco,"Tropical & Subtropical Grasslands, Savannas & Shrublands"
109,32,Dry Chaco,"Tropical & Subtropical Grasslands, Savannas & Shrublands"
109,33,Dry Chaco,"Tropical & Subtropical Grasslands, Savannas & Shrublands"
109,34,Espinal,"Temperate Grasslands, Savannas & Shrublands"
109,35,Espinal,"Temperate Grasslands, Savannas & Shrublands"
109,36,Espinal,"Temperate Grasslands, Savannas & Shrublands"
109,37,Espinal,"Temperate Grasslands, Savannas & Shrublands"
109,38,Espinal,"Temperate Grasslands, Savannas & Shrublands"
109,39,Espinal,"Temperate Grasslands, Savannas & Shrublands"
109,40,Espinal,"Temperate Grasslands, Savannas & Shrublands"
109,41,Espinal,"Temperate Grasslands, Savannas & Shrublands"
109,42,Espinal,"Temperate Grasslands, Savannas & Shrublands"
109,43,Espinal,"Temperate Grasslands, Savannas & Shrublands"
109,44,Espinal,"Temperate Grasslands, Savannas & Shrublands"
109,45,Espinal,"Temperate Grasslands, Savannas & Shrublands"
109,46,Paraná flooded savanna,Flooded Grasslands & Savannas
109,47,Paraná flooded savanna,Flooded Grasslands & Savannas
109,48,Espinal,"Temperate Grasslands, Savannas & Shrublands"
109,49,Espinal,"Temperate Grasslands, Savannas & Shrublands"
109,50,Espinal,"Temperate Grasslands, Savannas & Shrublands"
109,51,Espinal,"Temperate Grasslands, Savannas & Shrublands"
109,52,Espinal,"Temperate Grasslands, Savannas & Shrublands"
109,53,Espinal,"Temperate Grasslands, Savannas & Shrublands"
109,54,Uruguayan savanna,"Tropical & Subtropical Grasslands, Savannas & Shrublands"
109,55,Uruguayan savanna,"Tropical & Subtropical Grasslands, Savannas & Shrublands"
109,56,Uruguayan savanna,"Tropical & Subtropical Grasslands, Savannas & Shrublands"
109,57,Uruguayan savanna,"Tropical & Subtropical Grasslands, Savannas & Shrublands"
109,58,Uruguayan savanna,"Tropical & Subtropical Grasslands, Savannas & Shrublands"
109,59,Uruguayan savanna,"Tropical & Subtropical Grasslands, Savannas & Shrublands"
109,60,Uruguayan savanna,"Tropical & Subtropical Grasslands, Savannas & Shrublands"
109,61,Uruguayan savanna,"Tropical & Subtropical Grasslands, Savannas & Shrublands"
109,62,Uruguayan savanna,"Tropical & Subtropical Grasslands, Savannas & Shrublands"
109,63,Uruguayan savanna,"Tropical & Subtropical Grasslands, Savannas & Shrublands"
109,64,Uruguayan savanna,"Tropical & Subtropical Grasslands, Savannas & Shrublands"
109,65,Uruguayan savanna,"Tropical & Subtropical Grasslands, Savannas & Shrublands"
109,66,Uruguayan savanna,"Tropical & Subtropical Grasslands, Savannas & Shrublands"
109,67,Uruguayan savanna,"Tropical & Subtropical Grasslands, Savannas & Shrublands"
109,68,Uruguayan savanna,"Tropical & Subtropical Grasslands, Savannas & Shrublands"
109,69,Uruguayan savanna,"Tropical & Subtropical Grasslands, Savannas & Shrublands"
109,70,Uruguayan savanna,"Tropical & Subtropical Grasslands, Savannas & Shrublands"
109,71,Uruguayan savanna,"Tropical & Subtropical Grasslands, Savannas & Shrublands"
109,72,Uruguayan savanna,"Tropical & Subtropical Grasslands, Savannas & Shrublands"
109,73,Uruguayan savanna,"Tropical & Subtropical Grasslands, Savannas & Shrublands"
109,74,Uruguayan savanna,"Tropical & Subtropical Grasslands, Savannas & Shrublands"
109,75,,
109,76,,
110,0,,
110,1,,
110,2,,
110,3,,
110,4,,
110,5,,
110,6,,
110,7,,
110,8,,
110,9,,
110,10,,
110,11,Chilean Matorral,"Mediterranean Forests, Woodlands & Scrub"
110,12,Chilean Matorral,"Mediterranean Forests, Woodlands & Scrub"
110,13,Chilean Matorral,"Mediterranean Forests, Woodlands & Scrub"
110,14,Chilean Matorral,"Mediterranean Forests, Woodlands & Scrub"
110,15,Southern Andean steppe,Montane Grasslands & Shrublands
110,16,Southern Andean steppe,Montane Grasslands & Shrublands
110,17,Southern Andean steppe,Montane Grasslands & Shrublands
110,18,High Monte,Montane Grasslands & Shrublands
110,19,Southern Andean steppe,Montane Grasslands & Shrublands
110,20,High Monte,Montane Grasslands & Shrublands
110,21,High Monte,Montane Grasslands & Shrublands
110,22,High Monte,Montane Grasslands & Shrublands
110,23,High Monte,Montane Grasslands & Shrublands
110,24,High Monte,Montane Grasslands & Shrublands
110,25,Dry Chaco,"Tropical & Subtropical Grasslands, Savannas & Shrublands"
110,26,Dry Chaco,"Tropical & Subtropical Grasslands, Savannas & Shrublands"
110,27,Dry Chaco,"Tropical & Subtropical Grasslands, Savannas & Shrublands"
110,28,Dry Chaco,"Tropical & Subtropical Grasslands, Savannas & Shrublands"
110,29,Dry Chaco,"Tropical & Subtropical Grasslands, Savannas & Shrublands"
110,30,Dry Chaco,"Tropical & Subtropical Grasslands, Savannas & Shrublands"
110,31,Dry Chaco,"Tropical & Subtropical Grasslands, Savannas & Shrublands"
110,32,Dry Chaco,"Tropical & Subtropical Grasslands, Savannas & Shrublands"
110,33,Dry Chaco,"Tropical & Subtropical Grasslands, Savannas & Shrublands"
110,34,Dry Chaco,"Tropical & Subtropical Grasslands, Savannas & Shrublands"
110,35,Espinal,"Temperate Grasslands, Savannas & Shrublands"
110,36,Espinal,"Temperate Grasslands, Savannas & Shrublands"
110,37,Espinal,"Temperate Grasslands, Savannas & Shrublands"
110,38,Espinal,"Temperate Grasslands, Savannas & Shrublands"
110,39,Espinal,"Temperate Grasslands, Savannas & Shrublands"
110,40,Espinal,"Temperate Grasslands, Savannas & Shrublands"
110,41,Espinal,"Temperate Grasslands, Savannas & Shrublands"
110,42,Espinal,"Temperate Grasslands, Savannas & Shrublands"
110,43,Espinal,"Temperate Grasslands, Savannas & Shrublands"
110,44,Espinal,"Temperate Grasslands, Savannas & Shrublands"
110,45,Espinal,"Temperate Grasslands, Savannas & Shrublands"
110,46,Espinal,"Temperate Grasslands, Savannas & Shrublands"
110,47,Paraná flooded savanna,Flooded Grasslands & Savannas
110,48,Espinal,"Temperate Grasslands, Savannas & Shrublands"
110,49,Espinal,"Temperate Grasslands, Savannas & Shrublands"
110,50,Espinal,"Temperate Grasslands, Savannas & Shrublands"
110,51,Espinal,"Temperate Grasslands, Savannas & Shrublands"
110,52,Espinal,"Temperate Grasslands, Savannas & Shrublands"
110,53,Espinal,"Temperate Grasslands, Savannas & Shrublands"
110,54,Espinal,"Temperate Grasslands, Savannas & Shrublands"
110,55,Uruguayan savanna,"Tropical & Subtropical Grasslands, Savannas & Shrublands"
110,56,Uruguayan savanna,"Tropical & Subtropical Grasslands, Savannas & Shrublands"
110,57,Uruguayan savanna,"Tropical & Subtropical Grasslands, Savannas & Shrublands"
110,58,Uruguayan savanna,"Tropical & Subtropical Grasslands, Savannas & Shrublands"
110,59,Uruguayan savanna,"Tropical & Subtropical Grasslands, Savannas & Shrublands"
110,60,Uruguayan savanna,"Tropical & Subtropical Grasslands, Savannas & Shrublands"
110,61,Uruguayan savanna,"Tropical & Subtropical Grasslands, Savannas & Shrublands"
110,62,Uruguayan savanna,"Tropical & Subtropical Grasslands, Savannas & Shrublands"
110,63,Uruguayan savanna,"Tropical & Subtropical Grasslands, Savannas & Shrublands"
110,64,Uruguayan savanna,"Tropical & Subtropical Grasslands, Savannas & Shrublands"
110,65,Uruguayan savanna,"Tropical & Subtropical Grasslands, Savannas & Shrublands"
110,66,Uruguayan savanna,"Tropical & Subtropical Grasslands, Savannas & Shrublands"
110,67,Uruguayan savanna,"Tropical & Subtropical Grasslands, Savannas & Shrublands"
110,68,Uruguayan savanna,"Tropical & Subtropical Grasslands, Savannas & Shrublands"
110,69,Uruguayan savanna,"Tropical & Subtropical Grasslands, Savannas & Shrublands"
110,70,Uruguayan savanna,"Tropical & Subtropical Grasslands, Savannas & Shrublands"
110,71,Uruguayan savanna,"Tropical & Subtropical Grasslands, Savannas & Shrublands"
110,72,Uruguayan savanna,"Tropical & Subtropical Grasslands, Savannas & Shrublands"
110,73,Uruguayan savanna,"Tropical & Subtropical Grasslands, Savannas & Shrublands"
110,74,Uruguayan savanna,"Tropical & Subtropical Grasslands, Savannas & Shrublands"
110,75,Uruguayan savanna,"Tropical & Subtropical Grasslands, Savannas & Shrublands"
110,76,,
111,0,,
111,1,,
111,2,,
111,3,,
111,4,,
111,5,,
111,6,,
111,7,,
111,8,,
111,9,,
111,10,,
111,11,Chilean Matorral,"Mediterranean Forests, Woodlands & Scrub"
111,12,Chilean Matorral,"Mediterranean Forests, Woodlands & Scrub"
111,13,Chilean Matorral,"Mediterranean Forests, Woodlands & Scrub"
111,14,Southern Andean steppe,Montane Grasslands & Shrublands
111,15,Southern Andean steppe,Montane Grasslands & Shrublands
111,16,Southern Andean steppe,Montane Grasslands & Shrublands
111,17,Southern Andean steppe,Montane Grasslands & Shrublands
111,18,High Monte,Montane Grasslands & Shrublands
111,19,Southern Andean steppe,Montane Grasslands & Shrublands
111,20,High Monte,Montane Grasslands & Shrublands
111,21,High Monte,Montane Grasslands & Shrublands
111,22,High Monte,Montane Grasslands & Shrublands
111,23,High Monte,Montane Grasslands & Shrublands
111,24,High Monte,Montane Grasslands & Shrublands
111,25,Dry Chaco,"Tropical & Subtropical Grasslands, Savannas & Shrublands"
111,26,Dry Chaco,"Tropical & Subtropical Grasslands, Savannas & Shrublands"
111,27,Dry Chaco,"Tropical & Subtropical Grasslands, Savannas & Shrublands"
111,28,Dry Chaco,"Tropical & Subtropical Grasslands, Savannas & Shrublands"
111,29,Dry Chaco,"Tropical & Subtropical Grasslands, Savannas & Shrublands"
111,30,Dry Chaco,"Tropical & Subtropical Grasslands, Savannas & Shrublands"
111,31,Dry Chaco,"Tropical & Subtropical Grasslands, Savannas & Shrublands"
111,32,Dry Chaco,"Tropical & Subtropical Grasslands, Savannas & Shrublands"
111,33,Dry Chaco,"Tropical & Subtropical Grasslands, Savannas & Shrublands"
111,34,Espinal,"Temperate Grasslands, Savannas & Shrublands"
111,35,Espinal,"Temperate Grasslands, Savannas & Shrublands"
111,36,Espinal,"Temperate Grasslands, Savannas & Shrublands"
111,37,Espinal,"Temperate Grasslands, Savannas & Shrublands"
111,38,Espinal,"Temperate Grasslands, Savannas & Shrublands"
111,39,Espinal,"Temperate Grasslands, Savannas & Shrublands"
111,40,Espinal,"Temperate Grasslands, Savannas & Shrublands"
111,41,Espinal,"Temperate Grasslands, Savannas & Shrublands"
111,42,Espinal,"Temperate Grasslands, Savannas & Shrublands"
111,43,Espinal,"Temperate Grasslands, Savannas & Shrublands"
111,44,Espinal,"Temperate Grasslands, Savannas & Shrublands"
111,45,Espinal,"Temperate Grasslands, Savannas & Shrublands"
111,46,Espinal,"Temperate Grasslands, Savannas & Shrublands"
111,47,Paraná flooded savanna,Flooded Grasslands & Savannas
111,48,Paraná flooded savanna,Flooded Grasslands & Savannas
111,49,Espinal,"Temperate Grasslands, Savannas & Shrublands"
111,50,Espinal,"Temperate Grasslands, Savannas & Shrublands"
111,51,Espinal,"Temperate Grasslands, Savannas & Shrublands"
111,52,Espinal,"Temperate Grasslands, Savannas & Shrublands"
111,53,Espinal,"Temperate Grasslands, Savannas & Shrublands"
111,54,Espinal,"Temperate Grasslands, Savannas & Shrublands"
111,55,Uruguayan savanna,"Tropical & Subtropical Grasslands, Savannas & Shrublands"
111,56,Uruguayan savanna,"Tropical & Subtropical Grasslands, Savannas & Shrublands"
111,57,Uruguayan savanna,"Tropical & Subtropical Grasslands, Savannas & Shrublands"
111,58,Uruguayan savanna,"Tropical & Subtropical Grasslands, Savannas & Shrublands"
111,59,Uruguayan savanna,"Tropical & Subtropical Grasslands, Savannas & Shrublands"
111,60,Uruguayan savanna,"Tropical & Subtropical Grasslands, Savannas & Shrublands"
111,61,Uruguayan savanna,"Tropical & Subtropical Grasslands, Savannas & Shrublands"
111,62,Uruguayan savanna,"Tropical & Subtropical Grasslands, Savannas & Shrublands"
111,63,Uruguayan savanna,"Tropical & Subtropical Grasslands, Savannas & Shrublands"
111,64,Uruguayan savanna,"Tropical & Subtropical Grasslands, Savannas & Shrublands"
111,65,Uruguayan savanna,"Tropical & Subtropical Grasslands, Savannas & Shrublands"
111,66,Uruguayan savanna,"Tropical & Subtropical Grasslands, Savannas & Shrublands"
111,67,Uruguayan savanna,"Tropical & Subtropical Grasslands, Savannas & Shrublands"
111,68,Uruguayan savanna,"Tropical & Subtropical Grasslands, Savannas & Shrublands"
111,69,Uruguayan savanna,"Tropical & Subtropical Grasslands, Savannas & Shrublands"
111,70,Uruguayan savanna,"Tropical & Subtropical Grasslands, Savannas & Shrublands"
111,71,Uruguayan savanna,"Tropical & Subtropical Grasslands, Savannas & Shrublands"
111,72,Uruguayan savanna,"Tropical & Subtropical Grasslands, Savannas & Shrublands"
111,73,Uruguayan savanna,"Tropical & Subtropical Grasslands, Savannas & Shrublands"
111,74,Uruguayan savanna,"Tropical & Subtropical Grasslands, Savannas & Shrublands"
111,75,Uruguayan savanna,"Tropical & Subtropical Grasslands, Savannas & Shrublands"
111,76,Uruguayan savanna,"Tropical & Subtropical Grasslands, Savannas & Shrublands"
112,0,,
112,1,,
112,2,,
112,3,,
112,4,,
112,5,,
112,6,,
112,7,,
112,8,,
112,9,,
112,10,,
112,11,Chilean Matorral,"Mediterranean Forests, Woodlands & Scrub"
112,12,Chilean Matorral,"Mediterranean Forests, Woodlands & Scrub"
112,13,Chilean Matorral,"Mediterranean Forests, Woodlands & Scrub"
112,14,Southern Andean steppe,Montane Grasslands & Shrublands
112,15,Southern Andean steppe,Montane Grasslands & Shrublands
112,16,Southern Andean steppe,Montane Grasslands & Shrublands
112,17,Southern Andean steppe,Montane Grasslands & Shrublands
112,18,High Monte,Montane Grasslands & Shrublands
112,19,Southern Andean steppe,Montane Grasslands & Shrublands
112,20,High Monte,Montane Grasslands & Shrublands
112,21,High Monte,Montane Grasslands & Shrublands
112,22,High Monte,Montane Grasslands & Shrublands
112,23,High Monte,Montane Grasslands & Shrublands
112,24,Dry Chaco,"Tropical & Subtropical Grasslands, Savannas & Shrublands"
112,25,Dry Chaco,"Tropical & Subtropical Grasslands, Savannas & Shrublands"
112,26,Dry Chaco,"Tropical & Subtropical Grasslands, Savannas & Shrublands"
112,27,Dry Chaco,"Tropical & Subtropical Grasslands, Savannas & Shrublands"
112,28,Dry Chaco,"Tropical & Subtropical Grasslands, Savannas & Shrublands"
112,29,Dry Chaco,"Tropical & Subtropical Grasslands, Savannas & Shrublands"
112,30,Dry Chaco,"Tropical & Subtropical Grasslands, Savannas & Shrublands"
112,31,Dry Chaco,"Tropical & Subtropical Grasslands, Savannas & Shrublands"
112,32,Dry Chaco,"Tropical & Subtropical Grasslands, Savannas & Shrublands"
112,33,Dry Chaco,"Tropical & Subtropical Grasslands, Savannas & Shrublands"
112,34,Dry Chaco,"Tropical & Subtropical Grasslands, Savannas & Shrublands"
112,35,Espinal,"Temperate Grasslands, Savannas & Shrublands"
112,36,Espinal,"Temperate Grasslands, Savannas & Shrublands"
112,37,Dry Chaco,"Tropical & Subtropical Grasslands, Savannas & Shrublands"
112,38,Dry Chaco,"Tropical & Subtropical Grasslands, Savannas & Shrublands"
112,39,Dry Chaco,"Tropical & Subtropical Grasslands, Savannas & Shrublands"
112,40,Dry Chaco,"Tropical & Subtropical Grasslands, Savannas & Shrublands"
112,41,Espinal,"Temperate Grasslands, Savannas & Shrublands"
112,42,Espinal,"Temperate Grasslands, Savannas & Shrublands"
112,43,Espinal,"Temperate Grasslands, Savannas & Shrublands"
112,44,Espinal,"Temperate Grasslands, Savannas & Shrublands"
112,45,Espinal,"Temperate Grasslands, Savannas & Shrublands"
112,46,Espinal,"Temperate Grasslands, Savannas & Shrublands"
112,47,Espinal,"Temperate Grasslands, Savannas & Shrublands"
112,48,Paraná flooded savanna,Flooded Grasslands & Savannas
112,49,Espinal,"Temperate Grasslands, Savannas & Shrublands"
112,50,Espinal,"Temperate Grasslands, Savannas & Shrublands"
112,51,Espinal,"Temperate Grasslands, Savannas & Shrublands"
112,52,Espinal,"Temperate Grasslands, Savannas & Shrublands"
112,53,Espinal,"Temperate Grasslands, Savannas & Shrublands"
112,54,Espinal,"Temperate Grasslands, Savannas & Shrublands"
112,55,Uruguayan savanna,"Tropical & Subtropical Grasslands, Savannas & Shrublands"
112,56,Uruguayan savanna,"Tropical & Subtropical Grasslands, Savannas & Shrublands"
112,57,Uruguayan savanna,"Tropical & Subtropical Grasslands, Savannas & Shrublands"
112,58,Uruguayan savanna,"Tropical & Subtropical Grasslands, Savannas & Shrublands"
112,59,Uruguayan savanna,"Tropical & Subtropical Grasslands, Savannas & Shrublands"
112,60,Uruguayan savanna,"Tropical & Subtropical Grasslands, Savannas & Shrublands"
112,61,Uruguayan savanna,"Tropical & Subtropical Grasslands, Savannas & Shrublands"
112,62,Uruguayan savanna,"Tropical & Subtropical Grasslands, Savannas & Shrublands"
112,63,Uruguayan savanna,"Tropical & Subtropical Grasslands, Savannas & Shrublands"
112,64,Uruguayan savanna,"Tropical & Subtropical Grasslands, Savannas & Shrublands"
112,65,Uruguayan savanna,"Tropical & Subtropical Grasslands, Savannas & Shrublands"
112,66,Uruguayan savanna,"Tropical & Subtropical Grasslands, Savannas & Shrublands"
112,67,Uruguayan savanna,"Tropical & Subtropical Grasslands, Savannas & Shrublands"
112,68,Uruguayan savanna,"Tropical & Subtropical Grasslands, Savannas & Shrublands"
112,69,Alto Paraná Atlantic forests,Tropical & Subtropical Moist Broadleaf Forests
112,70,Alto Paraná Atlantic forests,Tropical & Subtropical Moist Broadleaf Forests
112,71,Alto Paraná Atlantic forests,Tropical & Subtropical Moist Broadleaf Forests
112,72,Alto Paraná Atlantic forests,Tropical & Subtropical Moist Broadleaf Forests
112,73,Uruguayan savanna,"Tropical & Subtropical Grasslands, Savannas & Shrublands"
112,74,Alto Paraná Atlantic forests,Tropical & Subtropical Moist Broadleaf Forests
112,75,Uruguayan savanna,"Tropical & Subtropical Grasslands, Savannas & Shrublands"
112,76,Uruguayan savanna,"Tropical & Subtropical Grasslands, Savannas & Shrublands"
113,0,,
113,1,,
113,2,,
113,3,,
113,4,,
113,5,,
113,6,,
113,7,,
113,8,,
113,9,,
113,10,,
113,11,,
113,12,Chilean Matorral,"Mediterranean Forests, Woodlands & Scrub"
113,13,Chilean Matorral,"Mediterranean Forests, Woodlands & Scrub"
113,14,Chilean Matorral,"Mediterranean Forests, Woodlands & Scrub"
113,15,Chilean Matorral,"Mediterranean Forests, Woodlands & Scrub"
113,16,Southern Andean steppe,Montane Grasslands & Shrublands
113,17,Southern Andean steppe,Montane Grasslands & Shrublands
113,18,High Monte,Montane Grasslands & Shrublands
113,19,High Monte,Montane Grasslands & Shrublands
113,20,High Monte,Montane Grasslands & Shrublands
113,21,High Monte,Montane Grasslands & Shrublands
113,22,High Monte,Montane Grasslands & Shrublands
113,23,High Monte,Montane Grasslands & Shrublands
113,24,High Monte,Montane Grasslands & Shrublands
113,25,Dry Chaco,"Tropical & Subtropical Grasslands, Savannas & Shrublands"
113,26,Dry Chaco,"Tropical & Subtropical Grasslands, Savannas & Shrublands"
113,27,Dry Chaco,"Tropical & Subtropical Grasslands, Savannas & Shrublands"
113,28,Dry Chaco,"Tropical & Subtropical Grasslands, Savannas & Shrublands"
113,29,Dry Chaco,"Tropical & Subtropical Grasslands, Savannas & Shrublands"
113,30,Dry Chaco,"Tropical & Subtropical Grasslands, Savannas & Shrublands"
113,31,Dry Chaco,"Tropical & Subtropical Grasslands, Savannas & Shrublands"
113,32,Dry Chaco,"Tropical & Subtropical Grasslands, Savannas & Shrublands"
113,33,Dry Chaco,"Tropical & Subtropical Grasslands, Savannas & Shrublands"
113,34,Dry Chaco,"Tropical & Subtropical Grasslands, Savannas & Shrublands"
113,35,Dry Chaco,"Tropical & Subtropical Grasslands, Savannas & Shrublands"
113,36,Dry Chaco,"Tropical & Subtropical Grasslands, Savannas & Shrublands"
113,37,Dry Chaco,"Tropical & Subtropical Grasslands, Savannas & Shrublands"
113,38,Dry Chaco,"Tropical & Subtropical Grasslands, Savannas & Shrublands"
113,39,Dry Chaco,"Tropical & Subtropical Grasslands, Savannas & Shrublands"
113,40,Dry Chaco,"Tropical & Subtropical Grasslands, Savannas & Shrublands"
113,41,Espinal,"Temperate Grasslands, Savannas & Shrublands"
113,42,Espinal,"Temperate Grasslands, Savannas & Shrublands"
113,43,Espinal,"Temperate Grasslands, Savannas & Shrublands"
113,44,Espinal,"Temperate Grasslands, Savannas & Shrublands"
113,45,Espinal,"Temperate Grasslands, Savannas & Shrublands"
113,46,Humid Chaco,"Tropical & Subtropical Grasslands, Savannas & Shrublands"
113,47,Humid Chaco,"Tropical & Subtropical Grasslands, Savannas & Shrublands"
113,48,Paraná flooded savanna,Flooded Grasslands & Savannas
113,49,Paraná flooded savanna,Flooded Grasslands & Savannas
113,50,Espinal,"Temperate Grasslands, Savannas & Shrublands"
113,51,Espinal,"Temperate Grasslands, Savannas & Shrublands"
113,52,Espinal,"Temperate Grasslands, Savannas & Shrublands"
113,53,Espinal,"Temperate Grasslands, Savannas & Shrublands"
113,54,Espinal,"Temperate Grasslands, Savannas & Shrublands"
113,55,Espinal,"Temperate Grasslands, Savannas & Shrublands"
113,56,Uruguayan savanna,"Tropical & Subtropical Grasslands, Savannas & Shrublands"
113,57,Uruguayan savanna,"Tropical & Subtropical Grasslands, Savannas & Shrublands"
113,58,Uruguayan savanna,"Tropical & Subtropical Grasslands, Savannas & Shrublands"
113,59,Uruguayan savanna,"Tropical & Subtropical Grasslands, Savannas & Shrublands"
113,60,Uruguayan savanna,"Tropical & Subtropical Grasslands, Savannas & Shrublands"
113,61,Uruguayan savanna,"Tropical & Subtropical Grasslands, Savannas & Shrublands"
113,62,Uruguayan savanna,"Tropical & Subtropical Grasslands, Savannas & Shrublands"
113,63,Uruguayan savanna,"Tropical & Subtropical Grasslands, Savannas & Shrublands"
113,64,Uruguayan savanna,"Tropical & Subtropical Grasslands, Savannas & Shrublands"
113,65,Uruguayan savanna,"Tropical & Subtropical Grasslands, Savannas & Shrublands"
113,66,Uruguayan savanna,"Tropical & Subtropical Grasslands, Savannas & Shrublands"
113,67,Alto Paraná Atlantic forests,Tropical & Subtropical Moist Broadleaf Forests
113,68,Alto Paraná Atlantic forests,Tropical & Subtropical Moist Broadleaf Forests
113,69,Alto Paraná Atlantic forests,Tropical & Subtropical Moist Broadleaf Forests
113,70,Alto Paraná Atlantic forests,Tropical & Subtropical Moist Broadleaf Forests
113,71,Alto Paraná Atlantic forests,Tropical & Subtropical Moist Broadleaf Forests
113,72,Alto Paraná Atlantic forests,Tropical & Subtropical Moist Broadleaf Forests
113,73,Uruguayan savanna,"Tropical & Subtropical Grasslands, Savannas & Shrublands"
113,74,Uruguayan savanna,"Tropical & Subtropical Grasslands, Savannas & Shrublands"
113,75,Uruguayan savanna,"Tropical & Subtropical Grasslands, Savannas & Shrublands"
113,76,Alto Paraná Atlantic forests,Tropical & Subtropical Moist Broadleaf Forests
114,0,,
114,1,,
114,2,,
114,3,,
114,4,,
114,5,,
114,6,,
114,7,,
114,8,,
114,9,,
114,10,,
114,11,,
114,12,Chilean Matorral,"Mediterranean Forests, Woodlands & Scrub"
114,13,Chilean Matorral,"Mediterranean Forests, Woodlands & Scrub"
114,14,Chilean Matorral,"Mediterranean Forests, Woodlands & Scrub"
114,15,Southern Andean steppe,Montane Grasslands & Shrublands
114,16,Southern Andean steppe,Montane Grasslands & Shrublands
114,17,Southern Andean steppe,Montane Grasslands & Shrublands
114,18,High Monte,Montane Grasslands & Shrublands
114,19,Southern Andean steppe,Montane Grasslands & Shrublands
114,20,High Monte,Montane Grasslands & Shrublands
114,21,High Monte,Montane Grasslands & Shrublands
114,22,High Monte,Montane Grasslands & Shrublands
114,23,High Monte,Montane Grasslands & Shrublands
114,24,High Monte,Montane Grasslands & Shrublands
114,25,Dry Chaco,"Tropical & Subtropical Grasslands, Savannas & Shrublands"
114,26,Dry Chaco,"Tropical & Subtropical Grasslands, Savannas & Shrublands"
114,27,Dry Chaco,"Tropical & Subtropical Grasslands, Savannas & Shrublands"
114,28,Dry Chaco,"Tropical & Subtropical Grasslands, Savannas & Shrublands"
114,29,Dry Chaco,"Tropical & Subtropical Grasslands, Savannas & Shrublands"
114,30,Dry Chaco,"Tropical & Subtropical Grasslands, Savannas & Shrublands"
114,31,Dry Chaco,"Tropical & Subtropical Grasslands, Savannas & Shrublands"
114,32,Dry Chaco,"Tropical & Subtropical Grasslands, Savannas & Shrublands"
114,33,Dry Chaco,"Tropical & Subtropical Grasslands, Savannas & Shrublands"
114,34,Dry Chaco,"Tropical & Subtropical Grasslands, Savannas & Shrublands"
114,35,Dry Chaco,"Tropical & Subtropical Grasslands, Savannas & Shrublands"
114,36,Dry Chaco,"Tropical & Subtropical Grasslands, Savannas & Shrublands"
114,37,Dry Chaco,"Tropical & Subtropical Grasslands, Savannas & Shrublands"
114,38,Dry Chaco,"Tropical & Subtropical Grasslands, Savannas & Shrublands"
114,39,Dry Chaco,"Tropical & Subtropical Grasslands, Savannas & Shrublands"
114,40,Dry Chaco,"Tropical & Subtropical Grasslands, Savannas & Shrublands"
114,41,Espinal,"Temperate Grasslands, Savannas & Shrublands"
114,42,Espinal,"Temperate Grasslands, Savannas & Shrublands"
114,43,Espinal,"Temperate Grasslands, Savannas & Shrublands"
114,44,Espinal,"Temperate Grasslands, Savannas & Shrublands"
114,45,Espinal,"Temperate Grasslands, Savannas & Shrublands"
114,46,Humid Chaco,"Tropical & Subtropical Grasslands, Savannas & Shrublands"
114,47,Humid Chaco,"Tropical & Subtropical Grasslands, Savannas & Shrublands"
114,48,Paraná flooded savanna,Flooded Grasslands & Savannas
114,49,Paraná flooded savanna,Flooded Grasslands & Savannas
114,50,Humid Chaco,"Tropical & Subtropical Grasslands, Savannas & Shrublands"
114,51,Espinal,"Temperate Grasslands, Savannas & Shrublands"
114,52,Espinal,"Temperate Grasslands, Savannas & Shrublands"
114,53,Espinal,"Temperate Grasslands, Savannas & Shrublands"
114,54,Espinal,"Temperate Grasslands, Savannas & Shrublands"
114,55,Espinal,"Temperate Grasslands, Savannas & Shrublands"
114,56,Southern Cone Mesopotamian savanna,Flooded Grasslands & Savannas
114,57,Uruguayan savanna,"Tropical & Subtropical Grasslands, Savannas & Shrublands"
114,58,Uruguayan savanna,"Tropical & Subtropical Grasslands, Savannas & Shrublands"
114,59,Uruguayan savanna,"Tropical & Subtropical Grasslands, Savannas & Shrublands"
114,60,Uruguayan savanna,"Tropical & Subtropical Grasslands, Savannas & Shrublands"
114,61,Uruguayan savanna,"Tropical & Subtropical Grasslands, Savannas & Shrublands"
114,62,Uruguayan savanna,"Tropical & Subtropical Grasslands, Savannas & Shrublands"
114,63,Uruguayan savanna,"Tropical & Subtropical Grasslands, Savannas & Shrublands"
114,64,Uruguayan savanna,"Tropical & Subtropical Grasslands, Savannas & Shrublands"
114,65,Uruguayan savanna,"Tropical & Subtropical Grasslands, Savannas & Shrublands"
114,66,Uruguayan savanna,"Tropical & Subtropical Grasslands, Savannas & Shrublands"
114,67,Uruguayan savanna,"Tropical & Subtropical Grasslands, Savannas & Shrublands"
114,68,Alto Paraná Atlantic forests,Tropical & Subtropical Moist Broadleaf Forests
114,69,Alto Paraná Atlantic forests,Tropical & Subtropical Moist Broadleaf Forests
114,70,Alto Paraná Atlantic forests,Tropical & Subtropical Moist Broadleaf Forests
114,71,Alto Paraná Atlantic forests,Tropical & Subtropical Moist Broadleaf Forests
114,72,Alto Paraná Atlantic forests,Tropical & Subtropical Moist Broadleaf Forests
114,73,Alto Paraná Atlantic forests,Tropical & Subtropical Moist Broadleaf Forests
114,74,Alto Paraná Atlantic forests,Tropical & Subtropical Moist Broadleaf Forests
114,75,Alto Paraná Atlantic forests,Tropical & Subtropical Moist Broadleaf Forests
114,76,Alto Paraná Atlantic forests,Tropical & Subtropical Moist Broadleaf Forests
115,0,,
115,1,,
115,2,,
115,3,,
115,4,,
115,5,,
115,6,,
115,7,,
115,8,,
115,9,,
115,10,,
115,11,,
115,12,Chilean Matorral,"Mediterranean Forests, Woodlands & Scrub"
115,13,Chilean Matorral,"Mediterranean Forests, Woodlands & Scrub"
115,14,Southern Andean steppe,Montane Grasslands & Shrublands
115,15,Southern Andean steppe,Montane Grasslands & Shrublands
115,16,Southern Andean steppe,Montane Grasslands & Shrublands
115,17,Southern Andean steppe,Montane Grasslands & Shrublands
115,18,High Monte,Montane Grasslands & Shrublands
115,19,Southern Andean steppe,Montane Grasslands & Shrublands
115,20,High Monte,Montane Grasslands & Shrublands
115,21,High Monte,Montane Grasslands & Shrublands
115,22,High Monte,Montane Grasslands & Shrublands
115,23,High Monte,Montane Grasslands & Shrublands
115,24,High Monte,Montane Grasslands & Shrublands
115,25,High Monte,Montane Grasslands & Shrublands
115,26,Dry Chaco,"Tropical & Subtropical Grasslands, Savannas & Shrublands"
115,27,Dry Chaco,"Tropical & Subtropical Grasslands, Savannas & Shrublands"
115,28,Dry Chaco,"Tropical & Subtropical Grasslands, Savannas & Shrublands"
115,29,Dry Chaco,"Tropical & Subtropical Grasslands, Savannas & Shrublands"
115,30,Dry Chaco,"Tropical & Subtropical Grasslands, Savannas & Shrublands"
115,31,Dry Chaco,"Tropical & Subtropical Grasslands, Savannas & Shrublands"
115,32,Dry Chaco,"Tropical & Subtropical Grasslands, Savannas & Shrublands"
115,33,Dry Chaco,"Tropical & Subtropical Grasslands, Savannas & Shrublands"
115,34,Dry Chaco,"Tropical & Subtropical Grasslands, Savannas & Shrublands"
115,35,Dry Chaco,"Tropical & Subtropical Grasslands, Savannas & Shrublands"
115,36,Dry Chaco,"Tropical & Subtropical Grasslands, Savannas & Shrublands"
115,37,Dry Chaco,"Tropical & Subtropical Grasslands, Savannas & Shrublands"
115,38,Dry Chaco,"Tropical & Subtropical Grasslands, Savannas & Shrublands"
115,39,Dry Chaco,"Tropical & Subtropical Grasslands, Savannas & Shrublands"
115,40,Dry Chaco,"Tropical & Subtropical Grasslands, Savannas & Shrublands"
115,41,Dry Chaco,"Tropical & Subtropical Grasslands, Savannas & Shrublands"
115,42,Dry Chaco,"Tropical & Subtropical Grasslands, Savannas & Shrublands"
115,43,Espinal,"Temperate Grasslands, Savannas & Shrublands"
115,44,Espinal,"Temperate Grasslands, Savannas & Shrublands"
115,45,Espinal,"Temperate Grasslands, Savannas & Shrublands"
115,46,Humid Chaco,"Tropical & Subtropical Grasslands, Savannas & Shrublands"
115,47,Humid Chaco,"Tropical & Subtropical Grasslands, Savannas & Shrublands"
115,48,Paraná flooded savanna,Flooded Grasslands & Savannas
115,49,Paraná flooded savanna,Flooded Grasslands & Savannas
115,50,Humid Chaco,"Tropical & Subtropical Grasslands, Savannas & Shrublands"
115,51,Humid Chaco,"Tropical & Subtropical Grasslands, Savannas & Shrublands"
115,52,Espinal,"Temperate Grasslands, Savannas & Shrublands"
115,53,Espinal,"Temperate Grasslands, Savannas & Shrublands"
115,54,Espinal,"Temperate Grasslands, Savannas & Shrublands"
115,55,Espinal,"Temperate Grasslands, Savannas & Shrublands"
115,56,Southern Cone Mesopotamian savanna,Flooded Grasslands & Savannas
115,57,Southern Cone Mesopotamian savanna,Flooded Grasslands & Savannas
115,58,Uruguayan savanna,"Tropical & Subtropical Grasslands, Savannas & Shrublands"
115,59,Uruguayan savanna,"Tropical & Subtropical Grasslands, Savannas & Shrublands"
115,60,Uruguayan savanna,"Tropical & Subtropical Grasslands, Savannas & Shrublands"
115,61,Uruguayan savanna,"Tropical & Subtropical Grasslands, Savannas & Shrublands"
115,62,Uruguayan savanna,"Tropical & Subtropical Grasslands, Savannas & Shrublands"
115,63,Uruguayan savanna,"Tropical & Subtropical Grasslands, Savannas & Shrublands"
115,64,Uruguayan savanna,"Tropical & Subtropical Grasslands, Savannas & Shrublands"
115,65,Alto Paraná Atlantic forests,Tropical & Subtropical Moist Broadleaf Forests
115,66,Alto Paraná Atlantic forests,Tropical & Subtropical Moist Broadleaf Forests
115,67,Uruguayan savanna,"Tropical & Subtropical Grasslands, Savannas & Shrublands"
115,68,Uruguayan savanna,"Tropical & Subtropical Grasslands, Savannas & Shrublands"
115,69,Alto Paraná Atlantic forests,Tropical & Subtropical Moist Broadleaf Forests
115,70,Alto Paraná Atlantic forests,Tropical & Subtropical Moist Broadleaf Forests
115,71,Alto Paraná Atlantic forests,Tropical & Subtropical Moist Broadleaf Forests
115,72,Araucaria moist forests,Tropical & Subtropical Moist Broadleaf Forests
115,73,Alto Paraná Atlantic forests,Tropical & Subtropical Moist Broadleaf Forests
115,74,Alto Paraná Atlantic forests,Tropical & Subtropical Moist Broadleaf Forests
115,75,Alto Paraná Atlantic forests,Tropical & Subtropical Moist Broadleaf Forests
115,76,Alto Paraná Atlantic forests,Tropical & Subtropical Moist Broadleaf Forests
116,0,,
116,1,,
116,2,,
116,3,,
116,4,,
116,5,,
116,6,,
116,7,,
116,8,,
116,9,,
116,10,,
116,11,Chilean Matorral,"Mediterranean Forests, Woodlands & Scrub"
116,12,Chilean Matorral,"Mediterranean Forests, Woodlands & Scrub"
116,13,Chilean Matorral,"Mediterranean Forests, Woodlands & Scrub"
116,14,Southern Andean steppe,Montane Grasslands & Shrublands
116,15,Southern Andean steppe,Montane Grasslands & Shrublands
116,16,Southern Andean steppe,Montane Grasslands & Shrublands
116,17,Central Andean puna,Montane Grasslands & Shrublands
116,18,Southern Andean steppe,Montane Grasslands & Shrublands
116,19,High Monte,Montane Grasslands & Shrublands
116,20,High Monte,Montane Grasslands & Shrublands
116,21,High Monte,Montane Grasslands & Shrublands
116,22,High Monte,Montane Grasslands & Shrublands
116,23,High Monte,Montane Grasslands & Shrublands
116,24,High Monte,Montane Grasslands & Shrublands
116,25,High Monte,Montane Grasslands & Shrublands
116,26,Dry Chaco,"Tropical & Subtropical Grasslands, Savannas & Shrublands"
116,27,Dry Chaco,"Tropical & Subtropical Grasslands, Savannas & Shrublands"
116,28,Dry Chaco,"Tropical & Subtropical Grasslands, Savannas & Shrublands"
116,29,Dry Chaco,"Tropical & Subtropical Grasslands, Savannas & Shrublands"
116,30,Dry Chaco,"Tropical & Subtropical Grasslands, Savannas & Shrublands"
116,31,Dry Chaco,"Tropical & Subtropical Grasslands, Savannas & Shrublands"
116,32,Dry Chaco,"Tropical & Subtropical Grasslands, Savannas & Shrublands"
116,33,Dry Chaco,"Tropical & Subtropical Grasslands, Savannas & Shrublands"
116,34,Dry Chaco,"Tropical & Subtropical Grasslands, Savannas & Shrublands"
116,35,Dry Chaco,"Tropical & Subtropical Grasslands, Savannas & Shrublands"
116,36,Dry Chaco,"Tropical & Subtropical Grasslands, Savannas & Shrublands"
116,37,Dry Chaco,"Tropical & Subtropical Grasslands, Savannas & Shrublands"
116,38,Dry Chaco,"Tropical & Subtropical Grasslands, Savannas & Shrublands"
116,39,Dry Chaco,"Tropical & Subtropical Grasslands, Savannas & Shrublands"
116,40,Dry Chaco,"Tropical & Subtropical Grasslands, Savannas & Shrublands"
116,41,Dry Chaco,"Tropical & Subtropical Grasslands, Savannas & Shrublands"
116,42,Dry Chaco,"Tropical & Subtropical Grasslands, Savannas & Shrublands"
116,43,Espinal,"Temperate Grasslands, Savannas & Shrublands"
116,44,Espinal,"Temperate Grasslands, Savannas & Shrublands"
116,45,Humid Chaco,"Tropical & Subtropical Grasslands, Savannas & Shrublands"
116,46,Humid Chaco,"Tropical & Subtropical Grasslands, Savannas & Shrublands"
116,47,Humid Chaco,"Tropical & Subtropical Grasslands, Savannas & Shrublands"
116,48,Humid Chaco,"Tropical & Subtropical Grasslands, Savannas & Shrublands"
116,49,Paraná flooded savanna,Flooded Grasslands & Savannas
116,50,Humid Chaco,"Tropical & Subtropical Grasslands, Savannas & Shrublands"
116,51,Humid Chaco,"Tropical & Subtropical Grasslands, Savannas & Shrublands"
116,52,Espinal,"Temperate Grasslands, Savannas & Shrublands"
116,53,Espinal,"Temperate Grasslands, Savannas & Shrublands"
116,54,Espinal,"Temperate Grasslands, Savannas & Shrublands"
116,55,Espinal,"Temperate Grasslands, Savannas & Shrublands"
116,56,Southern Cone Mesopotamian savanna,Flooded Grasslands & Savannas
116,57,Southern Cone Mesopotamian savanna,Flooded Grasslands & Savannas
116,58,Southern Cone Mesopotamian savanna,Flooded Grasslands & Savannas
116,59,Uruguayan savanna,"Tropical & Subtropical Grasslands, Savannas & Shrublands"
116,60,Uruguayan savanna,"Tropical & Subtropical Grasslands, Savannas & Shrublands"
116,61,Uruguayan savanna,"Tropical & Subtropical Grasslands, Savannas & Shrublands"
116,62,Uruguayan savanna,"Tropical & Subtropical Grasslands, Savannas & Shrublands"
116,63,Uruguayan savanna,"Tropical & Subtropical Grasslands, Savannas & Shrublands"
116,64,Uruguayan savanna,"Tropical & Subtropical Grasslands, Savannas & Shrublands"
116,65,Uruguayan savanna,"Tropical & Subtropical Grasslands, Savannas & Shrublands"
116,66,Uruguayan savanna,"Tropical & Subtropical Grasslands, Savannas & Shrublands"
116,67,Uruguayan savanna,"Tropical & Subtropical Grasslands, Savannas & Shrublands"
116,68,Uruguayan savanna,"Tropical & Subtropical Grasslands, Savannas & Shrublands"
116,69,Uruguayan savanna,"Tropical & Subtropical Grasslands, Savannas & Shrublands"
116,70,Uruguayan savanna,"Tropical & Subtropical Grasslands, Savannas & Shrublands"
116,71,Araucaria moist forests,Tropical & Subtropical Moist Broadleaf Forests
116,72,Alto Paraná Atlantic forests,Tropical & Subtropical Moist Broadleaf Forests
116,73,Araucaria moist forests,Tropical & Subtropical Moist Broadleaf Forests
116,74,Alto Paraná Atlantic forests,Tropical & Subtropical Moist Broadleaf Forests
116,75,Araucaria moist forests,Tropical & Subtropical Moist Broadleaf Forests
116,76,Araucaria moist forests,Tropical & Subtropical Moist Broadleaf Forests
117,0,,
117,1,,
117,2,,
117,3,,
117,4,,
117,5,,
117,6,,
117,7,,
117,8,,
117,9,,
117,10,,
117,11,Chilean Matorral,"Mediterranean Forests, Woodlands & Scrub"
117,12,Chilean Matorral,"Mediterranean Forests, Woodlands & Scrub"
117,13,Chilean Matorral,"Mediterranean Forests, Woodlands & Scrub"
117,14,Chilean Matorral,"Mediterranean Forests, Woodlands & Scrub"
117,15,Southern Andean steppe,Montane Grasslands & Shrublands
117,16,Southern Andean steppe,Montane Grasslands & Shrublands
117,17,Central Andean puna,Montane Grasslands & Shrublands
117,18,Central Andean puna,Montane Grasslands & Shrublands
117,19,High Monte,Montane Grasslands & Shrublands
117,20,High Monte,Montane Grasslands & Shrublands
117,21,High Monte,Montane Grasslands & Shrublands
117,22,High Monte,Montane Grasslands & Shrublands
117,23,High Monte,Montane Grasslands & Shrublands
117,24,High Monte,Montane Grasslands & Shrublands
117,25,Dry Chaco,"Tropical & Subtropical Grasslands, Savannas & Shrublands"
117,26,Dry Chaco,"Tropical & Subtropical Grasslands, Savannas & Shrublands"
117,27,Dry Chaco,"Tropical & Subtropical Grasslands, Savannas & Shrublands"
117,28,Dry Chaco,"Tropical & Subtropical Grasslands, Savannas & Shrublands"
117,29,Dry Chaco,"Tropical & Subtropical Grasslands, Savannas & Shrublands"
117,30,Dry Chaco,"Tropical & Subtropical Grasslands, Savannas & Shrublands"
117,31,Dry Chaco,"Tropical & Subtropical Grasslands, Savannas & Shrublands"
117,32,Dry Chaco,"Tropical & Subtropical Grasslands, Savannas & Shrublands"
117,33,Dry Chaco,"Tropical & Subtropical Grasslands, Savannas & Shrublands"
117,34,Dry Chaco,"Tropical & Subtropical Grasslands, Savannas & Shrublands"
117,35,Dry Chaco,"Tropical & Subtropical Grasslands, Savannas & Shrublands"
117,36,Dry Chaco,"Tropical & Subtropical Grasslands, Savannas & Shrublands"
117,37,Dry Chaco,"Tropical & Subtropical Grasslands, Savannas & Shrublands"
117,38,Dry Chaco,"Tropical & Subtropical Grasslands, Savannas & Shrublands"
117,39,Dry Chaco,"Tropical & Subtropical Grasslands, Savannas & Shrublands"
117,40,Dry Chaco,"Tropical & Subtropical Grasslands, Savannas & Shrublands"
117,41,Dry Chaco,"Tropical & Subtropical Grasslands, Savannas & Shrublands"
117,42,Dry Chaco,"Tropical & Subtropical Grasslands, Savannas & Shrublands"
117,43,Humid Chaco,"Tropical & Subtropical Grasslands, Savannas & Shrublands"
117,44,Humid Chaco,"Tropical & Subtropical Grasslands, Savannas & Shrublands"
117,45,Humid Chaco,"Tropical & Subtropical Grasslands, Savannas & Shrublands"
117,46,Humid Chaco,"Tropical & Subtropical Grasslands, Savannas & Shrublands"
117,47,Humid Chaco,"Tropical & Subtropical Grasslands, Savannas & Shrublands"
117,48,Humid Chaco,"Tropical & Subtropical Grasslands, Savannas & Shrublands"
117,49,Paraná flooded savanna,Flooded Grasslands & Savannas
117,50,Humid Chaco,"Tropical & Subtropical Grasslands, Savannas & Shrublands"
117,51,Humid Chaco,"Tropical & Subtropical Grasslands, Savannas & Shrublands"
117,52,Humid Chaco,"Tropical & Subtropical Grasslands, Savannas & Shrublands"
117,53,Espinal,"Temperate Grasslands, Savannas & Shrublands"
117,54,Espinal,"Temperate Grasslands, Savannas & Shrublands"
117,55,Espinal,"Temperate Grasslands, Savannas & Shrublands"
117,56,Southern Cone Mesopotamian savanna,Flooded Grasslands & Savannas
117,57,Southern Cone Mesopotamian savanna,Flooded Grasslands & Savannas
117,58,Southern Cone Mesopotamian savanna,Flooded Grasslands & Savannas
117,59,Southern Cone Mesopotamian savanna,Flooded Grasslands & Savannas
117,60,Uruguayan savanna,"Tropical & Subtropical Grasslands, Savannas & Shrublands"
117,61,Uruguayan savanna,"Tropical & Subtropical Grasslands, Savannas & Shrublands"
117,62,Uruguayan savanna,"Tropical & Subtropical Grasslands, Savannas & Shrublands"
117,63,Uruguayan savanna,"Tropical & Subtropical Grasslands, Savannas & Shrublands"
117,64,Uruguayan savanna,"Tropical & Subtropical Grasslands, Savannas & Shrublands"
117,65,Uruguayan savanna,"Tropical & Subtropical Grasslands, Savannas & Shrublands"
117,66,Uruguayan savanna,"Tropical & Subtropical Grasslands, Savannas & Shrublands"
117,67,Uruguayan savanna,"Tropical & Subtropical Grasslands, Savannas & Shrublands"
117,68,Uruguayan savanna,"Tropical & Subtropical Grasslands, Savannas & Shrublands"
117,69,Uruguayan savanna,"Tropical & Subtropical Grasslands, Savannas & Shrublands"
117,70,Uruguayan savanna,"Tropical & Subtropical Grasslands, Savannas & Shrublands"
117,71,Araucaria moist forests,Tropical & Subtropical Moist Broadleaf Forests
117,72,Araucaria moist forests,Tropical & Subtropical Moist Broadleaf Forests
117,73,Alto Paraná Atlantic forests,Tropical & Subtropical Moist Broadleaf Forests
117,74,Araucaria moist forests,Tropical & Subtropical Moist Broadleaf Forests
117,75,Araucaria moist forests,Tropical & Subtropical Moist Broadleaf Forests
117,76,Araucaria moist forests,Tropical & Subtropical Moist Broadleaf Forests
118,0,,
118,1,,
118,2,,
118,3,,
118,4,,
118,5,,
118,6,,
118,7,,
118,8,,
118,9,,
118,10,,
118,11,Chilean Matorral,"Mediterranean Forests, Woodlands & Scrub"
118,12,Chilean Matorral,"Mediterranean Forests, Woodlands & Scrub"
118,13,Chilean Matorral,"Mediterranean Forests, Woodlands & Scrub"
118,14,Chilean Matorral,"Mediterranean Forests, Woodlands & Scrub"
118,15,Southern Andean steppe,Montane Grasslands & Shrublands
118,16,Southern Andean steppe,Montane Grasslands & Shrublands
118,17,Southern Andean steppe,Montane Grasslands & Shrublands
118,18,Central Andean puna,Montane Grasslands & Shrublands
118,19,Central Andean puna,Montane Grasslands & Shrublands
118,20,High Monte,Montane Grasslands & Shrublands
118,21,High Monte,Montane Grasslands & Shrublands
118,22,High Monte,Montane Grasslands & Shrublands
118,23,High Monte,Montane Grasslands & Shrublands
118,24,High Monte,Montane Grasslands & Shrublands
118,25,High Monte,Montane Grasslands & Shrublands
118,26,Dry Chaco,"Tropical & Subtropical Grasslands, Savannas & Shrublands"
118,27,Dry Chaco,"Tropical & Subtropical Grasslands, Savannas & Shrublands"
118,28,Dry Chaco,"Tropical & Subtropical Grasslands, Savannas & Shrublands"
118,29,Dry Chaco,"Tropical & Subtropical Grasslands, Savannas & Shrublands"
118,30,Dry Chaco,"Tropical & Subtropical Grasslands, Savannas & Shrublands"
118,31,Dry Chaco,"Tropical & Subtropical Grasslands, Savannas & Shrublands"
118,32,Dry Chaco,"Tropical & Subtropical Grasslands, Savannas & Shrublands"
118,33,Dry Chaco,"Tropical & Subtropical Grasslands, Savannas & Shrublands"
118,34,Dry Chaco,"Tropical & Subtropical Grasslands, Savannas & Shrublands"
118,35,Dry Chaco,"Tropical & Subtropical Grasslands, Savannas & Shrublands"
118,36,Dry Chaco,"Tropical & Subtropical Grasslands, Savannas & Shrublands"
118,37,Dry Chaco,"Tropical & Subtropical Grasslands, Savannas & Shrublands"
118,38,Dry Chaco,"Tropical & Subtropical Grasslands, Savannas & Shrublands"
118,39,Dry Chaco,"Tropical & Subtropical Grasslands, Savannas & Shrublands"
118,40,Dry Chaco,"Tropical & Subtropical Grasslands, Savannas & Shrublands"
118,41,Dry Chaco,"Tropical & Subtropical Grasslands, Savannas & Shrublands"
118,42,Dry Chaco,"Tropical & Subtropical Grasslands, Savannas & Shrublands"
118,43,Humid Chaco,"Tropical & Subtropical Grasslands, Savannas & Shrublands"
118,44,Humid Chaco,"Tropical & Subtropical Grasslands, Savannas & Shrublands"
118,45,Humid Chaco,"Tropical & Subtropical Grasslands, Savannas & Shrublands"
118,46,Humid Chaco,"Tropical & Subtropical Grasslands, Savannas & Shrublands"
118,47,Humid Chaco,"Tropical & Subtropical Grasslands, Savannas & Shrublands"
118,48,Humid Chaco,"Tropical & Subtropical Grasslands, Savannas & Shrublands"
118,49,Humid Chaco,"Tropical & Subtropical Grasslands, Savannas & Shrublands"
118,50,Paraná flooded savanna,Flooded Grasslands & Savannas
118,51,Humid Chaco,"Tropical & Subtropical Grasslands, Savannas & Shrublands"
118,52,Humid Chaco,"Tropical & Subtropical Grasslands, Savannas & Shrublands"
118,53,Humid Chaco,"Tropical & Subtropical Grasslands, Savannas & Shrublands"
118,54,Espinal,"Temperate Grasslands, Savannas & Shrublands"
118,55,Espinal,"Temperate Grasslands, Savannas & Shrublands"
118,56,Southern Cone Mesopotamian savanna,Flooded Grasslands & Savannas
118,57,Southern Cone Mesopotamian savanna,Flooded Grasslands & Savannas
118,58,Southern Cone Mesopotamian savanna,Flooded Grasslands & Savannas
118,59,Southern Cone Mesopotamian savanna,Flooded Grasslands & Savannas
118,60,Uruguayan savanna,"Tropical & Subtropical Grasslands, Savannas & Shrublands"
118,61,Uruguayan savanna,"Tropical & Subtropical Grasslands, Savannas & Shrublands"
118,62,Uruguayan savanna,"Tropical & Subtropical Grasslands, Savannas & Shrublands"
118,63,Uruguayan savanna,"Tropical & Subtropical Grasslands, Savannas & Shrublands"
118,64,Uruguayan savanna,"Tropical & Subtropical Grasslands, Savannas & Shrublands"
118,65,Uruguayan savanna,"Tropical & Subtropical Grasslands, Savannas & Shrublands"
118,66,Uruguayan savanna,"Tropical & Subtropical Grasslands, Savannas & Shrublands"
118,67,Uruguayan savanna,"Tropical & Subtropical Grasslands, Savannas & Shrublands"
118,68,Uruguayan savanna,"Tropical & Subtropical Grasslands, Savannas & Shrublands"
118,69,Uruguayan savanna,"Tropical & Subtropical Grasslands, Savannas & Shrublands"
118,70,Uruguayan savanna,"Tropical & Subtropical Grasslands, Savannas & Shrublands"
118,71,Araucaria moist forests,Tropical & Subtropical Moist Broadleaf Forests
118,72,Araucaria moist forests,Tropical & Subtropical Moist Broadleaf Forests
118,73,Araucaria moist forests,Tropical & Subtropical Moist Broadleaf Forests
118,74,Araucaria moist forests,Tropical & Subtropical Moist Broadleaf Forests
118,75,Araucaria moist forests,Tropical & Subtropical Moist Broadleaf Forests
118,76,Araucaria moist forests,Tropical & Subtropical Moist Broadleaf Forests
119,0,,
119,1,,
119,2,,
119,3,,
119,4,,
119,5,,
119,6,,
119,7,,
119,8,,
119,9,,
119,10,,
119,11,,
119,12,Chilean Matorral,"Mediterranean Forests, Woodlands & Scrub"
119,13,Chilean Matorral,"Mediterranean Forests, Woodlands & Scrub"
119,14,Chilean Matorral,"Mediterranean Forests, Woodlands & Scrub"
119,15,Chilean Matorral,"Mediterranean Forests, Woodlands & Scrub"
119,16,Southern Andean steppe,Montane Grasslands & Shrublands
119,17,Southern Andean steppe,Montane Grasslands & Shrublands
119,18,Southern Andean steppe,Montane Grasslands & Shrublands
119,19,Central Andean puna,Montane Grasslands & Shrublands
119,20,High Monte,Montane Grasslands & Shrublands
119,21,High Monte,Montane Grasslands & Shrublands
119,22,High Monte,Montane Grasslands & Shrublands
119,23,High Monte,Montane Grasslands & Shrublands
119,24,High Monte,Montane Grasslands & Shrublands
119,25,High Monte,Montane Grasslands & Shrublands
119,26,High Monte,Montane Grasslands & Shrublands
119,27,High Monte,Montane Grasslands & Shrublands
119,28,Dry Chaco,"Tropical & Subtropical Grasslands, Savannas & Shrublands"
119,29,Dry Chaco,"Tropical & Subtropical Grasslands, Savannas & Shrublands"
119,30,Dry Chaco,"Tropical & Subtropical Grasslands, Savannas & Shrublands"
119,31,Dry Chaco,"Tropical & Subtropical Grasslands, Savannas & Shrublands"
119,32,Dry Chaco,"Tropical & Subtropical Grasslands, Savannas & Shrublands"
119,33,Dry Chaco,"Tropical & Subtropical Grasslands, Savannas & Shrublands"
119,34,Dry Chaco,"Tropical & Subtropical Grasslands, Savannas & Shrublands"
119,35,Dry Chaco,"Tropical & Subtropical Grasslands, Savannas & Shrublands"
119,36,Dry Chaco,"Tropical & Subtropical Grasslands, Savannas & Shrublands"
119,37,Dry Chaco,"Tropical & Subtropical Grasslands, Savannas & Shrublands"
119,38,Dry Chaco,"Tropical & Subtropical Grasslands, Savannas & Shrublands"
119,39,Dry Chaco,"Tropical & Subtropical Grasslands, Savannas & Shrublands"
119,40,Dry Chaco,"Tropical & Subtropical Grasslands, Savannas & Shrublands"
119,41,Dry Chaco,"Tropical & Subtropical Grasslands, Savannas & Shrublands"
119,42,Dry Chaco,"Tropical & Subtropical Grasslands, Savannas & Shrublands"
119,43,Humid Chaco,"Tropical & Subtropical Grasslands, Savannas & Shrublands"
119,44,Humid Chaco,"Tropical & Subtropical Grasslands, Savannas & Shrublands"
119,45,Humid Chaco,"Tropical & Subtropical Grasslands, Savannas & Shrublands"
119,46,Humid Chaco,"Tropical & Subtropical Grasslands, Savannas & Shrublands"
119,47,Humid Chaco,"Tropical & Subtropical Grasslands, Savannas & Shrublands"
119,48,Humid Chaco,"Tropical & Subtropical Grasslands, Savannas & Shrublands"
119,49,Humid Chaco,"Tropical & Subtropical Grasslands, Savannas & Shrublands"
119,50,Paraná flooded savanna,Flooded Grasslands & Savannas
119,51,Humid Chaco,"Tropical & Subtropical Grasslands, Savannas & Shrublands"
119,52,Humid Chaco,"Tropical & Subtropical Grasslands, Savannas & Shrublands"
119,53,Humid Chaco,"Tropical & Subtropical Grasslands, Savannas & Shrublands"
119,54,Humid Chaco,"Tropical & Subtropical Grasslands, Savannas & Shrublands"
119,55,Humid Chaco,"Tropical & Subtropical Grasslands, Savannas & Shrublands"
119,56,Humid Chaco,"Tropical & Subtropical Grasslands, Savannas & Shrublands"
119,57,Southern Cone Mesopotamian savanna,Flooded Grasslands & Savannas
119,58,Southern Cone Mesopotamian savanna,Flooded Grasslands & Savannas
119,59,Southern Cone Mesopotamian savanna,Flooded Grasslands & Savannas
119,60,Southern Cone Mesopotamian savanna,Flooded Grasslands & Savannas
119,61,Uruguayan savanna,"Tropical & Subtropical Grasslands, Savannas & Shrublands"
119,62,Uruguayan savanna,"Tropical & Subtropical Grasslands, Savannas & Shrublands"
119,63,Uruguayan savanna,"Tropical & Subtropical Grasslands, Savannas & Shrublands"
119,64,Uruguayan savanna,"Tropical & Subtropical Grasslands, Savannas & Shrublands"
119,65,Uruguayan savanna,"Tropical & Subtropical Grasslands, Savannas & Shrublands"
119,66,Alto Paraná Atlantic forests,Tropical & Subtropical Moist Broadleaf Forests
119,67,Alto Paraná Atlantic forests,Tropical & Subtropical Moist Broadleaf Forests
119,68,Alto Paraná Atlantic forests,Tropical & Subtropical Moist Broadleaf Forests
119,69,Alto Paraná Atlantic forests,Tropical & Subtropical Moist Broadleaf Forests
119,70,Uruguayan savanna,"Tropical & Subtropical Grasslands, Savannas & Shrublands"
119,71,Uruguayan savanna,"Tropical & Subtropical Grasslands, Savannas & Shrublands"
119,72,Uruguayan savanna,"Tropical & Subtropical Grasslands, Savannas & Shrublands"
119,73,Uruguayan savanna,"Tropical & Subtropical Grasslands, Savannas & Shrublands"
119,74,Araucaria moist forests,Tropical & Subtropical Moist Broadleaf Forests
119,75,Araucaria moist forests,Tropical & Subtropical Moist Broadleaf Forests
119,76,Araucaria moist forests,Tropical & Subtropical Moist Broadleaf Forests
120,0,,
120,1,,
120,2,,
120,3,,
120,4,,
120,5,,
120,6,,
120,7,,
120,8,,
120,9,,
120,10,,
120,11,,
120,12,Chilean Matorral,"Mediterranean Forests, Woodlands & Scrub"
120,13,Chilean Matorral,"Mediterranean Forests, Woodlands & Scrub"
120,14,Chilean Matorral,"Mediterranean Forests, Woodlands & Scrub"
120,15,Chilean Matorral,"Mediterranean Forests, Woodlands & Scrub"
120,16,Southern Andean steppe,Montane Grasslands & Shrublands
120,17,Southern Andean steppe,Montane Grasslands & Shrublands
120,18,Southern Andean steppe,Montane Grasslands & Shrublands
120,19,Southern Andean steppe,Montane Grasslands & Shrublands
120,20,High Monte,Montane Grasslands & Shrublands
120,21,High Monte,Montane Grasslands & Shrublands
120,22,High Monte,Montane Grasslands & Shrublands
120,23,High Monte,Montane Grasslands & Shrublands
120,24,High Monte,Montane Grasslands & Shrublands
120,25,High Monte,Montane Grasslands & Shrublands
120,26,High Monte,Montane Grasslands & Shrublands
120,27,High Monte,Montane Grasslands & Shrublands
120,28,High Monte,Montane Grasslands & Shrublands
120,29,Dry Chaco,"Tropical & Subtropical Grasslands, Savannas & Shrublands"
120,30,Dry Chaco,"Tropical & Subtropical Grasslands, Savannas & Shrublands"
120,31,Dry Chaco,"Tropical & Subtropical Grasslands, Savannas & Shrublands"
120,32,Dry Chaco,"Tropical & Subtropical Grasslands, Savannas & Shrublands"
120,33,Dry Chaco,"Tropical & Subtropical Grasslands, Savannas & Shrublands"
120,34,Dry Chaco,"Tropical & Subtropical Grasslands, Savannas & Shrublands"
120,35,Dry Chaco,"Tropical & Subtropical Grasslands, Savannas & Shrublands"
120,36,Dry Chaco,"Tropical & Subtropical Grasslands, Savannas & Shrublands"
120,37,Dry Chaco,"Tropical & Subtropical Grasslands, Savannas & Shrublands"
120,38,Dry Chaco,"Tropical & Subtropical Grasslands, Savannas & Shrublands"
120,39,Dry Chaco,"Tropical & Subtropical Grasslands, Savannas & Shrublands"
120,40,Dry Chaco,"Tropical & Subtropical Grasslands, Savannas & Shrublands"
120,41,Dry Chaco,"Tropical & Subtropical Grasslands, Savannas & Shrublands"
120,42,Dry Chaco,"Tropical & Subtropical Grasslands, Savannas & Shrublands"
120,43,Humid Chaco,"Tropical & Subtropical Grasslands, Savannas & Shrublands"
120,44,Humid Chaco,"Tropical & Subtropical Grasslands, Savannas & Shrublands"
120,45,Humid Chaco,"Tropical & Subtropical Grasslands, Savannas & Shrublands"
120,46,Humid Chaco,"Tropical & Subtropical Grasslands, Savannas & Shrublands"
120,47,Humid Chaco,"Tropical & Subtropical Grasslands, Savannas & Shrublands"
120,48,Humid Chaco,"Tropical & Subtropical Grasslands, Savannas & Shrublands"
120,49,Humid Chaco,"Tropical & Subtropical Grasslands, Savannas & Shrublands"
120,50,Humid Chaco,"Tropical & Subtropical Grasslands, Savannas & Shrublands"
120,51,Paraná flooded savanna,Flooded Grasslands & Savannas
120,52,Humid Chaco,"Tropical & Subtropical Grasslands, Savannas & Shrublands"
120,53,Humid Chaco,"Tropical & Subtropical Grasslands, Savannas & Shrublands"
120,54,Humid Chaco,"Tropical & Subtropical Grasslands, Savannas & Shrublands"
120,55,Humid Chaco,"Tropical & Subtropical Grasslands, Savannas & Shrublands"
120,56,Humid Chaco,"Tropical & Subtropical Grasslands, Savannas & Shrublands"
120,57,Humid Chaco,"Tropical & Subtropical Grasslands, Savannas & Shrublands"
120,58,Humid Chaco,"Tropical & Subtropical Grasslands, Savannas & Shrublands"
120,59,Southern Cone Mesopotamian savanna,Flooded Grasslands & Savannas
120,60,Southern Cone Mesopotamian savanna,Flooded Grasslands & Savannas
120,61,Southern Cone Mesopotamian savanna,Flooded Grasslands & Savannas
120,62,Uruguayan savanna,"Tropical & Subtropical Grasslands, Savannas & Shrublands"
120,63,Uruguayan savanna,"Tropical & Subtropical Grasslands, Savannas & Shrublands"
120,64,Alto Paraná Atlantic forests,Tropical & Subtropical Moist Broadleaf Forests
120,65,Alto Paraná Atlantic forests,Tropical & Subtropical Moist Broadleaf Forests
120,66,Alto Paraná Atlantic forests,Tropical & Subtropical Moist Broadleaf Forests
120,67,Uruguayan savanna,"Tropical & Subtropical Grasslands, Savannas & Shrublands"
120,68,Uruguayan savanna,"Tropical & Subtropical Grasslands, Savannas & Shrublands"
120,69,Uruguayan savanna,"Tropical & Subtropical Grasslands, Savannas & Shrublands"
120,70,Uruguayan savanna,"Tropical & Subtropical Grasslands, Savannas & Shrublands"
120,71,Araucaria moist forests,Tropical & Subtropical Moist Broadleaf Forests
120,72,Uruguayan savanna,"Tropical & Subtropical Grasslands, Savannas & Shrublands"
120,73,Uruguayan savanna,"Tropical & Subtropical Grasslands, Savannas & Shrublands"
120,74,Araucaria moist forests,Tropical & Subtropical Moist Broadleaf Forests
120,75,Araucaria moist forests,Tropical & Subtropical Moist Broadleaf Forests
120,76,Araucaria moist forests,Tropical & Subtropical Moist Broadleaf Forests
121,0,,
121,1,,
121,2,,
121,3,,
121,4,,
121,5,,
121,6,,
121,7,,
121,8,,
121,9,,
121,10,,
121,11,,
121,12,Chilean Matorral,"Mediterranean Forests, Woodlands & Scrub"
121,13,Chilean Matorral,"Mediterranean Forests, Woodlands & Scrub"
121,14,Chilean Matorral,"Mediterranean Forests, Woodlands & Scrub"
121,15,Chilean Matorral,"Mediterranean Forests, Woodlands & Scrub"
121,16,Southern Andean steppe,Montane Grasslands & Shrublands
121,17,Southern Andean steppe,Montane Grasslands & Shrublands
121,18,Southern Andean steppe,Montane Grasslands & Shrublands
121,19,Southern Andean steppe,Montane Grasslands & Shrublands
121,20,Southern Andean steppe,Montane Grasslands & Shrublands
121,21,Central Andean puna,Montane Grasslands & Shrublands
121,22,High Monte,Montane Grasslands & Shrublands
121,23,High Monte,Montane Grasslands & Shrublands
121,24,High Monte,Montane Grasslands & Shrublands
121,25,High Monte,Montane Grasslands & Shrublands
121,26,High Monte,Montane Grasslands & Shrublands
121,27,High Monte,Montane Grasslands & Shrublands
121,28,Southern Andean Yungas,Tropical & Subtropical Moist Broadleaf Forests
121,29,Southern Andean Yungas,Tropical & Subtropical Moist Broadleaf Forests
121,30,Dry Chaco,"Tropical & Subtropical Grasslands, Savannas & Shrublands"
121,31,Dry Chaco,"Tropical & Subtropical Grasslands, Savannas & Shrublands"
121,32,Dry Chaco,"Tropical & Subtropical Grasslands, Savannas & Shrublands"
121,33,Dry Chaco,"Tropical & Subtropical Grasslands, Savannas & Shrublands"
121,34,Dry Chaco,"Tropical & Subtropical Grasslands, Savannas & Shrublands"
121,35,Dry Chaco,"Tropical & Subtropical Grasslands, Savannas & Shrublands"
121,36,Dry Chaco,"Tropical & Subtropical Grasslands, Savannas & Shrublands"
121,37,Dry Chaco,"Tropical & Subtropical Grasslands, Savannas & Shrublands"
121,38,Dry Chaco,"Tropical & Subtropical Grasslands, Savannas & Shrublands"
121,39,Dry Chaco,"Tropical & Subtropical Grasslands, Savannas & Shrublands"
121,40,Dry Chaco,"Tropical & Subtropical Grasslands, Savannas & Shrublands"
121,41,Dry Chaco,"Tropical & Subtropical Grasslands, Savannas & Shrublands"
121,42,Dry Chaco,"Tropical & Subtropical Grasslands, Savannas & Shrublands"
121,43,Humid Chaco,"Tropical & Subtropical Grasslands, Savannas & Shrublands"
121,44,Humid Chaco,"Tropical & Subtropical Grasslands, Savannas & Shrublands"
121,45,Humid Chaco,"Tropical & Subtropical Grasslands, Savannas & Shrublands"
121,46,Humid Chaco,"Tropical & Subtropical Grasslands, Savannas & Shrublands"
121,47,Humid Chaco,"Tropical & Subtropical Grasslands, Savannas & Shrublands"
121,48,Humid Chaco,"Tropical & Subtropical Grasslands, Savannas & Shrublands"
121,49,Humid Chaco,"Tropical & Subtropical Grasslands, Savannas & Shrublands"
121,50,Humid Chaco,"Tropical & Subtropical Grasslands, Savannas & Shrublands"
121,51,Paraná flooded savanna,Flooded Grasslands & Savannas
121,52,Humid Chaco,"Tropical & Subtropical Grasslands, Savannas & Shrublands"
121,53,Humid Chaco,"Tropical & Subtropical Grasslands, Savannas & Shrublands"
121,54,Humid Chaco,"Tropical & Subtropical Grasslands, Savannas & Shrublands"
121,55,Humid Chaco,"Tropical & Subtropical Grasslands, Savannas & Shrublands"
121,56,Humid Chaco,"Tropical & Subtropical Grasslands, Savannas & Shrublands"
121,57,Humid Chaco,"Tropical & Subtropical Grasslands, Savannas & Shrublands"
121,58,Humid Chaco,"Tropical & Subtropical Grasslands, Savannas & Shrublands"
121,59,Humid Chaco,"Tropical & Subtropical Grasslands, Savannas & Shrublands"
121,60,Southern Cone Mesopotamian savanna,Flooded Grasslands & Savannas
121,61,Southern Cone Mesopotamian savanna,Flooded Grasslands & Savannas
121,62,Southern Cone Mesopotamian savanna,Flooded Grasslands & Savannas
121,63,Southern Cone Mesopotamian savanna,Flooded Grasslands & Savannas
121,64,Alto Paraná Atlantic forests,Tropical & Subtropical Moist Broadleaf Forests
121,65,Alto Paraná Atlantic forests,Tropical & Subtropical Moist Broadleaf Forests
121,66,Alto Paraná Atlantic forests,Tropical & Subtropical Moist Broadleaf Forests
121,67,Uruguayan savanna,"Tropical & Subtropical Grasslands, Savannas & Shrublands"
121,68,Uruguayan savanna,"Tropical & Subtropical Grasslands, Savannas & Shrublands"
121,69,Uruguayan savanna,"Tropical & Subtropical Grasslands, Savannas & Shrublands"
121,70,Uruguayan savanna,"Tropical & Subtropical Grasslands, Savannas & Shrublands"
121,71,Araucaria moist forests,Tropical & Subtropical Moist Broadleaf Forests
121,72,Uruguayan savanna,"Tropical & Subtropical Grasslands, Savannas & Shrublands"
121,73,Araucaria moist forests,Tropical & Subtropical Moist Broadleaf Forests
121,74,Araucaria moist forests,Tropical & Subtropical Moist Broadleaf Forests
121,75,Araucaria moist forests,Tropical & Subtropical Moist Broadleaf Forests
121,76,Araucaria moist forests,Tropical & Subtropical Moist Broadleaf Forests
122,0,,
122,1,,
122,2,,
122,3,,
122,4,,
122,5,,
122,6,,
122,7,,
122,8,,
122,9,,
122,10,,
122,11,,
122,12,Chilean Matorral,"Mediterranean Forests, Woodlands & Scrub"
122,13,Chilean Matorral,"Mediterranean Forests, Woodlands & Scrub"
122,14,Chilean Matorral,"Mediterranean Forests, Woodlands & Scrub"
122,15,Chilean Matorral,"Mediterranean Forests, Woodlands & Scrub"
122,16,Southern Andean steppe,Montane Grasslands & Shrublands
122,17,Southern Andean steppe,Montane Grasslands & Shrublands
122,18,Southern Andean steppe,Montane Grasslands & Shrublands
122,19,Southern Andean steppe,Montane Grasslands & Shrublands
122,20,Southern Andean steppe,Montane Grasslands & Shrublands
122,21,Central Andean puna,Montane Grasslands & Shrublands
122,22,High Monte,Montane Grasslands & Shrublands
122,23,High Monte,Montane Grasslands & Shrublands
122,24,High Monte,Montane Grasslands & Shrublands
122,25,High Monte,Montane Grasslands & Shrublands
122,26,High Monte,Montane Grasslands & Shrublands
122,27,High Monte,Montane Grasslands & Shrublands
122,28,Southern Andean Yungas,Tropical & Subtropical Moist Broadleaf Forests
122,29,Southern Andean Yungas,Tropical & Subtropical Moist Broadleaf Forests
122,30,Dry Chaco,"Tropical & Subtropical Grasslands, Savannas & Shrublands"
122,31,Dry Chaco,"Tropical & Subtropical Grasslands, Savannas & Shrublands"
122,32,Dry Chaco,"Tropical & Subtropical Grasslands, Savannas & Shrublands"
122,33,Dry Chaco,"Tropical & Subtropical Grasslands, Savannas & Shrublands"
122,34,Dry Chaco,"Tropical & Subtropical Grasslands, Savannas & Shrublands"
122,35,Dry Chaco,"Tropical & Subtropical Grasslands, Savannas & Shrublands"
122,36,Dry Chaco,"Tropical & Subtropical Grasslands, Savannas & Shrublands"
122,37,Dry Chaco,"Tropical & Subtropical Grasslands, Savannas & Shrublands"
122,38,Dry Chaco,"Tropical & Subtropical Grasslands, Savannas & Shrublands"
122,39,Dry Chaco,"Tropical & Subtropical Grasslands, Savannas & Shrublands"
122,40,Dry Chaco,"Tropical & Subtropical Grasslands, Savannas & Shrublands"
122,41,Humid Chaco,"Tropical & Subtropical Grasslands, Savannas & Shrublands"
122,42,Humid Chaco,"Tropical & Subtropical Grasslands, Savannas & Shrublands"
122,43,Humid Chaco,"Tropical & Subtropical Grasslands, Savannas & Shrublands"
122,44,Dry Chaco,"Tropical & Subtropical Grasslands, Savannas & Shrublands"
122,45,Humid Chaco,"Tropical & Subtropical Grasslands, Savannas & Shrublands"
122,46,Humid Chaco,"Tropical & Subtropical Grasslands, Savannas & Shrublands"
122,47,Humid Chaco,"Tropical & Subtropical Grasslands, Savannas & Shrublands"
122,48,Humid Chaco,"Tropical & Subtropical Grasslands, Savannas & Shrublands"
122,49,Humid Chaco,"Tropical & Subtropical Grasslands, Savannas & Shrublands"
122,50,Humid Chaco,"Tropical & Subtropical Grasslands, Savannas & Shrublands"
122,51,Paraná flooded savanna,Flooded Grasslands & Savannas
122,52,Paraná flooded savanna,Flooded Grasslands & Savannas
122,53,Humid Chaco,"Tropical & Subtropical Grasslands, Savannas & Shrublands"
122,54,Humid Chaco,"Tropical & Subtropical Grasslands, Savannas & Shrublands"
122,55,Humid Chaco,"Tropical & Subtropical Grasslands, Savannas & Shrublands"
122,56,Humid Chaco,"Tropical & Subtropical Grasslands, Savannas & Shrublands"
122,57,Humid Chaco,"Tropical & Subtropical Grasslands, Savannas & Shrublands"
122,58,Humid Chaco,"Tropical & Subtropical Grasslands, Savannas & Shrublands"
122,59,Humid Chaco,"Tropical & Subtropical Grasslands, Savannas & Shrublands"
122,60,Southern Cone Mesopotamian savanna,Flooded Grasslands & Savannas
122,61,Southern Cone Mesopotamian savanna,Flooded Grasslands & Savannas
122,62,Southern Cone Mesopotamian savanna,Flooded Grasslands & Savannas
122,63,Alto Paraná Atlantic forests,Tropical & Subtropical Moist Broadleaf Forests
122,64,Alto Paraná Atlantic forests,Tropical & Subtropical Moist Broadleaf Forests
122,65,Alto Paraná Atlantic forests,Tropical & Subtropical Moist Broadleaf Forests
122,66,Alto Paraná Atlantic forests,Tropical & Subtropical Moist Broadleaf Forests
122,67,Alto Paraná Atlantic forests,Tropical & Subtropical Moist Broadleaf Forests
122,68,Alto Paraná Atlantic forests,Tropical & Subtropical Moist Broadleaf Forests
122,69,Araucaria moist forests,Tropical & Subtropical Moist Broadleaf Forests
122,70,Araucaria moist forests,Tropical & Subtropical Moist Broadleaf Forests
122,71,Alto Paraná Atlantic forests,Tropical & Subtropical Moist Broadleaf Forests
122,72,Alto Paraná Atlantic forests,Tropical & Subtropical Moist Broadleaf Forests
122,73,Araucaria moist forests,Tropical & Subtropical Moist Broadleaf Forests
122,74,Alto Paraná Atlantic forests,Tropical & Subtropical Moist Broadleaf Forests
122,75,Araucaria moist forests,Tropical & Subtropical Moist Broadleaf Forests
122,76,Araucaria moist forests,Tropical & Subtropical Moist Broadleaf Forests
123,0,,
123,1,,
123,2,,
123,3,,
123,4,,
123,5,,
123,6,,
123,7,,
123,8,,
123,9,,
123,10,,
123,11,,
123,12,Chilean Matorral,"Mediterranean Forests, Woodlands & Scrub"
123,13,Chilean Matorral,"Mediterranean Forests, Woodlands & Scrub"
123,14,Chilean Matorral,"Mediterranean Forests, Woodlands & Scrub"
123,15,Chilean Matorral,"Mediterranean Forests, Woodlands & Scrub"
123,16,Chilean Matorral,"Mediterranean Forests, Woodlands & Scrub"
123,17,Southern Andean steppe,Montane Grasslands & Shrublands
123,18,Southern Andean steppe,Montane Grasslands & Shrublands
123,19,Southern Andean steppe,Montane Grasslands & Shrublands
123,20,Southern Andean steppe,Montane Grasslands & Shrublands
123,21,Central Andean puna,Montane Grasslands & Shrublands
123,22,High Monte,Montane Grasslands & Shrublands
123,23,High Monte,Montane Grasslands & Shrublands
123,24,High Monte,Montane Grasslands & Shrublands
123,25,High Monte,Montane Grasslands & Shrublands
123,26,High Monte,Montane Grasslands & Shrublands
123,27,High Monte,Montane Grasslands & Shrublands
123,28,Southern Andean Yungas,Tropical & Subtropical Moist Broadleaf Forests
123,29,Dry Chaco,"Tropical & Subtropical Grasslands, Savannas & Shrublands"
123,30,Dry Chaco,"Tropical & Subtropical Grasslands, Savannas & Shrublands"
123,31,Dry Chaco,"Tropical & Subtropical Grasslands, Savannas & Shrublands"
123,32,Dry Chaco,"Tropical & Subtropical Grasslands, Savannas & Shrublands"
123,33,Dry Chaco,"Tropical & Subtropical Grasslands, Savannas & Shrublands"
123,34,Dry Chaco,"Tropical & Subtropical Grasslands, Savannas & Shrublands"
123,35,Dry Chaco,"Tropical & Subtropical Grasslands, Savannas & Shrublands"
123,36,Dry Chaco,"Tropical & Subtropical Grasslands, Savannas & Shrublands"
123,37,Dry Chaco,"Tropical & Subtropical Grasslands, Savannas & Shrublands"
123,38,Dry Chaco,"Tropical & Subtropical Grasslands, Savannas & Shrublands"
123,39,Dry Chaco,"Tropical & Subtropical Grasslands, Savannas & Shrublands"
123,40,Dry Chaco,"Tropical & Subtropical Grasslands, Savannas & Shrublands"
123,41,Humid Chaco,"Tropical & Subtropical Grasslands, Savannas & Shrublands"
123,42,Dry Chaco,"Tropical & Subtropical Grasslands, Savannas & Shrublands"
123,43,Humid Chaco,"Tropical & Subtropical Grasslands, Savannas & Shrublands"
123,44,Dry Chaco,"Tropical & Subtropical Grasslands, Savannas & Shrublands"
123,45,Dry Chaco,"Tropical & Subtropical Grasslands, Savannas & Shrublands"
123,46,Humid Chaco,"Tropical & Subtropical Grasslands, Savannas & Shrublands"
123,47,Humid Chaco,"Tropical & Subtropical Grasslands, Savannas & Shrublands"
123,48,Humid Chaco,"Tropical & Subtropical Grasslands, Savannas & Shrublands"
123,49,Humid Chaco,"Tropical & Subtropical Grasslands, Savannas & Shrublands"
123,50,Humid Chaco,"Tropical & Subtropical Grasslands, Savannas & Shrublands"
123,51,Humid Chaco,"Tropical & Subtropical Grasslands, Savannas & Shrublands"
123,52,Paraná flooded savanna,Flooded Grasslands & Savannas
123,53,Humid Chaco,"Tropical & Subtropical Grasslands, Savannas & Shrublands"
123,54,Humid Chaco,"Tropical & Subtropical Grasslands, Savannas & Shrublands"
123,55,Humid Chaco,"Tropical & Subtropical Grasslands, Savannas & Shrublands"
123,56,Humid Chaco,"Tropical & Subtropical Grasslands, Savannas & Shrublands"
123,57,Humid Chaco,"Tropical & Subtropical Grasslands, Savannas & Shrublands"
123,58,Humid Chaco,"Tropical & Subtropical Grasslands, Savannas & Shrublands"
123,59,Humid Chaco,"Tropical & Subtropical Grasslands, Savannas & Shrublands"
123,60,Humid Chaco,"Tropical & Subtropical Grasslands, Savannas & Shrublands"
123,61,Southern Cone Mesopotamian savanna,Flooded Grasslands & Savannas
123,62,Alto Paraná Atlantic forests,Tropical & Subtropical Moist Broadleaf Forests
123,63,Alto Paraná Atlantic forests,Tropical & Subtropical Moist Broadleaf Forests
123,64,Alto Paraná Atlantic forests,Tropical & Subtropical Moist Broadleaf Forests
123,65,Alto Paraná Atlantic forests,Tropical & Subtropical Moist Broadleaf Forests
123,66,Alto Paraná Atlantic forests,Tropical & Subtropical Moist Broadleaf Forests
123,67,Alto Paraná Atlantic forests,Tropical & Subtropical Moist Broadleaf Forests
123,68,Alto Paraná Atlantic forests,Tropical & Subtropical Moist Broadleaf Forests
123,69,Alto Paraná Atlantic forests,Tropical & Subtropical Moist Broadleaf Forests
123,70,Alto Paraná Atlantic forests,Tropical & Subtropical Moist Broadleaf Forests
123,71,Alto Paraná Atlantic forests,Tropical & Subtropical Moist Broadleaf Forests
123,72,Alto Paraná Atlantic forests,Tropical & Subtropical Moist Broadleaf Forests
123,73,Alto Paraná Atlantic forests,Tropical & Subtropical Moist Broadleaf Forests
123,74,Araucaria moist forests,Tropical & Subtropical Moist Broadleaf Forests
123,75,Araucaria moist forests,Tropical & Subtropical Moist Broadleaf Forests
123,76,Araucaria moist forests,Tropical & Subtropical Moist Broadleaf Forests
124,0,,
124,1,,
124,2,,
124,3,,
124,4,,
124,5,,
124,6,,
124,7,,
124,8,,
124,9,,
124,10,,
124,11,,
124,12,Chilean Matorral,"Mediterranean Forests, Woodlands & Scrub"
124,13,Chilean Matorral,"Mediterranean Forests, Woodlands & Scrub"
124,14,Chilean Matorral,"Mediterranean Forests, Woodlands & Scrub"
124,15,Chilean Matorral,"Mediterranean Forests, Woodlands & Scrub"
124,16,Chilean Matorral,"Mediterranean Forests, Woodlands & Scrub"
124,17,Southern Andean steppe,Montane Grasslands & Shrublands
124,18,Southern Andean steppe,Montane Grasslands & Shrublands
124,19,Southern Andean steppe,Montane Grasslands & Shrublands
124,20,Southern Andean steppe,Montane Grasslands & Shrublands
124,21,Central Andean puna,Montane Grasslands & Shrublands
124,22,High Monte,Montane Grasslands & Shrublands
124,23,High Monte,Montane Grasslands & Shrublands
124,24,High Monte,Montane Grasslands & Shrublands
124,25,High Monte,Montane Grasslands & Shrublands
124,26,High Monte,Montane Grasslands & Shrublands
124,27,Central Andean puna,Montane Grasslands & Shrublands
124,28,Southern Andean Yungas,Tropical & Subtropical Moist Broadleaf Forests
124,29,Dry Chaco,"Tropical & Subtropical Grasslands, Savannas & Shrublands"
124,30,Dry Chaco,"Tropical & Subtropical Grasslands, Savannas & Shrublands"
124,31,Dry Chaco,"Tropical & Subtropical Grasslands, Savannas & Shrublands"
124,32,Dry Chaco,"Tropical & Subtropical Grasslands, Savannas & Shrublands"
124,33,Dry Chaco,"Tropical & Subtropical Grasslands, Savannas & Shrublands"
124,34,Dry Chaco,"Tropical & Subtropical Grasslands, Savannas & Shrublands"
124,35,Dry Chaco,"Tropical & Subtropical Grasslands, Savannas & Shrublands"
124,36,Dry Chaco,"Tropical & Subtropical Grasslands, Savannas & Shrublands"
124,37,Dry Chaco,"Tropical & Subtropical Grasslands, Savannas & Shrublands"
124,38,Dry Chaco,"Tropical & Subtropical Grasslands, Savannas & Shrublands"
124,39,Dry Chaco,"Tropical & Subtropical Grasslands, Savannas & Shrublands"
124,40,Dry Chaco,"Tropical & Subtropical Grasslands, Savannas & Shrublands"
124,41,Dry Chaco,"Tropical & Subtropical Grasslands, Savannas & Shrublands"
124,42,Dry Chaco,"Tropical & Subtropical Grasslands, Savannas & Shrublands"
124,43,Dry Chaco,"Tropical & Subtropical Grasslands, Savannas & Shrublands"
124,44,Dry Chaco,"Tropical & Subtropical Grasslands, Savannas & Shrublands"
124,45,Dry Chaco,"Tropical & Subtropical Grasslands, Savannas & Shrublands"
124,46,Dry Chaco,"Tropical & Subtropical Grasslands, Savannas & Shrublands"
124,47,Humid Chaco,"Tropical & Subtropical Grasslands, Savannas & Shrublands"
124,48,Humid Chaco,"Tropical & Subtropical Grasslands, Savannas & Shrublands"
124,49,Humid Chaco,"Tropical & Subtropical Grasslands, Savannas & Shrublands"
124,50,Humid Chaco,"Tropical & Subtropical Grasslands, Savannas & Shrublands"
124,51,Humid Chaco,"Tropical & Subtropical Grasslands, Savannas & Shrublands"
124,52,Paraná flooded savanna,Flooded Grasslands & Savannas
124,53,Humid Chaco,"Tropical & Subtropical Grasslands, Savannas & Shrublands"
124,54,Humid Chaco,"Tropical & Subtropical Grasslands, Savannas & Shrublands"
124,55,Humid Chaco,"Tropical & Subtropical Grasslands, Savannas & Shrublands"
124,56,Humid Chaco,"Tropical & Subtropical Grasslands, Savannas & Shrublands"
124,57,Humid Chaco,"Tropical & Subtropical Grasslands, Savannas & Shrublands"
124,58,Humid Chaco,"Tropical & Subtropical Grasslands, Savannas & Shrublands"
124,59,Humid Chaco,"Tropical & Subtropical Grasslands, Savannas & Shrublands"
124,60,Humid Chaco,"Tropical & Subtropical Grasslands, Savannas & Shrublands"
124,61,Alto Paraná Atlantic forests,Tropical & Subtropical Moist Broadleaf Forests
124,62,Alto Paraná Atlantic forests,Tropical & Subtropical Moist Broadleaf Forests
124,63,Alto Paraná Atlantic forests,Tropical & Subtropical Moist Broadleaf Forests
124,64,Alto Paraná Atlantic forests,Tropical & Subtropical Moist Broadleaf Forests
124,65,Alto Paraná Atlantic forests,Tropical & Subtropical Moist Broadleaf Forests
124,66,Alto Paraná Atlantic forests,Tropical & Subtropical Moist Broadleaf Forests
124,67,Alto Paraná Atlantic forests,Tropical & Subtropical Moist Broadleaf Forests
124,68,Alto Paraná Atlantic forests,Tropical & Subtropical Moist Broadleaf Forests
124,69,Alto Paraná Atlantic forests,Tropical & Subtropical Moist Broadleaf Forests
124,70,Alto Paraná Atlantic forests,Tropical & Subtropical Moist Broadleaf Forests
124,71,Alto Paraná Atlantic forests,Tropical & Subtropical Moist Broadleaf Forests
124,72,Alto Paraná Atlantic forests,Tropical & Subtropical Moist Broadleaf Forests
124,73,Araucaria moist forests,Tropical & Subtropical Moist Broadleaf Forests
124,74,Araucaria moist forests,Tropical & Subtropical Moist Broadleaf Forests
124,75,Araucaria moist forests,Tropical & Subtropical Moist Broadleaf Forests
124,76,Araucaria moist forests,Tropical & Subtropical Moist Broadleaf Forests
125,0,,
125,1,,
125,2,,
125,3,,
125,4,,
125,5,,
125,6,,
125,7,,
125,8,,
125,9,,
125,10,,
125,11,,
125,12,Chilean Matorral,"Mediterranean Forests, Woodlands & Scrub"
125,13,Chilean Matorral,"Mediterranean Forests, Woodlands & Scrub"
125,14,Chilean Matorral,"Mediterranean Forests, Woodlands & Scrub"
125,15,Chilean Matorral,"Mediterranean Forests, Woodlands & Scrub"
125,16,Chilean Matorral,"Mediterranean Forests, Woodlands & Scrub"
125,17,Southern Andean steppe,Montane Grasslands & Shrublands
125,18,Southern Andean steppe,Montane Grasslands & Shrublands
125,19,Southern Andean steppe,Montane Grasslands & Shrublands
125,20,Southern Andean steppe,Montane Grasslands & Shrublands
125,21,Southern Andean steppe,Montane Grasslands & Shrublands
125,22,Central Andean puna,Montane Grasslands & Shrublands
125,23,Central Andean puna,Montane Grasslands & Shrublands
125,24,Central Andean puna,Montane Grasslands & Shrublands
125,25,High Monte,Montane Grasslands & Shrublands
125,26,High Monte,Montane Grasslands & Shrublands
125,27,High Monte,Montane Grasslands & Shrublands
125,28,Central Andean puna,Montane Grasslands & Shrublands
125,29,Southern Andean Yungas,Tropical & Subtropical Moist Broadleaf Forests
125,30,Dry Chaco,"Tropical & Subtropical Grasslands, Savannas & Shrublands"
125,31,Dry Chaco,"Tropical & Subtropical Grasslands, Savannas & Shrublands"
125,32,Dry Chaco,"Tropical & Subtropical Grasslands, Savannas & Shrublands"
125,33,Dry Chaco,"Tropical & Subtropical Grasslands, Savannas & Shrublands"
125,34,Dry Chaco,"Tropical & Subtropical Grasslands, Savannas & Shrublands"
125,35,Dry Chaco,"Tropical & Subtropical Grasslands, Savannas & Shrublands"
125,36,Dry Chaco,"Tropical & Subtropical Grasslands, Savannas & Shrublands"
125,37,Dry Chaco,"Tropical & Subtropical Grasslands, Savannas & Shrublands"
125,38,Dry Chaco,"Tropical & Subtropical Grasslands, Savannas & Shrublands"
125,39,Dry Chaco,"Tropical & Subtropical Grasslands, Savannas & Shrublands"
125,40,Dry Chaco,"Tropical & Subtropical Grasslands, Savannas & Shrublands"
125,41,Dry Chaco,"Tropical & Subtropical Grasslands, Savannas & Shrublands"
125,42,Dry Chaco,"Tropical & Subtropical Grasslands, Savannas & Shrublands"
125,43,Dry Chaco,"Tropical & Subtropical Grasslands, Savannas & Shrublands"
125,44,Dry Chaco,"Tropical & Subtropical Grasslands, Savannas & Shrublands"
125,45,Dry Chaco,"Tropical & Subtropical Grasslands, Savannas & Shrublands"
125,46,Dry Chaco,"Tropical & Subtropical Grasslands, Savannas & Shrublands"
125,47,Humid Chaco,"Tropical & Subtropical Grasslands, Savannas & Shrublands"
125,48,Humid Chaco,"Tropical & Subtropical Grasslands, Savannas & Shrublands"
125,49,Humid Chaco,"Tropical & Subtropical Grasslands, Savannas & Shrublands"
125,50,Humid Chaco,"Tropical & Subtropical Grasslands, Savannas & Shrublands"
125,51,Humid Chaco,"Tropical & Subtropical Grasslands, Savannas & Shrublands"
125,52,Humid Chaco,"Tropical & Subtropical Grasslands, Savannas & Shrublands"
125,53,Paraná flooded savanna,Flooded Grasslands & Savannas
125,54,Humid Chaco,"Tropical & Subtropical Grasslands, Savannas & Shrublands"
125,55,Humid Chaco,"Tropical & Subtropical Grasslands, Savannas & Shrublands"
125,56,Humid Chaco,"Tropical & Subtropical Grasslands, Savannas & Shrublands"
125,57,Humid Chaco,"Tropical & Subtropical Grasslands, Savannas & Shrublands"
125,58,Humid Chaco,"Tropical & Subtropical Grasslands, Savannas & Shrublands"
125,59,Humid Chaco,"Tropical & Subtropical Grasslands, Savannas & Shrublands"
125,60,Humid Chaco,"Tropical & Subtropical Grasslands, Savannas & Shrublands"
125,61,Alto Paraná Atlantic forests,Tropical & Subtropical Moist Broadleaf Forests
125,62,Alto Paraná Atlantic forests,Tropical & Subtropical Moist Broadleaf Forests
125,63,Alto Paraná Atlantic forests,Tropical & Subtropical Moist Broadleaf Forests
125,64,Alto Paraná Atlantic forests,Tropical & Subtropical Moist Broadleaf Forests
125,65,Alto Paraná Atlantic forests,Tropical & Subtropical Moist Broadleaf Forests
125,66,Alto Paraná Atlantic forests,Tropical & Subtropical Moist Broadleaf Forests
125,67,Araucaria moist forests,Tropical & Subtropical Moist Broadleaf Forests
125,68,Araucaria moist forests,Tropical & Subtropical Moist Broadleaf Forests
125,69,Alto Paraná Atlantic forests,Tropical & Subtropical Moist Broadleaf Forests
125,70,Araucaria moist forests,Tropical & Subtropical Moist Broadleaf Forests
125,71,Araucaria moist forests,Tropical & Subtropical Moist Broadleaf Forests
125,72,Alto Paraná Atlantic forests,Tropical & Subtropical Moist Broadleaf Forests
125,73,Araucaria moist forests,Tropical & Subtropical Moist Broadleaf Forests
125,74,Araucaria moist forests,Tropical & Subtropical Moist Broadleaf Forests
125,75,Araucaria moist forests,Tropical & Subtropical Moist Broadleaf Forests
125,76,Araucaria moist forests,Tropical & Subtropical Moist Broadleaf Forests
126,0,,
126,1,,
126,2,,
126,3,,
126,4,,
126,5,,
126,6,,
126,7,,
126,8,,
126,9,,
126,10,,
126,11,,
126,12,,
126,13,Chilean Matorral,"Mediterranean Forests, Woodlands & Scrub"
126,14,Chilean Matorral,"Mediterranean Forests, Woodlands & Scrub"
126,15,Chilean Matorral,"Mediterranean Forests, Woodlands & Scrub"
126,16,Chilean Matorral,"Mediterranean Forests, Woodlands & Scrub"
126,17,Central Andean dry puna,Montane Grasslands & Shrublands
126,18,Central Andean dry puna,Montane Grasslands & Shrublands
126,19,Central Andean dry puna,Montane Grasslands & Shrublands
126,20,Central Andean dry puna,Montane Grasslands & Shrublands
126,21,Southern Andean steppe,Montane Grasslands & Shrublands
126,22,Central Andean puna,Montane Grasslands & Shrublands
126,23,Central Andean puna,Montane Grasslands & Shrublands
126,24,Southern Andean steppe,Montane Grasslands & Shrublands
126,25,High Monte,Montane Grasslands & Shrublands
126,26,High Monte,Montane Grasslands & Shrublands
126,27,High Monte,Montane Grasslands & Shrublands
126,28,High Monte,Montane Grasslands & Shrublands
126,29,Southern Andean Yungas,Tropical & Subtropical Moist Broadleaf Forests
126,30,Southern Andean Yungas,Tropical & Subtropical Moist Broadleaf Forests
126,31,Southern Andean Yungas,Tropical & Subtropical Moist Broadleaf Forests
126,32,Dry Chaco,"Tropical & Subtropical Grasslands, Savannas & Shrublands"
126,33,Dry Chaco,"Tropical & Subtropical Grasslands, Savannas & Shrublands"
126,34,Dry Chaco,"Tropical & Subtropical Grasslands, Savannas & Shrublands"
126,35,Dry Chaco,"Tropical & Subtropical Grasslands, Savannas & Shrublands"
126,36,Dry Chaco,"Tropical & Subtropical Grasslands, Savannas & Shrublands"
126,37,Dry Chaco,"Tropical & Subtropical Grasslands, Savannas & Shrublands"
126,38,Dry Chaco,"Tropical & Subtropical Grasslands, Savannas & Shrublands"
126,39,Dry Chaco,"Tropical & Subtropical Grasslands, Savannas & Shrublands"
126,40,Dry Chaco,"Tropical & Subtropical Grasslands, Savannas & Shrublands"
126,41,Dry Chaco,"Tropical & Subtropical Grasslands, Savannas & Shrublands"
126,42,Dry Chaco,"Tropical & Subtropical Grasslands, Savannas & Shrublands"
126,43,Dry Chaco,"Tropical & Subtropical Grasslands, Savannas & Shrublands"
126,44,Dry Chaco,"Tropical & Subtropical Grasslands, Savannas & Shrublands"
126,45,Dry Chaco,"Tropical & Subtropical Grasslands, Savannas & Shrublands"
126,46,Dry Chaco,"Tropical & Subtropical Grasslands, Savannas & Shrublands"
126,47,Humid Chaco,"Tropical & Subtropical Grasslands, Savannas & Shrublands"
126,48,Humid Chaco,"Tropical & Subtropical Grasslands, Savannas & Shrublands"
126,49,Humid Chaco,"Tropical & Subtropical Grasslands, Savannas & Shrublands"
126,50,Humid Chaco,"Tropical & Subtropical Grasslands, Savannas & Shrublands"
126,51,Humid Chaco,"Tropical & Subtropical Grasslands, Savannas & Shrublands"
126,52,Humid Chaco,"Tropical & Subtropical Grasslands, Savannas & Shrublands"
126,53,Humid Chaco,"Tropical & Subtropical Grasslands, Savannas & Shrublands"
126,54,Humid Chaco,"Tropical & Subtropical Grasslands, Savannas & Shrublands"
126,55,Humid Chaco,"Tropical & Subtropical Grasslands, Savannas & Shrublands"
126,56,Humid Chaco,"Tropical & Subtropical Grasslands, Savannas & Shrublands"
126,57,Humid Chaco,"Tropical & Subtropical Grasslands, Savannas & Shrublands"
126,58,Humid Chaco,"Tropical & Subtropical Grasslands, Savannas & Shrublands"
126,59,Humid Chaco,"Tropical & Subtropical Grasslands, Savannas & Shrublands"
126,60,Humid Chaco,"Tropical & Subtropical Grasslands, Savannas & Shrublands"
126,61,Alto Paraná Atlantic forests,Tropical & Subtropical Moist Broadleaf Forests
126,62,Alto Paraná Atlantic forests,Tropical & Subtropical Moist Broadleaf Forests
126,63,Alto Paraná Atlantic forests,Tropical & Subtropical Moist Broadleaf Forests
126,64,Alto Paraná Atlantic forests,Tropical & Subtropical Moist Broadleaf Forests
126,65,Alto Paraná Atlantic forests,Tropical & Subtropical Moist Broadleaf Forests
126,66,Alto Paraná Atlantic forests,Tropical & Subtropical Moist Broadleaf Forests
126,67,Alto Paraná Atlantic forests,Tropical & Subtropical Moist Broadleaf Forests
126,68,Araucaria moist forests,Tropical & Subtropical Moist Broadleaf Forests
126,69,Araucaria moist forests,Tropical & Subtropical Moist Broadleaf Forests
126,70,Araucaria moist forests,Tropical & Subtropical Moist Broadleaf Forests
126,71,Araucaria moist forests,Tropical & Subtropical Moist Broadleaf Forests
126,72,Araucaria moist forests,Tropical & Subtropical Moist Broadleaf Forests
126,73,Araucaria moist forests,Tropical & Subtropical Moist Broadleaf Forests
126,74,Araucaria moist forests,Tropical & Subtropical Moist Broadleaf Forests
126,75,Araucaria moist forests,Tropical & Subtropical Moist Broadleaf Forests
126,76,Araucaria moist forests,Tropical & Subtropical Moist Broadleaf Forests
127,0,,
127,1,,
127,2,,
127,3,,
127,4,,
127,5,,
127,6,,
127,7,,
127,8,,
127,9,,
127,10,,
127,11,,
127,12,,
127,13,Chilean Matorral,"Mediterranean Forests, Woodlands & Scrub"
127,14,Chilean Matorral,"Mediterranean Forests, Woodlands & Scrub"
127,15,Chilean Matorral,"Mediterranean Forests, Woodlands & Scrub"
127,16,Chilean Matorral,"Mediterranean Forests, Woodlands & Scrub"
127,17,Chilean Matorral,"Mediterranean Forests, Woodlands & Scrub"
127,18,Central Andean dry puna,Montane Grasslands & Shrublands
127,19,Central Andean dry puna,Montane Grasslands & Shrublands
127,20,Central Andean dry puna,Montane Grasslands & Shrublands
127,21,Southern Andean steppe,Montane Grasslands & Shrublands
127,22,Central Andean puna,Montane Grasslands & Shrublands
127,23,Central Andean puna,Montane Grasslands & Shrublands
127,24,Central Andean puna,Montane Grasslands & Shrublands
127,25,Central Andean puna,Montane Grasslands & Shrublands
127,26,High Monte,Montane Grasslands & Shrublands
127,27,High Monte,Montane Grasslands & Shrublands
127,28,High Monte,Montane Grasslands & Shrublands
127,29,Southern Andean Yungas,Tropical & Subtropical Moist Broadleaf Forests
127,30,Dry Chaco,"Tropical & Subtropical Grasslands, Savannas & Shrublands"
127,31,Southern Andean Yungas,Tropical & Subtropical Moist Broadleaf Forests
127,32,Southern Andean Yungas,Tropical & Subtropical Moist Broadleaf Forests
127,33,Dry Chaco,"Tropical & Subtropical Grasslands, Savannas & Shrublands"
127,34,Dry Chaco,"Tropical & Subtropical Grasslands, Savannas & Shrublands"
127,35,Dry Chaco,"Tropical & Subtropical Grasslands, Savannas & Shrublands"
127,36,Dry Chaco,"Tropical & Subtropical Grasslands, Savannas & Shrublands"
127,37,Dry Chaco,"Tropical & Subtropical Grasslands, Savannas & Shrublands"
127,38,Dry Chaco,"Tropical & Subtropical Grasslands, Savannas & Shrublands"
127,39,Dry Chaco,"Tropical & Subtropical Grasslands, Savannas & Shrublands"
127,40,Dry Chaco,"Tropical & Subtropical Grasslands, Savannas & Shrublands"
127,41,Dry Chaco,"Tropical & Subtropical Grasslands, Savannas & Shrublands"
127,42,Dry Chaco,"Tropical & Subtropical Grasslands, Savannas & Shrublands"
127,43,Dry Chaco,"Tropical & Subtropical Grasslands, Savannas & Shrublands"
127,44,Dry Chaco,"Tropical & Subtropical Grasslands, Savannas & Shrublands"
127,45,Dry Chaco,"Tropical & Subtropical Grasslands, Savannas & Shrublands"
127,46,Dry Chaco,"Tropical & Subtropical Grasslands, Savannas & Shrublands"
127,47,Dry Chaco,"Tropical & Subtropical Grasslands, Savannas & Shrublands"
127,48,Humid Chaco,"Tropical & Subtropical Grasslands, Savannas & Shrublands"
127,49,Humid Chaco,"Tropical & Subtropical Grasslands, Savannas & Shrublands"
127,50,Humid Chaco,"Tropical & Subtropical Grasslands, Savannas & Shrublands"
127,51,Humid Chaco,"Tropical & Subtropical Grasslands, Savannas & Shrublands"
127,52,Humid Chaco,"Tropical & Subtropical Grasslands, Savannas & Shrublands"
127,53,Humid Chaco,"Tropical & Subtropical Grasslands, Savannas & Shrublands"
127,54,Paraná flooded savanna,Flooded Grasslands & Savannas
127,55,Humid Chaco,"Tropical & Subtropical Grasslands, Savannas & Shrublands"
127,56,Humid Chaco,"Tropical & Subtropical Grasslands, Savannas & Shrublands"
127,57,Humid Chaco,"Tropical & Subtropical Grasslands, Savannas & Shrublands"
127,58,Humid Chaco,"Tropical & Subtropical Grasslands, Savannas & Shrublands"
127,59,Humid Chaco,"Tropical & Subtropical Grasslands, Savannas & Shrublands"
127,60,Humid Chaco,"Tropical & Subtropical Grasslands, Savannas & Shrublands"
127,61,Humid Chaco,"Tropical & Subtropical Grasslands, Savannas & Shrublands"
127,62,Alto Paraná Atlantic forests,Tropical & Subtropical Moist Broadleaf Forests
127,63,Alto Paraná Atlantic forests,Tropical & Subtropical Moist Broadleaf Forests
127,64,Alto Paraná Atlantic forests,Tropical & Subtropical Moist Broadleaf Forests
127,65,Alto Paraná Atlantic forests,Tropical & Subtropical Moist Broadleaf Forests
127,66,Alto Paraná Atlantic forests,Tropical & Subtropical Moist Broadleaf Forests
127,67,Alto Paraná Atlantic forests,Tropical & Subtropical Moist Broadleaf Forests
127,68,Alto Paraná Atlantic forests,Tropical & Subtropical Moist Broadleaf Forests
127,69,Araucaria moist forests,Tropical & Subtropical Moist Broadleaf Forests
127,70,Araucaria moist forests,Tropical & Subtropical Moist Broadleaf Forests
127,71,Araucaria moist forests,Tropical & Subtropical Moist Broadleaf Forests
127,72,Araucaria moist forests,Tropical & Subtropical Moist Broadleaf Forests
127,73,Araucaria moist forests,Tropical & Subtropical Moist Broadleaf Forests
127,74,Araucaria moist forests,Tropical & Subtropical Moist Broadleaf Forests
127,75,Araucaria moist forests,Tropical & Subtropical Moist Broadleaf Forests
127,76,Araucaria moist forests,Tropical & Subtropical Moist Broadleaf Forests
128,0,,
128,1,,
128,2,,
128,3,,
128,4,,
128,5,,
128,6,,
128,7,,
128,8,,
128,9,,
128,10,,
128,11,,
128,12,,
128,13,Chilean Matorral,"Mediterranean Forests, Woodlands & Scrub"
128,14,Atacama desert,Deserts & Xeric Shrublands
128,15,Chilean Matorral,"Mediterranean Forests, Woodlands & Scrub"
128,16,Chilean Matorral,"Mediterranean Forests, Woodlands & Scrub"
128,17,Chilean Matorral,"Mediterranean Forests, Woodlands & Scrub"
128,18,Central Andean dry puna,Montane Grasslands & Shrublands
128,19,Central Andean dry puna,Montane Grasslands & Shrublands
128,20,Central Andean dry puna,Montane Grasslands & Shrublands
128,21,Central Andean puna,Montane Grasslands & Shrublands
128,22,Southern Andean steppe,Montane Grasslands & Shrublands
128,23,Central Andean puna,Montane Grasslands & Shrublands
128,24,Central Andean puna,Montane Grasslands & Shrublands
128,25,Southern Andean steppe,Montane Grasslands & Shrublands
128,26,Central Andean puna,Montane Grasslands & Shrublands
128,27,Central Andean puna,Montane Grasslands & Shrublands
128,28,High Monte,Montane Grasslands & Shrublands
128,29,Southern Andean Yungas,Tropical & Subtropical Moist Broadleaf Forests
128,30,Dry Chaco,"Tropical & Subtropical Grasslands, Savannas & Shrublands"
128,31,Southern Andean Yungas,Tropical & Subtropical Moist Broadleaf Forests
128,32,Southern Andean Yungas,Tropical & Subtropical Moist Broadleaf Forests
128,33,Dry Chaco,"Tropical & Subtropical Grasslands, Savannas & Shrublands"
128,34,Dry Chaco,"Tropical & Subtropical Grasslands, Savannas & Shrublands"
128,35,Dry Chaco,"Tropical & Subtropical Grasslands, Savannas & Shrublands"
128,36,Dry Chaco,"Tropical & Subtropical Grasslands, Savannas & Shrublands"
128,37,Dry Chaco,"Tropical & Subtropical Grasslands, Savannas & Shrublands"
128,38,Dry Chaco,"Tropical & Subtropical Grasslands, Savannas & Shrublands"
128,39,Dry Chaco,"Tropical & Subtropical Grasslands, Savannas & Shrublands"
128,40,Dry Chaco,"Tropical & Subtropical Grasslands, Savannas & Shrublands"
128,41,Dry Chaco,"Tropical & Subtropical Grasslands, Savannas & Shrublands"
128,42,Dry Chaco,"Tropical & Subtropical Grasslands, Savannas & Shrublands"
128,43,Dry Chaco,"Tropical & Subtropical Grasslands, Savannas & Shrublands"
128,44,Dry Chaco,"Tropical & Subtropical Grasslands, Savannas & Shrublands"
128,45,Dry Chaco,"Tropical & Subtropical Grasslands, Savannas & Shrublands"
128,46,Dry Chaco,"Tropical & Subtropical Grasslands, Savannas & Shrublands"
128,47,Dry Chaco,"Tropical & Subtropical Grasslands, Savannas & Shrublands"
128,48,Humid Chaco,"Tropical & Subtropical Grasslands, Savannas & Shrublands"
128,49,Humid Chaco,"Tropical & Subtropical Grasslands, Savannas & Shrublands"
128,50,Humid Chaco,"Tropical & Subtropical Grasslands, Savannas & Shrublands"
128,51,Humid Chaco,"Tropical & Subtropical Grasslands, Savannas & Shrublands"
128,52,Humid Chaco,"Tropical & Subtropical Grasslands, Savannas & Shrublands"
128,53,Humid Chaco,"Tropical & Subtropical Grasslands, Savannas & Shrublands"
128,54,Humid Chaco,"Tropical & Subtropical Grasslands, Savannas & Shrublands"
128,55,Humid Chaco,"Tropical & Subtropical Grasslands, Savannas & Shrublands"
128,56,Humid Chaco,"Tropical & Subtropical Grasslands, Savannas & Shrublands"
128,57,Humid Chaco,"Tropical & Subtropical Grasslands, Savannas & Shrublands"
128,58,Humid Chaco,"Tropical & Subtropical Grasslands, Savannas & Shrublands"
128,59,Alto Paraná Atlantic forests,Tropical & Subtropical Moist Broadleaf Forests
128,60,Humid Chaco,"Tropical & Subtropical Grasslands, Savannas & Shrublands"
128,61,Humid Chaco,"Tropical & Subtropical Grasslands, Savannas & Shrublands"
128,62,Alto Paraná Atlantic forests,Tropical & Subtropical Moist Broadleaf Forests
128,63,Alto Paraná Atlantic forests,Tropical & Subtropical Moist Broadleaf Forests
128,64,Alto Paraná Atlantic forests,Tropical & Subtropical Moist Broadleaf Forests
128,65,Alto Paraná Atlantic forests,Tropical & Subtropical Moist Broadleaf Forests
128,66,Alto Paraná Atlantic forests,Tropical & Subtropical Moist Broadleaf Forests
128,67,Alto Paraná Atlantic forests,Tropical & Subtropical Moist Broadleaf Forests
128,68,Alto Paraná Atlantic forests,Tropical & Subtropical Moist Broadleaf Forests
128,69,Araucaria moist forests,Tropical & Subtropical Moist Broadleaf Forests
128,70,Alto Paraná Atlantic forests,Tropical & Subtropical Moist Broadleaf Forests
128,71,Araucaria moist forests,Tropical & Subtropical Moist Broadleaf Forests
128,72,Araucaria moist forests,Tropical & Subtropical Moist Broadleaf Forests
128,73,Araucaria moist forests,Tropical & Subtropical Moist Broadleaf Forests
128,74,Araucaria moist forests,Tropical & Subtropical Moist Broadleaf Forests
128,75,Alto Paraná Atlantic forests,Tropical & Subtropical Moist Broadleaf Forests
128,76,Araucaria moist forests,Tropical & Subtropical Moist Broadleaf Forests
129,0,,
129,1,,
129,2,,
129,3,,
129,4,,
129,5,,
129,6,,
129,7,,
129,8,,
129,9,,
129,10,,
129,11,,
129,12,Chilean Matorral,"Mediterranean Forests, Woodlands & Scrub"
129,13,Atacama desert,Deserts & Xeric Shrublands
129,14,Atacama desert,Deserts & Xeric Shrublands
129,15,Atacama desert,Deserts & Xeric Shrublands
129,16,Chilean Matorral,"Mediterranean Forests, Woodlands & Scrub"
129,17,Central Andean dry puna,Montane Grasslands & Shrublands
129,18,Central Andean dry puna,Montane Grasslands & Shrublands
129,19,Central Andean dry puna,Montane Grasslands & Shrublands
129,20,Central Andean dry puna,Montane Grasslands & Shrublands
129,21,Central Andean puna,Montane Grasslands & Shrublands
129,22,Central Andean puna,Montane Grasslands & Shrublands
129,23,Central Andean puna,Montane Grasslands & Shrublands
129,24,Southern Andean steppe,Montane Grasslands & Shrublands
129,25,Southern Andean steppe,Montane Grasslands & Shrublands
129,26,Central Andean puna,Montane Grasslands & Shrublands
129,27,Central Andean puna,Montane Grasslands & Shrublands
129,28,High Monte,Montane Grasslands & Shrublands
129,29,Southern Andean Yungas,Tropical & Subtropical Moist Broadleaf Forests
129,30,Southern Andean Yungas,Tropical & Subtropical Moist Broadleaf Forests
129,31,Dry Chaco,"Tropical & Subtropical Grasslands, Savannas & Shrublands"
129,32,Dry Chaco,"Tropical & Subtropical Grasslands, Savannas & Shrublands"
129,33,Dry Chaco,"Tropical & Subtropical Grasslands, Savannas & Shrublands"
129,34,Dry Chaco,"Tropical & Subtropical Grasslands, Savannas & Shrublands"
129,35,Dry Chaco,"Tropical & Subtropical Grasslands, Savannas & Shrublands"
129,36,Dry Chaco,"Tropical & Subtropical Grasslands, Savannas & Shrublands"
129,37,Dry Chaco,"Tropical & Subtropical Grasslands, Savannas & Shrublands"
129,38,Dry Chaco,"Tropical & Subtropical Grasslands, Savannas & Shrublands"
129,39,Dry Chaco,"Tropical & Subtropical Grasslands, Savannas & Shrublands"
129,40,Dry Chaco,"Tropical & Subtropical Grasslands, Savannas & Shrublands"
129,41,Dry Chaco,"Tropical & Subtropical Grasslands, Savannas & Shrublands"
129,42,Dry Chaco,"Tropical & Subtropical Grasslands, Savannas & Shrublands"
129,43,Dry Chaco,"Tropical & Subtropical Grasslands, Savannas & Shrublands"
129,44,Dry Chaco,"Tropical & Subtropical Grasslands, Savannas & Shrublands"
129,45,Dry Chaco,"Tropical & Subtropical Grasslands, Savannas & Shrublands"
129,46,Dry Chaco,"Tropical & Subtropical Grasslands, Savannas & Shrublands"
129,47,Dry Chaco,"Tropical & Subtropical Grasslands, Savannas & Shrublands"
129,48,Humid Chaco,"Tropical & Subtropical Grasslands, Savannas & Shrublands"
129,49,Humid Chaco,"Tropical & Subtropical Grasslands, Savannas & Shrublands"
129,50,Humid Chaco,"Tropical & Subtropical Grasslands, Savannas & Shrublands"
129,51,Humid Chaco,"Tropical & Subtropical Grasslands, Savannas & Shrublands"
129,52,Humid Chaco,"Tropical & Subtropical Grasslands, Savannas & Shrublands"
129,53,Humid Chaco,"Tropical & Subtropical Grasslands, Savannas & Shrublands"
129,54,Humid Chaco,"Tropical & Subtropical Grasslands, Savannas & Shrublands"
129,55,Humid Chaco,"Tropical & Subtropical Grasslands, Savannas & Shrublands"
129,56,Humid Chaco,"Tropical & Subtropical Grasslands, Savannas & Shrublands"
129,57,Humid Chaco,"Tropical & Subtropical Grasslands, Savannas & Shrublands"
129,58,Humid Chaco,"Tropical & Subtropical Grasslands, Savannas & Shrublands"
129,59,Alto Paraná Atlantic forests,Tropical & Subtropical Moist Broadleaf Forests
129,60,Alto Paraná Atlantic forests,Tropical & Subtropical Moist Broadleaf Forests
129,61,Alto Paraná Atlantic forests,Tropical & Subtropical Moist Broadleaf Forests
129,62,Alto Paraná Atlantic forests,Tropical & Subtropical Moist Broadleaf Forests
129,63,Alto Paraná Atlantic forests,Tropical & Subtropical Moist Broadleaf Forests
129,64,Alto Paraná Atlantic forests,Tropical & Subtropical Moist Broadleaf Forests
129,65,Alto Paraná Atlantic forests,Tropical & Subtropical Moist Broadleaf Forests
129,66,Alto Paraná Atlantic forests,Tropical & Subtropical Moist Broadleaf Forests
129,67,Alto Paraná Atlantic forests,Tropical & Subtropical Moist Broadleaf Forests
129,68,Alto Paraná Atlantic forests,Tropical & Subtropical Moist Broadleaf Forests
129,69,Alto Paraná Atlantic forests,Tropical & Subtropical Moist Broadleaf Forests
129,70,Alto Paraná Atlantic forests,Tropical & Subtropical Moist Broadleaf Forests
129,71,Alto Paraná Atlantic forests,Tropical & Subtropical Moist Broadleaf Forests
129,72,Alto Paraná Atlantic forests,Tropical & Subtropical Moist Broadleaf Forests
129,73,Alto Paraná Atlantic forests,Tropical & Subtropical Moist Broadleaf Forests
129,74,Alto Paraná Atlantic forests,Tropical & Subtropical Moist Broadleaf Forests
129,75,Alto Paraná Atlantic forests,Tropical & Subtropical Moist Broadleaf Forests
129,76,Araucaria moist forests,Tropical & Subtropical Moist Broadleaf Forests
130,0,,
130,1,,
130,2,,
130,3,,
130,4,,
130,5,,
130,6,,
130,7,,
130,8,,
130,9,,
130,10,,
130,11,,
130,12,Chilean Matorral,"Mediterranean Forests, Woodlands & Scrub"
130,13,Chilean Matorral,"Mediterranean Forests, Woodlands & Scrub"
130,14,Atacama desert,Deserts & Xeric Shrublands
130,15,Atacama desert,Deserts & Xeric Shrublands
130,16,Chilean Matorral,"Mediterranean Forests, Woodlands & Scrub"
130,17,Central Andean dry puna,Montane Grasslands & Shrublands
130,18,Central Andean dry puna,Montane Grasslands & Shrublands
130,19,Central Andean dry puna,Montane Grasslands & Shrublands
130,20,Central Andean dry puna,Montane Grasslands & Shrublands
130,21,Central Andean dry puna,Montane Grasslands & Shrublands
130,22,Central Andean puna,Montane Grasslands & Shrublands
130,23,Southern Andean steppe,Montane Grasslands & Shrublands
130,24,Central Andean puna,Montane Grasslands & Shrublands
130,25,Southern Andean steppe,Montane Grasslands & Shrublands
130,26,Central Andean puna,Montane Grasslands & Shrublands
130,27,Central Andean puna,Montane Grasslands & Shrublands
130,28,High Monte,Montane Grasslands & Shrublands
130,29,High Monte,Montane Grasslands & Shrublands
130,30,Southern Andean Yungas,Tropical & Subtropical Moist Broadleaf Forests
130,31,Dry Chaco,"Tropical & Subtropical Grasslands, Savannas & Shrublands"
130,32,Dry Chaco,"Tropical & Subtropical Grasslands, Savannas & Shrublands"
130,33,Dry Chaco,"Tropical & Subtropical Grasslands, Savannas & Shrublands"
130,34,Dry Chaco,"Tropical & Subtropical Grasslands, Savannas & Shrublands"
130,35,Dry Chaco,"Tropical & Subtropical Grasslands, Savannas & Shrublands"
130,36,Dry Chaco,"Tropical & Subtropical Grasslands, Savannas & Shrublands"
130,37,Dry Chaco,"Tropical & Subtropical Grasslands, Savannas & Shrublands"
130,38,Dry Chaco,"Tropical & Subtropical Grasslands, Savannas & Shrublands"
130,39,Dry Chaco,"Tropical & Subtropical Grasslands, Savannas & Shrublands"
130,40,Dry Chaco,"Tropical & Subtropical Grasslands, Savannas & Shrublands"
130,41,Dry Chaco,"Tropical & Subtropical Grasslands, Savannas & Shrublands"
130,42,Dry Chaco,"Tropical & Subtropical Grasslands, Savannas & Shrublands"
130,43,Dry Chaco,"Tropical & Subtropical Grasslands, Savannas & Shrublands"
130,44,Dry Chaco,"Tropical & Subtropical Grasslands, Savannas & Shrublands"
130,45,Dry Chaco,"Tropical & Subtropical Grasslands, Savannas & Shrublands"
130,46,Dry Chaco,"Tropical & Subtropical Grasslands, Savannas & Shrublands"
130,47,Humid Chaco,"Tropical & Subtropical Grasslands, Savannas & Shrublands"
130,48,Humid Chaco,"Tropical & Subtropical Grasslands, Savannas & Shrublands"
130,49,Humid Chaco,"Tropical & Subtropical Grasslands, Savannas & Shrublands"
130,50,Humid Chaco,"Tropical & Subtropical Grasslands, Savannas & Shrublands"
130,51,Humid Chaco,"Tropical & Subtropical Grasslands, Savannas & Shrublands"
130,52,Humid Chaco,"Tropical & Subtropical Grasslands, Savannas & Shrublands"
130,53,Humid Chaco,"Tropical & Subtropical Grasslands, Savannas & Shrublands"
130,54,Humid Chaco,"Tropical & Subtropical Grasslands, Savannas & Shrublands"
130,55,Humid Chaco,"Tropical & Subtropical Grasslands, Savannas & Shrublands"
130,56,Humid Chaco,"Tropical & Subtropical Grasslands, Savannas & Shrublands"
130,57,Humid Chaco,"Tropical & Subtropical Grasslands, Savannas & Shrublands"
130,58,Humid Chaco,"Tropical & Subtropical Grasslands, Savannas & Shrublands"
130,59,Humid Chaco,"Tropical & Subtropical Grasslands, Savannas & Shrublands"
130,60,Humid Chaco,"Tropical & Subtropical Grasslands, Savannas & Shrublands"
130,61,Alto Paraná Atlantic forests,Tropical & Subtropical Moist Broadleaf Forests
130,62,Alto Paraná Atlantic forests,Tropical & Subtropical Moist Broadleaf Forests
130,63,Alto Paraná Atlantic forests,Tropical & Subtropical Moist Broadleaf Forests
130,64,Alto Paraná Atlantic forests,Tropical & Subtropical Moist Broadleaf Forests
130,65,Alto Paraná Atlantic forests,Tropical & Subtropical Moist Broadleaf Forests
130,66,Alto Paraná Atlantic forests,Tropical & Subtropical Moist Broadleaf Forests
130,67,Alto Paraná Atlantic forests,Tropical & Subtropical Moist Broadleaf Forests
130,68,Alto Paraná Atlantic forests,Tropical & Subtropical Moist Broadleaf Forests
130,69,Alto Paraná Atlantic forests,Tropical & Subtropical Moist Broadleaf Forests
130,70,Alto Paraná Atlantic forests,Tropical & Subtropical Moist Broadleaf Forests
130,71,Alto Paraná Atlantic forests,Tropical & Subtropical Moist Broadleaf Forests
130,72,Alto Paraná Atlantic forests,Tropical & Subtropical Moist Broadleaf Forests
130,73,Araucaria moist forests,Tropical & Subtropical Moist Broadleaf Forests
130,74,Araucaria moist forests,Tropical & Subtropical Moist Broadleaf Forests
130,75,Araucaria moist forests,Tropical & Subtropical Moist Broadleaf Forests
130,76,Araucaria moist forests,Tropical & Subtropical Moist Broadleaf Forests
131,0,,
131,1,,
131,2,,
131,3,,
131,4,,
131,5,,
131,6,,
131,7,,
131,8,,
131,9,,
131,10,,
131,11,,
131,12,,
131,13,Atacama desert,Deserts & Xeric Shrublands
131,14,Atacama desert,Deserts & Xeric Shrublands
131,15,Atacama desert,Deserts & Xeric Shrublands
131,16,Chilean Matorral,"Mediterranean Forests, Woodlands & Scrub"
131,17,Central Andean dry puna,Montane Grasslands & Shrublands
131,18,Central Andean dry puna,Montane Grasslands & Shrublands
131,19,Central Andean dry puna,Montane Grasslands & Shrublands
131,20,Central Andean dry puna,Montane Grasslands & Shrublands
131,21,Central Andean dry puna,Montane Grasslands & Shrublands
131,22,Central Andean puna,Montane Grasslands & Shrublands
131,23,Southern Andean steppe,Montane Grasslands & Shrublands
131,24,Central Andean puna,Montane Grasslands & Shrublands
131,25,Southern Andean steppe,Montane Grasslands & Shrublands
131,26,Central Andean puna,Montane Grasslands & Shrublands
131,27,High Monte,Montane Grasslands & Shrublands
131,28,High Monte,Montane Grasslands & Shrublands
131,29,Dry Chaco,"Tropical & Subtropical Grasslands, Savannas & Shrublands"
131,30,Southern Andean Yungas,Tropical & Subtropical Moist Broadleaf Forests
131,31,Southern Andean Yungas,Tropical & Subtropical Moist Broadleaf Forests
131,32,Dry Chaco,"Tropical & Subtropical Grasslands, Savannas & Shrublands"
131,33,Dry Chaco,"Tropical & Subtropical Grasslands, Savannas & Shrublands"
131,34,Dry Chaco,"Tropical & Subtropical Grasslands, Savannas & Shrublands"
131,35,Dry Chaco,"Tropical & Subtropical Grasslands, Savannas & Shrublands"
131,36,Dry Chaco,"Tropical & Subtropical Grasslands, Savannas & Shrublands"
131,37,Dry Chaco,"Tropical & Subtropical Grasslands, Savannas & Shrublands"
131,38,Dry Chaco,"Tropical & Subtropical Grasslands, Savannas & Shrublands"
131,39,Dry Chaco,"Tropical & Subtropical Grasslands, Savannas & Shrublands"
131,40,Dry Chaco,"Tropical & Subtropical Grasslands, Savannas & Shrublands"
131,41,Dry Chaco,"Tropical & Subtropical Grasslands, Savannas & Shrublands"
131,42,Dry Chaco,"Tropical & Subtropical Grasslands, Savannas & Shrublands"
131,43,Dry Chaco,"Tropical & Subtropical Grasslands, Savannas & Shrublands"
131,44,Dry Chaco,"Tropical & Subtropical Grasslands, Savannas & Shrublands"
131,45,Dry Chaco,"Tropical & Subtropical Grasslands, Savannas & Shrublands"
131,46,Dry Chaco,"Tropical & Subtropical Grasslands, Savannas & Shrublands"
131,47,Dry Chaco,"Tropical & Subtropical Grasslands, Savannas & Shrublands"
131,48,Dry Chaco,"Tropical & Subtropical Grasslands, Savannas & Shrublands"
131,49,Humid Chaco,"Tropical & Subtropical Grasslands, Savannas & Shrublands"
131,50,Humid Chaco,"Tropical & Subtropical Grasslands, Savannas & Shrublands"
131,51,Humid Chaco,"Tropical & Subtropical Grasslands, Savannas & Shrublands"
131,52,Humid Chaco,"Tropical & Subtropical Grasslands, Savannas & Shrublands"
131,53,Humid Chaco,"Tropical & Subtropical Grasslands, Savannas & Shrublands"
131,54,Humid Chaco,"Tropical & Subtropical Grasslands, Savannas & Shrublands"
131,55,Humid Chaco,"Tropical & Subtropical Grasslands, Savannas & Shrublands"
131,56,Humid Chaco,"Tropical & Subtropical Grasslands, Savannas & Shrublands"
131,57,Humid Chaco,"Tropical & Subtropical Grasslands, Savannas & Shrublands"
131,58,Humid Chaco,"Tropical & Subtropical Grasslands, Savannas & Shrublands"
131,59,Humid Chaco,"Tropical & Subtropical Grasslands, Savannas & Shrublands"
131,60,Humid Chaco,"Tropical & Subtropical Grasslands, Savannas & Shrublands"
131,61,Alto Paraná Atlantic forests,Tropical & Subtropical Moist Broadleaf Forests
131,62,Alto Paraná Atlantic forests,Tropical & Subtropical Moist Broadleaf Forests
131,63,Alto Paraná Atlantic forests,Tropical & Subtropical Moist Broadleaf Forests
131,64,Alto Paraná Atlantic forests,Tropical & Subtropical Moist Broadleaf Forests
131,65,Alto Paraná Atlantic forests,Tropical & Subtropical Moist Broadleaf Forests
131,66,Alto Paraná Atlantic forests,Tropical & Subtropical Moist Broadleaf Forests
131,67,Alto Paraná Atlantic forests,Tropical & Subtropical Moist Broadleaf Forests
131,68,Alto Paraná Atlantic forests,Tropical & Subtropical Moist Broadleaf Forests
131,69,Alto Paraná Atlantic forests,Tropical & Subtropical Moist Broadleaf Forests
131,70,Araucaria moist forests,Tropical & Subtropical Moist Broadleaf Forests
131,71,Araucaria moist forests,Tropical & Subtropical Moist Broadleaf Forests
131,72,Araucaria moist forests,Tropical & Subtropical Moist Broadleaf Forests
131,73,Araucaria moist forests,Tropical & Subtropical Moist Broadleaf Forests
131,74,Alto Paraná Atlantic forests,Tropical & Subtropical Moist Broadleaf Forests
131,75,Araucaria moist forests,Tropical & Subtropical Moist Broadleaf Forests
131,76,Araucaria moist forests,Tropical & Subtropical Moist Broadleaf Forests
132,0,,
132,1,,
132,2,,
132,3,,
132,4,,
132,5,,
132,6,,
132,7,,
132,8,,
132,9,,
132,10,,
132,11,,
132,12,,
132,13,Atacama desert,Deserts & Xeric Shrublands
132,14,Atacama desert,Deserts & Xeric Shrublands
132,15,Atacama desert,Deserts & Xeric Shrublands
132,16,Central Andean dry puna,Montane Grasslands & Shrublands
132,17,Central Andean dry puna,Montane Grasslands & Shrublands
132,18,Central Andean dry puna,Montane Grasslands & Shrublands
132,19,Central Andean dry puna,Montane Grasslands & Shrublands
132,20,Central Andean dry puna,Montane Grasslands & Shrublands
132,21,Central Andean dry puna,Montane Grasslands & Shrublands
132,22,Central Andean dry puna,Montane Grasslands & Shrublands
132,23,Central Andean puna,Montane Grasslands & Shrublands
132,24,Central Andean puna,Montane Grasslands & Shrublands
132,25,Southern Andean steppe,Montane Grasslands & Shrublands
132,26,Central Andean puna,Montane Grasslands & Shrublands
132,27,High Monte,Montane Grasslands & Shrublands
132,28,High Monte,Montane Grasslands & Shrublands
132,29,Southern Andean Yungas,Tropical & Subtropical Moist Broadleaf Forests
132,30,Dry Chaco,"Tropical & Subtropical Grasslands, Savannas & Shrublands"
132,31,Southern Andean Yungas,Tropical & Subtropical Moist Broadleaf Forests
132,32,Dry Chaco,"Tropical & Subtropical Grasslands, Savannas & Shrublands"
132,33,Dry Chaco,"Tropical & Subtropical Grasslands, Savannas & Shrublands"
132,34,Dry Chaco,"Tropical & Subtropical Grasslands, Savannas & Shrublands"
132,35,Dry Chaco,"Tropical & Subtropical Grasslands, Savannas & Shrublands"
132,36,Dry Chaco,"Tropical & Subtropical Grasslands, Savannas & Shrublands"
132,37,Dry Chaco,"Tropical & Subtropical Grasslands, Savannas & Shrublands"
132,38,Dry Chaco,"Tropical & Subtropical Grasslands, Savannas & Shrublands"
132,39,Dry Chaco,"Tropical & Subtropical Grasslands, Savannas & Shrublands"
132,40,Dry Chaco,"Tropical & Subtropical Grasslands, Savannas & Shrublands"
132,41,Dry Chaco,"Tropical & Subtropical Grasslands, Savannas & Shrublands"
132,42,Dry Chaco,"Tropical & Subtropical Grasslands, Savannas & Shrublands"
132,43,Dry Chaco,"Tropical & Subtropical Grasslands, Savannas & Shrublands"
132,44,Dry Chaco,"Tropical & Subtropical Grasslands, Savannas & Shrublands"
132,45,Dry Chaco,"Tropical & Subtropical Grasslands, Savannas & Shrublands"
132,46,Dry Chaco,"Tropical & Subtropical Grasslands, Savannas & Shrublands"
132,47,Dry Chaco,"Tropical & Subtropical Grasslands, Savannas & Shrublands"
132,48,Dry Chaco,"Tropical & Subtropical Grasslands, Savannas & Shrublands"
132,49,Humid Chaco,"Tropical & Subtropical Grasslands, Savannas & Shrublands"
132,50,Humid Chaco,"Tropical & Subtropical Grasslands, Savannas & Shrublands"
132,51,Humid Chaco,"Tropical & Subtropical Grasslands, Savannas & Shrublands"
132,52,Humid Chaco,"Tropical & Subtropical Grasslands, Savannas & Shrublands"
132,53,Humid Chaco,"Tropical & Subtropical Grasslands, Savannas & Shrublands"
132,54,Humid Chaco,"Tropical & Subtropical Grasslands, Savannas & Shrublands"
132,55,Humid Chaco,"Tropical & Subtropical Grasslands, Savannas & Shrublands"
132,56,Humid Chaco,"Tropical & Subtropical Grasslands, Savannas & Shrublands"
132,57,Humid Chaco,"Tropical & Subtropical Grasslands, Savannas & Shrublands"
132,58,Humid Chaco,"Tropical & Subtropical Grasslands, Savannas & Shrublands"
132,59,Humid Chaco,"Tropical & Subtropical Grasslands, Savannas & Shrublands"
132,60,Humid Chaco,"Tropical & Subtropical Grasslands, Savannas & Shrublands"
132,61,Alto Paraná Atlantic forests,Tropical & Subtropical Moist Broadleaf Forests
132,62,Alto Paraná Atlantic forests,Tropical & Subtropical Moist Broadleaf Forests
132,63,Alto Paraná Atlantic forests,Tropical & Subtropical Moist Broadleaf Forests
132,64,Alto Paraná Atlantic forests,Tropical & Subtropical Moist Broadleaf Forests
132,65,Alto Paraná Atlantic forests,Tropical & Subtropical Moist Broadleaf Forests
132,66,Alto Paraná Atlantic forests,Tropical & Subtropical Moist Broadleaf Forests
132,67,Alto Paraná Atlantic forests,Tropical & Subtropical Moist Broadleaf Forests
132,68,Alto Paraná Atlantic forests,Tropical & Subtropical Moist Broadleaf Forests
132,69,Alto Paraná Atlantic forests,Tropical & Subtropical Moist Broadleaf Forests
132,70,Araucaria moist forests,Tropical & Subtropical Moist Broadleaf Forests
132,71,Araucaria moist forests,Tropical & Subtropical Moist Broadleaf Forests
132,72,Araucaria moist forests,Tropical & Subtropical Moist Broadleaf Forests
132,73,Alto Paraná Atlantic forests,Tropical & Subtropical Moist Broadleaf Forests
132,74,Alto Paraná Atlantic forests,Tropical & Subtropical Moist Broadleaf Forests
132,75,Araucaria moist forests,Tropical & Subtropical Moist Broadleaf Forests
132,76,Araucaria moist forests,Tropical & Subtropical Moist Broadleaf Forests
133,0,,
133,1,,
133,2,,
133,3,,
133,4,,
133,5,,
133,6,,
133,7,,
133,8,,
133,9,,
133,10,,
133,11,,
133,12,Chilean Matorral,"Mediterranean Forests, Woodlands & Scrub"
133,13,Atacama desert,Deserts & Xeric Shrublands
133,14,Atacama desert,Deserts & Xeric Shrublands
133,15,Atacama desert,Deserts & Xeric Shrublands
133,16,Atacama desert,Deserts & Xeric Shrublands
133,17,Central Andean dry puna,Montane Grasslands & Shrublands
133,18,Central Andean dry puna,Montane Grasslands & Shrublands
133,19,Central Andean dry puna,Montane Grasslands & Shrublands
133,20,Central Andean dry puna,Montane Grasslands & Shrublands
133,21,Central Andean dry puna,Montane Grasslands & Shrublands
133,22,Central Andean puna,Montane Grasslands & Shrublands
133,23,Central Andean puna,Montane Grasslands & Shrublands
133,24,Central Andean puna,Montane Grasslands & Shrublands
133,25,Central Andean puna,Montane Grasslands & Shrublands
133,26,Central Andean puna,Montane Grasslands & Shrublands
133,27,High Monte,Montane Grasslands & Shrublands
133,28,Central Andean puna,Montane Grasslands & Shrublands
133,29,Southern Andean Yungas,Tropical & Subtropical Moist Broadleaf Forests
133,30,Dry Chaco,"Tropical & Subtropical Grasslands, Savannas & Shrublands"
133,31,Dry Chaco,"Tropical & Subtropical Grasslands, Savannas & Shrublands"
133,32,Dry Chaco,"Tropical & Subtropical Grasslands, Savannas & Shrublands"
133,33,Dry Chaco,"Tropical & Subtropical Grasslands, Savannas & Shrublands"
133,34,Dry Chaco,"Tropical & Subtropical Grasslands, Savannas & Shrublands"
133,35,Dry Chaco,"Tropical & Subtropical Grasslands, Savannas & Shrublands"
133,36,Dry Chaco,"Tropical & Subtropical Grasslands, Savannas & Shrublands"
133,37,Dry Chaco,"Tropical & Subtropical Grasslands, Savannas & Shrublands"
133,38,Dry Chaco,"Tropical & Subtropical Grasslands, Savannas & Shrublands"
133,39,Dry Chaco,"Tropical & Subtropical Grasslands, Savannas & Shrublands"
133,40,Dry Chaco,"Tropical & Subtropical Grasslands, Savannas & Shrublands"
133,41,Dry Chaco,"Tropical & Subtropical Grasslands, Savannas & Shrublands"
133,42,Dry Chaco,"Tropical & Subtropical Grasslands, Savannas & Shrublands"
133,43,Dry Chaco,"Tropical & Subtropical Grasslands, Savannas & Shrublands"
133,44,Dry Chaco,"Tropical & Subtropical Grasslands, Savannas & Shrublands"
133,45,Dry Chaco,"Tropical & Subtropical Grasslands, Savannas & Shrublands"
133,46,Dry Chaco,"Tropical & Subtropical Grasslands, Savannas & Shrublands"
133,47,Dry Chaco,"Tropical & Subtropical Grasslands, Savannas & Shrublands"
133,48,Dry Chaco,"Tropical & Subtropical Grasslands, Savannas & Shrublands"
133,49,Dry Chaco,"Tropical & Subtropical Grasslands, Savannas & Shrublands"
133,50,Humid Chaco,"Tropical & Subtropical Grasslands, Savannas & Shrublands"
133,51,Humid Chaco,"Tropical & Subtropical Grasslands, Savannas & Shrublands"
133,52,Humid Chaco,"Tropical & Subtropical Grasslands, Savannas & Shrublands"
133,53,Humid Chaco,"Tropical & Subtropical Grasslands, Savannas & Shrublands"
133,54,Humid Chaco,"Tropical & Subtropical Grasslands, Savannas & Shrublands"
133,55,Humid Chaco,"Tropical & Subtropical Grasslands, Savannas & Shrublands"
133,56,Humid Chaco,"Tropical & Subtropical Grasslands, Savannas & Shrublands"
133,57,Humid Chaco,"Tropical & Subtropical Grasslands, Savannas & Shrublands"
133,58,Humid Chaco,"Tropical & Subtropical Grasslands, Savannas & Shrublands"
133,59,Humid Chaco,"Tropical & Subtropical Grasslands, Savannas & Shrublands"
133,60,Humid Chaco,"Tropical & Subtropical Grasslands, Savannas & Shrublands"
133,61,Alto Paraná Atlantic forests,Tropical & Subtropical Moist Broadleaf Forests
133,62,Alto Paraná Atlantic forests,Tropical & Subtropical Moist Broadleaf Forests
133,63,Alto Paraná Atlantic forests,Tropical & Subtropical Moist Broadleaf Forests
133,64,Alto Paraná Atlantic forests,Tropical & Subtropical Moist Broadleaf Forests
133,65,Alto Paraná Atlantic forests,Tropical & Subtropical Moist Broadleaf Forests
133,66,Alto Paraná Atlantic forests,Tropical & Subtropical Moist Broadleaf Forests
133,67,Alto Paraná Atlantic forests,Tropical & Subtropical Moist Broadleaf Forests
133,68,Alto Paraná Atlantic forests,Tropical & Subtropical Moist Broadleaf Forests
133,69,Alto Paraná Atlantic forests,Tropical & Subtropical Moist Broadleaf Forests
133,70,Alto Paraná Atlantic forests,Tropical & Subtropical Moist Broadleaf Forests
133,71,Araucaria moist forests,Tropical & Subtropical Moist Broadleaf Forests
133,72,Alto Paraná Atlantic forests,Tropical & Subtropical Moist Broadleaf Forests
133,73,Alto Paraná Atlantic forests,Tropical & Subtropical Moist Broadleaf Forests
133,74,Araucaria moist forests,Tropical & Subtropical Moist Broadleaf Forests
133,75,Araucaria moist forests,Tropical & Subtropical Moist Broadleaf Forests
133,76,Araucaria moist forests,Tropical & Subtropical Moist Broadleaf Forests
134,0,,
134,1,,
134,2,,
134,3,,
134,4,,
134,5,,
134,6,,
134,7,,
134,8,,
134,9,,
134,10,,
134,11,,
134,12,Chilean Matorral,"Mediterranean Forests, Woodlands & Scrub"
134,13,Atacama desert,Deserts & Xeric Shrublands
134,14,Atacama desert,Deserts & Xeric Shrublands
134,15,Atacama desert,Deserts & Xeric Shrublands
134,16,Atacama desert,Deserts & Xeric Shrublands
134,17,Central Andean dry puna,Montane Grasslands & Shrublands
134,18,Central Andean dry puna,Montane Grasslands & Shrublands
134,19,Central Andean dry puna,Montane Grasslands & Shrublands
134,20,Central Andean dry puna,Montane Grasslands & Shrublands
134,21,Central Andean puna,Montane Grasslands & Shrublands
134,22,Central Andean puna,Montane Grasslands & Shrublands
134,23,Central Andean dry puna,Montane Grasslands & Shrublands
134,24,Central Andean puna,Montane Grasslands & Shrublands
134,25,Central Andean puna,Montane Grasslands & Shrublands
134,26,Southern Andean steppe,Montane Grasslands & Shrublands
134,27,High Monte,Montane Grasslands & Shrublands
134,28,High Monte,Montane Grasslands & Shrublands
134,29,Southern Andean Yungas,Tropical & Subtropical Moist Broadleaf Forests
134,30,Southern Andean Yungas,Tropical & Subtropical Moist Broadleaf Forests
134,31,Dry Chaco,"Tropical & Subtropical Grasslands, Savannas & Shrublands"
134,32,Southern Andean Yungas,Tropical & Subtropical Moist Broadleaf Forests
134,33,Dry Chaco,"Tropical & Subtropical Grasslands, Savannas & Shrublands"
134,34,Dry Chaco,"Tropical & Subtropical Grasslands, Savannas & Shrublands"
134,35,Dry Chaco,"Tropical & Subtropical Grasslands, Savannas & Shrublands"
134,36,Dry Chaco,"Tropical & Subtropical Grasslands, Savannas & Shrublands"
134,37,Dry Chaco,"Tropical & Subtropical Grasslands, Savannas & Shrublands"
134,38,Dry Chaco,"Tropical & Subtropical Grasslands, Savannas & Shrublands"
134,39,Dry Chaco,"Tropical & Subtropical Grasslands, Savannas & Shrublands"
134,40,Dry Chaco,"Tropical & Subtropical Grasslands, Savannas & Shrublands"
134,41,Dry Chaco,"Tropical & Subtropical Grasslands, Savannas & Shrublands"
134,42,Dry Chaco,"Tropical & Subtropical Grasslands, Savannas & Shrublands"
134,43,Dry Chaco,"Tropical & Subtropical Grasslands, Savannas & Shrublands"
134,44,Dry Chaco,"Tropical & Subtropical Grasslands, Savannas & Shrublands"
134,45,Dry Chaco,"Tropical & Subtropical Grasslands, Savannas & Shrublands"
134,46,Dry Chaco,"Tropical & Subtropical Grasslands, Savannas & Shrublands"
134,47,Dry Chaco,"Tropical & Subtropical Grasslands, Savannas & Shrublands"
134,48,Dry Chaco,"Tropical & Subtropical Grasslands, Savannas & Shrublands"
134,49,Humid Chaco,"Tropical & Subtropical Grasslands, Savannas & Shrublands"
134,50,Humid Chaco,"Tropical & Subtropical Grasslands, Savannas & Shrublands"
134,51,Humid Chaco,"Tropical & Subtropical Grasslands, Savannas & Shrublands"
134,52,Humid Chaco,"Tropical & Subtropical Grasslands, Savannas & Shrublands"
134,53,Humid Chaco,"Tropical & Subtropical Grasslands, Savannas & Shrublands"
134,54,Humid Chaco,"Tropical & Subtropical Grasslands, Savannas & Shrublands"
134,55,Humid Chaco,"Tropical & Subtropical Grasslands, Savannas & Shrublands"
134,56,Humid Chaco,"Tropical & Subtropical Grasslands, Savannas & Shrublands"
134,57,Humid Chaco,"Tropical & Subtropical Grasslands, Savannas & Shrublands"
134,58,Humid Chaco,"Tropical & Subtropical Grasslands, Savannas & Shrublands"
134,59,Humid Chaco,"Tropical & Subtropical Grasslands, Savannas & Shrublands"
134,60,Humid Chaco,"Tropical & Subtropical Grasslands, Savannas & Shrublands"
134,61,Alto Paraná Atlantic forests,Tropical & Subtropical Moist Broadleaf Forests
134,62,Alto Paraná Atlantic forests,Tropical & Subtropical Moist Broadleaf Forests
134,63,Alto Paraná Atlantic forests,Tropical & Subtropical Moist Broadleaf Forests
134,64,Alto Paraná Atlantic forests,Tropical & Subtropical Moist Broadleaf Forests
134,65,Alto Paraná Atlantic forests,Tropical & Subtropical Moist Broadleaf Forests
134,66,Alto Paraná Atlantic forests,Tropical & Subtropical Moist Broadleaf Forests
134,67,Alto Paraná Atlantic forests,Tropical & Subtropical Moist Broadleaf Forests
134,68,Alto Paraná Atlantic forests,Tropical & Subtropical Moist Broadleaf Forests
134,69,Alto Paraná Atlantic forests,Tropical & Subtropical Moist Broadleaf Forests
134,70,Alto Paraná Atlantic forests,Tropical & Subtropical Moist Broadleaf Forests
134,71,Alto Paraná Atlantic forests,Tropical & Subtropical Moist Broadleaf Forests
134,72,Alto Paraná Atlantic forests,Tropical & Subtropical Moist Broadleaf Forests
134,73,Araucaria moist forests,Tropical & Subtropical Moist Broadleaf Forests
134,74,Araucaria moist forests,Tropical & Subtropical Moist Broadleaf Forests
134,75,Araucaria moist forests,Tropical & Subtropical Moist Broadleaf Forests
134,76,Alto Paraná Atlantic forests,Tropical & Subtropical Moist Broadleaf Forests
135,0,,
135,1,,
135,2,,
135,3,,
135,4,,
135,5,,
135,6,,
135,7,,
135,8,,
135,9,,
135,10,,
135,11,,
135,12,Chilean Matorral,"Mediterranean Forests, Woodlands & Scrub"
135,13,Atacama desert,Deserts & Xeric Shrublands
135,14,Atacama desert,Deserts & Xeric Shrublands
135,15,Atacama desert,Deserts & Xeric Shrublands
135,16,Atacama desert,Deserts & Xeric Shrublands
135,17,Atacama desert,Deserts & Xeric Shrublands
135,18,Central Andean dry puna,Montane Grasslands & Shrublands
135,19,Central Andean dry puna,Montane Grasslands & Shrublands
135,20,Central Andean dry puna,Montane Grasslands & Shrublands
135,21,Central Andean dry puna,Montane Grasslands & Shrublands
135,22,Central Andean puna,Montane Grasslands & Shrublands
135,23,Central Andean puna,Montane Grasslands & Shrublands
135,24,Central Andean puna,Montane Grasslands & Shrublands
135,25,Central Andean puna,Montane Grasslands & Shrublands
135,26,Southern Andean steppe,Montane Grasslands & Shrublands
135,27,Southern Andean steppe,Montane Grasslands & Shrublands
135,28,High Monte,Montane Grasslands & Shrublands
135,29,Central Andean puna,Montane Grasslands & Shrublands
135,30,Southern Andean Yungas,Tropical & Subtropical Moist Broadleaf Forests
135,31,Dry Chaco,"Tropical & Subtropical Grasslands, Savannas & Shrublands"
135,32,Dry Chaco,"Tropical & Subtropical Grasslands, Savannas & Shrublands"
135,33,Southern Andean Yungas,Tropical & Subtropical Moist Broadleaf Forests
135,34,Southern Andean Yungas,Tropical & Subtropical Moist Broadleaf Forests
135,35,Dry Chaco,"Tropical & Subtropical Grasslands, Savannas & Shrublands"
135,36,Dry Chaco,"Tropical & Subtropical Grasslands, Savannas & Shrublands"
135,37,Dry Chaco,"Tropical & Subtropical Grasslands, Savannas & Shrublands"
135,38,Dry Chaco,"Tropical & Subtropical Grasslands, Savannas & Shrublands"
135,39,Dry Chaco,"Tropical & Subtropical Grasslands, Savannas & Shrublands"
135,40,Dry Chaco,"Tropical & Subtropical Grasslands, Savannas & Shrublands"
135,41,Dry Chaco,"Tropical & Subtropical Grasslands, Savannas & Shrublands"
135,42,Dry Chaco,"Tropical & Subtropical Grasslands, Savannas & Shrublands"
135,43,Dry Chaco,"Tropical & Subtropical Grasslands, Savannas & Shrublands"
135,44,Dry Chaco,"Tropical & Subtropical Grasslands, Savannas & Shrublands"
135,45,Dry Chaco,"Tropical & Subtropical Grasslands, Savannas & Shrublands"
135,46,Dry Chaco,"Tropical & Subtropical Grasslands, Savannas & Shrublands"
135,47,Dry Chaco,"Tropical & Subtropical Grasslands, Savannas & Shrublands"
135,48,Dry Chaco,"Tropical & Subtropical Grasslands, Savannas & Shrublands"
135,49,Humid Chaco,"Tropical & Subtropical Grasslands, Savannas & Shrublands"
135,50,Humid Chaco,"Tropical & Subtropical Grasslands, Savannas & Shrublands"
135,51,Humid Chaco,"Tropical & Subtropical Grasslands, Savannas & Shrublands"
135,52,Humid Chaco,"Tropical & Subtropical Grasslands, Savannas & Shrublands"
135,53,Humid Chaco,"Tropical & Subtropical Grasslands, Savannas & Shrublands"
135,54,Humid Chaco,"Tropical & Subtropical Grasslands, Savannas & Shrublands"
135,55,Humid Chaco,"Tropical & Subtropical Grasslands, Savannas & Shrublands"
135,56,Humid Chaco,"Tropical & Subtropical Grasslands, Savannas & Shrublands"
135,57,Humid Chaco,"Tropical & Subtropical Grasslands, Savannas & Shrublands"
135,58,Humid Chaco,"Tropical & Subtropical Grasslands, Savannas & Shrublands"
135,59,Humid Chaco,"Tropical & Subtropical Grasslands, Savannas & Shrublands"
135,60,Alto Paraná Atlantic forests,Tropical & Subtropical Moist Broadleaf Forests
135,61,Alto Paraná Atlantic forests,Tropical & Subtropical Moist Broadleaf Forests
135,62,Alto Paraná Atlantic forests,Tropical & Subtropical Moist Broadleaf Forests
135,63,Alto Paraná Atlantic forests,Tropical & Subtropical Moist Broadleaf Forests
135,64,Alto Paraná Atlantic forests,Tropical & Subtropical Moist Broadleaf Forests
135,65,Alto Paraná Atlantic forests,Tropical & Subtropical Moist Broadleaf Forests
135,66,Alto Paraná Atlantic forests,Tropical & Subtropical Moist Broadleaf Forests
135,67,Alto Paraná Atlantic forests,Tropical & Subtropical Moist Broadleaf Forests
135,68,Alto Paraná Atlantic forests,Tropical & Subtropical Moist Broadleaf Forests
135,69,Alto Paraná Atlantic forests,Tropical & Subtropical Moist Broadleaf Forests
135,70,Alto Paraná Atlantic forests,Tropical & Subtropical Moist Broadleaf Forests
135,71,Alto Paraná Atlantic forests,Tropical & Subtropical Moist Broadleaf Forests
135,72,Alto Paraná Atlantic forests,Tropical & Subtropical Moist Broadleaf Forests
135,73,Alto Paraná Atlantic forests,Tropical & Subtropical Moist Broadleaf Forests
135,74,Araucaria moist forests,Tropical & Subtropical Moist Broadleaf Forests
135,75,Araucaria moist forests,Tropical & Subtropical Moist Broadleaf Forests
135,76,Alto Paraná Atlantic forests,Tropical & Subtropical Moist Broadleaf Forests
136,0,,
136,1,,
136,2,,
136,3,,
136,4,,
136,5,,
136,6,,
136,7,,
136,8,,
136,9,,
136,10,,
136,11,,
136,12,Chilean Matorral,"Mediterranean Forests, Woodlands & Scrub"
136,13,Atacama desert,Deserts & Xeric Shrublands
136,14,Atacama desert,Deserts & Xeric Shrublands
136,15,Atacama desert,Deserts & Xeric Shrublands
136,16,Atacama desert,Deserts & Xeric Shrublands
136,17,Atacama desert,Deserts & Xeric Shrublands
136,18,Central Andean dry puna,Montane Grasslands & Shrublands
136,19,Central Andean dry puna,Montane Grasslands & Shrublands
136,20,Central Andean dry puna,Montane Grasslands & Shrublands
136,21,Central Andean dry puna,Montane Grasslands & Shrublands
136,22,Central Andean dry puna,Montane Grasslands & Shrublands
136,23,Central Andean dry puna,Montane Grasslands & Shrublands
136,24,Central Andean puna,Montane Grasslands & Shrublands
136,25,Central Andean dry puna,Montane Grasslands & Shrublands
136,26,Central Andean puna,Montane Grasslands & Shrublands
136,27,Central Andean puna,Montane Grasslands & Shrublands
136,28,Central Andean puna,Montane Grasslands & Shrublands
136,29,Central Andean puna,Montane Grasslands & Shrublands
136,30,Southern Andean Yungas,Tropical & Subtropical Moist Broadleaf Forests
136,31,Dry Chaco,"Tropical & Subtropical Grasslands, Savannas & Shrublands"
136,32,Dry Chaco,"Tropical & Subtropical Grasslands, Savannas & Shrublands"
136,33,Southern Andean Yungas,Tropical & Subtropical Moist Broadleaf Forests
136,34,Southern Andean Yungas,Tropical & Subtropical Moist Broadleaf Forests
136,35,Dry Chaco,"Tropical & Subtropical Grasslands, Savannas & Shrublands"
136,36,Dry Chaco,"Tropical & Subtropical Grasslands, Savannas & Shrublands"
136,37,Dry Chaco,"Tropical & Subtropical Grasslands, Savannas & Shrublands"
136,38,Dry Chaco,"Tropical & Subtropical Grasslands, Savannas & Shrublands"
136,39,Dry Chaco,"Tropical & Subtropical Grasslands, Savannas & Shrublands"
136,40,Dry Chaco,"Tropical & Subtropical Grasslands, Savannas & Shrublands"
136,41,Dry Chaco,"Tropical & Subtropical Grasslands, Savannas & Shrublands"
136,42,Dry Chaco,"Tropical & Subtropical Grasslands, Savannas & Shrublands"
136,43,Dry Chaco,"Tropical & Subtropical Grasslands, Savannas & Shrublands"
136,44,Dry Chaco,"Tropical & Subtropical Grasslands, Savannas & Shrublands"
136,45,Dry Chaco,"Tropical & Subtropical Grasslands, Savannas & Shrublands"
136,46,Dry Chaco,"Tropical & Subtropical Grasslands, Savannas & Shrublands"
136,47,Dry Chaco,"Tropical & Subtropical Grasslands, Savannas & Shrublands"
136,48,Dry Chaco,"Tropical & Subtropical Grasslands, Savannas & Shrublands"
136,49,Humid Chaco,"Tropical & Subtropical Grasslands, Savannas & Shrublands"
136,50,Humid Chaco,"Tropical & Subtropical Grasslands, Savannas & Shrublands"
136,51,Humid Chaco,"Tropical & Subtropical Grasslands, Savannas & Shrublands"
136,52,Humid Chaco,"Tropical & Subtropical Grasslands, Savannas & Shrublands"
136,53,Humid Chaco,"Tropical & Subtropical Grasslands, Savannas & Shrublands"
136,54,Humid Chaco,"Tropical & Subtropical Grasslands, Savannas & Shrublands"
136,55,Humid Chaco,"Tropical & Subtropical Grasslands, Savannas & Shrublands"
136,56,Humid Chaco,"Tropical & Subtropical Grasslands, Savannas & Shrublands"
136,57,Humid Chaco,"Tropical & Subtropical Grasslands, Savannas & Shrublands"
136,58,Humid Chaco,"Tropical & Subtropical Grasslands, Savannas & Shrublands"
136,59,Humid Chaco,"Tropical & Subtropical Grasslands, Savannas & Shrublands"
136,60,Alto Paraná Atlantic forests,Tropical & Subtropical Moist Broadleaf Forests
136,61,Alto Paraná Atlantic forests,Tropical & Subtropical Moist Broadleaf Forests
136,62,Alto Paraná Atlantic forests,Tropical & Subtropical Moist Broadleaf Forests
136,63,Alto Paraná Atlantic forests,Tropical & Subtropical Moist Broadleaf Forests
136,64,Alto Paraná Atlantic forests,Tropical & Subtropical Moist Broadleaf Forests
136,65,Alto Paraná Atlantic forests,Tropical & Subtropical Moist Broadleaf Forests
136,66,Alto Paraná Atlantic forests,Tropical & Subtropical Moist Broadleaf Forests
136,67,Alto Paraná Atlantic forests,Tropical & Subtropical Moist Broadleaf Forests
136,68,Alto Paraná Atlantic forests,Tropical & Subtropical Moist Broadleaf Forests
136,69,Alto Paraná Atlantic forests,Tropical & Subtropical Moist Broadleaf Forests
136,70,Alto Paraná Atlantic forests,Tropical & Subtropical Moist Broadleaf Forests
136,71,Alto Paraná Atlantic forests,Tropical & Subtropical Moist Broadleaf Forests
136,72,Alto Paraná Atlantic forests,Tropical & Subtropical Moist Broadleaf Forests
136,73,Alto Paraná Atlantic forests,Tropical & Subtropical Moist Broadleaf Forests
136,74,Alto Paraná Atlantic forests,Tropical & Subtropical Moist Broadleaf Forests
136,75,Alto Paraná Atlantic forests,Tropical & Subtropical Moist Broadleaf Forests
136,76,Alto Paraná Atlantic forests,Tropical & Subtropical Moist Broadleaf Forests
137,0,,
137,1,,
137,2,,
137,3,,
137,4,,
137,5,,
137,6,,
137,7,,
137,8,,
137,9,,
137,10,,
137,11,,
137,12,,
137,13,Atacama desert,Deserts & Xeric Shrublands
137,14,Atacama desert,Deserts & Xeric Shrublands
137,15,Atacama desert,Deserts & Xeric Shrublands
137,16,Atacama desert,Deserts & Xeric Shrublands
137,17,Atacama desert,Deserts & Xeric Shrublands
137,18,Central Andean dry puna,Montane Grasslands & Shrublands
137,19,Central Andean dry puna,Montane Grasslands & Shrublands
137,20,Central Andean dry puna,Montane Grasslands & Shrublands
137,21,Central Andean dry puna,Montane Grasslands & Shrublands
137,22,Central Andean dry puna,Montane Grasslands & Shrublands
137,23,Central Andean dry puna,Montane Grasslands & Shrublands
137,24,Central Andean dry puna,Montane Grasslands & Shrublands
137,25,Central Andean puna,Montane Grasslands & Shrublands
137,26,Central Andean puna,Montane Grasslands & Shrublands
137,27,Central Andean puna,Montane Grasslands & Shrublands
137,28,Central Andean puna,Montane Grasslands & Shrublands
137,29,Central Andean puna,Montane Grasslands & Shrublands
137,30,Southern Andean Yungas,Tropical & Subtropical Moist Broadleaf Forests
137,31,Southern Andean Yungas,Tropical & Subtropical Moist Broadleaf Forests
137,32,Dry Chaco,"Tropical & Subtropical Grasslands, Savannas & Shrublands"
137,33,Southern Andean Yungas,Tropical & Subtropical Moist Broadleaf Forests
137,34,Southern Andean Yungas,Tropical & Subtropical Moist Broadleaf Forests
137,35,Dry Chaco,"Tropical & Subtropical Grasslands, Savannas & Shrublands"
137,36,Dry Chaco,"Tropical & Subtropical Grasslands, Savannas & Shrublands"
137,37,Dry Chaco,"Tropical & Subtropical Grasslands, Savannas & Shrublands"
137,38,Dry Chaco,"Tropical & Subtropical Grasslands, Savannas & Shrublands"
137,39,Dry Chaco,"Tropical & Subtropical Grasslands, Savannas & Shrublands"
137,40,Dry Chaco,"Tropical & Subtropical Grasslands, Savannas & Shrublands"
137,41,Dry Chaco,"Tropical & Subtropical Grasslands, Savannas & Shrublands"
137,42,Dry Chaco,"Tropical & Subtropical Grasslands, Savannas & Shrublands"
137,43,Dry Chaco,"Tropical & Subtropical Grasslands, Savannas & Shrublands"
137,44,Dry Chaco,"Tropical & Subtropical Grasslands, Savannas & Shrublands"
137,45,Dry Chaco,"Tropical & Subtropical Grasslands, Savannas & Shrublands"
137,46,Dry Chaco,"Tropical & Subtropical Grasslands, Savannas & Shrublands"
137,47,Dry Chaco,"Tropical & Subtropical Grasslands, Savannas & Shrublands"
137,48,Dry Chaco,"Tropical & Subtropical Grasslands, Savannas & Shrublands"
137,49,Dry Chaco,"Tropical & Subtropical Grasslands, Savannas & Shrublands"
137,50,Humid Chaco,"Tropical & Subtropical Grasslands, Savannas & Shrublands"
137,51,Humid Chaco,"Tropical & Subtropical Grasslands, Savannas & Shrublands"
137,52,Humid Chaco,"Tropical & Subtropical Grasslands, Savannas & Shrublands"
137,53,Humid Chaco,"Tropical & Subtropical Grasslands, Savannas & Shrublands"
137,54,Humid Chaco,"Tropical & Subtropical Grasslands, Savannas & Shrublands"
137,55,Humid Chaco,"Tropical & Subtropical Grasslands, Savannas & Shrublands"
137,56,Humid Chaco,"Tropical & Subtropical Grasslands, Savannas & Shrublands"
137,57,Humid Chaco,"Tropical & Subtropical Grasslands, Savannas & Shrublands"
137,58,Humid Chaco,"Tropical & Subtropical Grasslands, Savannas & Shrublands"
137,59,Humid Chaco,"Tropical & Subtropical Grasslands, Savannas & Shrublands"
137,60,Alto Paraná Atlantic forests,Tropical & Subtropical Moist Broadleaf Forests
137,61,Alto Paraná Atlantic forests,Tropical & Subtropical Moist Broadleaf Forests
137,62,Alto Paraná Atlantic forests,Tropical & Subtropical Moist Broadleaf Forests
137,63,Alto Paraná Atlantic forests,Tropical & Subtropical Moist Broadleaf Forests
137,64,Cerrado,"Tropical & Subtropical Grasslands, Savannas & Shrublands"
137,65,Alto Paraná Atlantic forests,Tropical & Subtropical Moist Broadleaf Forests
137,66,Alto Paraná Atlantic forests,Tropical & Subtropical Moist Broadleaf Forests
137,67,Cerrado,"Tropical & Subtropical Grasslands, Savannas & Shrublands"
137,68,Alto Paraná Atlantic forests,Tropical & Subtropical Moist Broadleaf Forests
137,69,Alto Paraná Atlantic forests,Tropical & Subtropical Moist Broadleaf Forests
137,70,Alto Paraná Atlantic forests,Tropical & Subtropical Moist Broadleaf Forests
137,71,Alto Paraná Atlantic forests,Tropical & Subtropical Moist Broadleaf Forests
137,72,Alto Paraná Atlantic forests,Tropical & Subtropical Moist Broadleaf Forests
137,73,Alto Paraná Atlantic forests,Tropical & Subtropical Moist Broadleaf Forests
137,74,Alto Paraná Atlantic forests,Tropical & Subtropical Moist Broadleaf Forests
137,75,Alto Paraná Atlantic forests,Tropical & Subtropical Moist Broadleaf Forests
137,76,Alto Paraná Atlantic forests,Tropical & Subtropical Moist Broadleaf Forests
138,0,,
138,1,,
138,2,,
138,3,,
138,4,,
138,5,,
138,6,,
138,7,,
138,8,,
138,9,,
138,10,,
138,11,,
138,12,Chilean Matorral,"Mediterranean Forests, Woodlands & Scrub"
138,13,Atacama desert,Deserts & Xeric Shrublands
138,14,Atacama desert,Deserts & Xeric Shrublands
138,15,Atacama desert,Deserts & Xeric Shrublands
138,16,Atacama desert,Deserts & Xeric Shrublands
138,17,Atacama desert,Deserts & Xeric Shrublands
138,18,Central Andean dry puna,Montane Grasslands & Shrublands
138,19,Central Andean dry puna,Montane Grasslands & Shrublands
138,20,Central Andean dry puna,Montane Grasslands & Shrublands
138,21,Central Andean dry puna,Montane Grasslands & Shrublands
138,22,Central Andean dry puna,Montane Grasslands & Shrublands
138,23,Central Andean dry puna,Montane Grasslands & Shrublands
138,24,Central Andean dry puna,Montane Grasslands & Shrublands
138,25,Central Andean puna,Montane Grasslands & Shrublands
138,26,Central Andean puna,Montane Grasslands & Shrublands
138,27,Central Andean puna,Montane Grasslands & Shrublands
138,28,Central Andean puna,Montane Grasslands & Shrublands
138,29,Central Andean puna,Montane Grasslands & Shrublands
138,30,Central Andean puna,Montane Grasslands & Shrublands
138,31,Southern Andean Yungas,Tropical & Subtropical Moist Broadleaf Forests
138,32,Southern Andean Yungas,Tropical & Subtropical Moist Broadleaf Forests
138,33,Dry Chaco,"Tropical & Subtropical Grasslands, Savannas & Shrublands"
138,34,Dry Chaco,"Tropical & Subtropical Grasslands, Savannas & Shrublands"
138,35,Dry Chaco,"Tropical & Subtropical Grasslands, Savannas & Shrublands"
138,36,Dry Chaco,"Tropical & Subtropical Grasslands, Savannas & Shrublands"
138,37,Dry Chaco,"Tropical & Subtropical Grasslands, Savannas & Shrublands"
138,38,Dry Chaco,"Tropical & Subtropical Grasslands, Savannas & Shrublands"
138,39,Dry Chaco,"Tropical & Subtropical Grasslands, Savannas & Shrublands"
138,40,Dry Chaco,"Tropical & Subtropical Grasslands, Savannas & Shrublands"
138,41,Dry Chaco,"Tropical & Subtropical Grasslands, Savannas & Shrublands"
138,42,Dry Chaco,"Tropical & Subtropical Grasslands, Savannas & Shrublands"
138,43,Dry Chaco,"Tropical & Subtropical Grasslands, Savannas & Shrublands"
138,44,Dry Chaco,"Tropical & Subtropical Grasslands, Savannas & Shrublands"
138,45,Dry Chaco,"Tropical & Subtropical Grasslands, Savannas & Shrublands"
138,46,Dry Chaco,"Tropical & Subtropical Grasslands, Savannas & Shrublands"
138,47,Dry Chaco,"Tropical & Subtropical Grasslands, Savannas & Shrublands"
138,48,Dry Chaco,"Tropical & Subtropical Grasslands, Savannas & Shrublands"
138,49,Dry Chaco,"Tropical & Subtropical Grasslands, Savannas & Shrublands"
138,50,Humid Chaco,"Tropical & Subtropical Grasslands, Savannas & Shrublands"
138,51,Humid Chaco,"Tropical & Subtropical Grasslands, Savannas & Shrublands"
138,52,Humid Chaco,"Tropical & Subtropical Grasslands, Savannas & Shrublands"
138,53,Humid Chaco,"Tropical & Subtropical Grasslands, Savannas & Shrublands"
138,54,Humid Chaco,"Tropical & Subtropical Grasslands, Savannas & Shrublands"
138,55,Humid Chaco,"Tropical & Subtropical Grasslands, Savannas & Shrublands"
138,56,Humid Chaco,"Tropical & Subtropical Grasslands, Savannas & Shrublands"
138,57,Humid Chaco,"Tropical & Subtropical Grasslands, Savannas & Shrublands"
138,58,Humid Chaco,"Tropical & Subtropical Grasslands, Savannas & Shrublands"
138,59,Alto Paraná Atlantic forests,Tropical & Subtropical Moist Broadleaf Forests
138,60,Alto Paraná Atlantic forests,Tropical & Subtropical Moist Broadleaf Forests
138,61,Alto Paraná Atlantic forests,Tropical & Subtropical Moist Broadleaf Forests
138,62,Alto Paraná Atlantic forests,Tropical & Subtropical Moist Broadleaf Forests
138,63,Alto Paraná Atlantic forests,Tropical & Subtropical Moist Broadleaf Forests
138,64,Cerrado,"Tropical & Subtropical Grasslands, Savannas & Shrublands"
138,65,Cerrado,"Tropical & Subtropical Grasslands, Savannas & Shrublands"
138,66,Cerrado,"Tropical & Subtropical Grasslands, Savannas & Shrublands"
138,67,Cerrado,"Tropical & Subtropical Grasslands, Savannas & Shrublands"
138,68,Alto Paraná Atlantic forests,Tropical & Subtropical Moist Broadleaf Forests
138,69,Alto Paraná Atlantic forests,Tropical & Subtropical Moist Broadleaf Forests
138,70,Alto Paraná Atlantic forests,Tropical & Subtropical Moist Broadleaf Forests
138,71,Alto Paraná Atlantic forests,Tropical & Subtropical Moist Broadleaf Forests
138,72,Alto Paraná Atlantic forests,Tropical & Subtropical Moist Broadleaf Forests
138,73,Alto Paraná Atlantic forests,Tropical & Subtropical Moist Broadleaf Forests
138,74,Alto Paraná Atlantic forests,Tropical & Subtropical Moist Broadleaf Forests
138,75,Alto Paraná Atlantic forests,Tropical & Subtropical Moist Broadleaf Forests
138,76,Alto Paraná Atlantic forests,Tropical & Subtropical Moist Broadleaf Forests
139,0,,
139,1,,
139,2,,
139,3,,
139,4,,
139,5,,
139,6,,
139,7,,
139,8,,
139,9,,
139,10,,
139,11,,
139,12,Chilean Matorral,"Mediterranean Forests, Woodlands & Scrub"
139,13,Atacama desert,Deserts & Xeric Shrublands
139,14,Atacama desert,Deserts & Xeric Shrublands
139,15,Atacama desert,Deserts & Xeric Shrublands
139,16,Atacama desert,Deserts & Xeric Shrublands
139,17,Atacama desert,Deserts & Xeric Shrublands
139,18,Central Andean dry puna,Montane Grasslands & Shrublands
139,19,Central Andean dry puna,Montane Grasslands & Shrublands
139,20,Central Andean dry puna,Montane Grasslands & Shrublands
139,21,Central Andean dry puna,Montane Grasslands & Shrublands
139,22,Central Andean dry puna,Montane Grasslands & Shrublands
139,23,Central Andean dry puna,Montane Grasslands & Shrublands
139,24,Central Andean dry puna,Montane Grasslands & Shrublands
139,25,Central Andean puna,Montane Grasslands & Shrublands
139,26,Central Andean puna,Montane Grasslands & Shrublands
139,27,Central Andean dry puna,Montane Grasslands & Shrublands
139,28,Central Andean puna,Montane Grasslands & Shrublands
139,29,Central Andean puna,Montane Grasslands & Shrublands
139,30,High Monte,Montane Grasslands & Shrublands
139,31,Central Andean puna,Montane Grasslands & Shrublands
139,32,Southern Andean Yungas,Tropical & Subtropical Moist Broadleaf Forests
139,33,Southern Andean Yungas,Tropical & Subtropical Moist Broadleaf Forests
139,34,Dry Chaco,"Tropical & Subtropical Grasslands, Savannas & Shrublands"
139,35,Dry Chaco,"Tropical & Subtropical Grasslands, Savannas & Shrublands"
139,36,Dry Chaco,"Tropical & Subtropical Grasslands, Savannas & Shrublands"
139,37,Dry Chaco,"Tropical & Subtropical Grasslands, Savannas & Shrublands"
139,38,Dry Chaco,"Tropical & Subtropical Grasslands, Savannas & Shrublands"
139,39,Dry Chaco,"Tropical & Subtropical Grasslands, Savannas & Shrublands"
139,40,Dry Chaco,"Tropical & Subtropical Grasslands, Savannas & Shrublands"
139,41,Dry Chaco,"Tropical & Subtropical Grasslands, Savannas & Shrublands"
139,42,Dry Chaco,"Tropical & Subtropical Grasslands, Savannas & Shrublands"
139,43,Dry Chaco,"Tropical & Subtropical Grasslands, Savannas & Shrublands"
139,44,Dry Chaco,"Tropical & Subtropical Grasslands, Savannas & Shrublands"
139,45,Dry Chaco,"Tropical & Subtropical Grasslands, Savannas & Shrublands"
139,46,Dry Chaco,"Tropical & Subtropical Grasslands, Savannas & Shrublands"
139,47,Dry Chaco,"Tropical & Subtropical Grasslands, Savannas & Shrublands"
139,48,Dry Chaco,"Tropical & Subtropical Grasslands, Savannas & Shrublands"
139,49,Dry Chaco,"Tropical & Subtropical Grasslands, Savannas & Shrublands"
139,50,Humid Chaco,"Tropical & Subtropical Grasslands, Savannas & Shrublands"
139,51,Humid Chaco,"Tropical & Subtropical Grasslands, Savannas & Shrublands"
139,52,Humid Chaco,"Tropical & Subtropical Grasslands, Savannas & Shrublands"
139,53,Humid Chaco,"Tropical & Subtropical Grasslands, Savannas & Shrublands"
139,54,Humid Chaco,"Tropical & Subtropical Grasslands, Savannas & Shrublands"
139,55,Humid Chaco,"Tropical & Subtropical Grasslands, Savannas & Shrublands"
139,56,Humid Chaco,"Tropical & Subtropical Grasslands, Savannas & Shrublands"
139,57,Humid Chaco,"Tropical & Subtropical Grasslands, Savannas & Shrublands"
139,58,Humid Chaco,"Tropical & Subtropical Grasslands, Savannas & Shrublands"
139,59,Humid Chaco,"Tropical & Subtropical Grasslands, Savannas & Shrublands"
139,60,Alto Paraná Atlantic forests,Tropical & Subtropical Moist Broadleaf Forests
139,61,Alto Paraná Atlantic forests,Tropical & Subtropical Moist Broadleaf Forests
139,62,Alto Paraná Atlantic forests,Tropical & Subtropical Moist Broadleaf Forests
139,63,Alto Paraná Atlantic forests,Tropical & Subtropical Moist Broadleaf Forests
139,64,Cerrado,"Tropical & Subtropical Grasslands, Savannas & Shrublands"
139,65,Cerrado,"Tropical & Subtropical Grasslands, Savannas & Shrublands"
139,66,Cerrado,"Tropical & Subtropical Grasslands, Savannas & Shrublands"
139,67,Alto Paraná Atlantic forests,Tropical & Subtropical Moist Broadleaf Forests
139,68,Alto Paraná Atlantic forests,Tropical & Subtropical Moist Broadleaf Forests
139,69,Alto Paraná Atlantic forests,Tropical & Subtropical Moist Broadleaf Forests
139,70,Alto Paraná Atlantic forests,Tropical & Subtropical Moist Broadleaf Forests
139,71,Alto Paraná Atlantic forests,Tropical & Subtropical Moist Broadleaf Forests
139,72,Alto Paraná Atlantic forests,Tropical & Subtropical Moist Broadleaf Forests
139,73,Alto Paraná Atlantic forests,Tropical & Subtropical Moist Broadleaf Forests
139,74,Alto Paraná Atlantic forests,Tropical & Subtropical Moist Broadleaf Forests
139,75,Alto Paraná Atlantic forests,Tropical & Subtropical Moist Broadleaf Forests
139,76,Alto Paraná Atlantic forests,Tropical & Subtropical Moist Broadleaf Forests
140,0,,
140,1,,
140,2,,
140,3,,
140,4,,
140,5,,
140,6,,
140,7,,
140,8,,
140,9,,
140,10,,
140,11,,
140,12,,
140,13,Atacama desert,Deserts & Xeric Shrublands
140,14,Atacama desert,Deserts & Xeric Shrublands
140,15,Atacama desert,Deserts & Xeric Shrublands
140,16,Atacama desert,Deserts & Xeric Shrublands
140,17,Atacama desert,Deserts & Xeric Shrublands
140,18,Central Andean dry puna,Montane Grasslands & Shrublands
140,19,Central Andean dry puna,Montane Grasslands & Shrublands
140,20,Central Andean dry puna,Montane Grasslands & Shrublands
140,21,Central Andean dry puna,Montane Grasslands & Shrublands
140,22,Central Andean dry puna,Montane Grasslands & Shrublands
140,23,Central Andean dry puna,Montane Grasslands & Shrublands
140,24,Central Andean dry puna,Montane Grasslands & Shrublands
140,25,Central Andean dry puna,Montane Grasslands & Shrublands
140,26,Central Andean puna,Montane Grasslands & Shrublands
140,27,Central Andean dry puna,Montane Grasslands & Shrublands
140,28,Central Andean puna,Montane Grasslands & Shrublands
140,29,Central Andean puna,Montane Grasslands & Shrublands
140,30,Central Andean puna,Montane Grasslands & Shrublands
140,31,Central Andean puna,Montane Grasslands & Shrublands
140,32,Southern Andean Yungas,Tropical & Subtropical Moist Broadleaf Forests
140,33,Southern Andean Yungas,Tropical & Subtropical Moist Broadleaf Forests
140,34,Southern Andean Yungas,Tropical & Subtropical Moist Broadleaf Forests
140,35,Dry Chaco,"Tropical & Subtropical Grasslands, Savannas & Shrublands"
140,36,Dry Chaco,"Tropical & Subtropical Grasslands, Savannas & Shrublands"
140,37,Dry Chaco,"Tropical & Subtropical Grasslands, Savannas & Shrublands"
140,38,Dry Chaco,"Tropical & Subtropical Grasslands, Savannas & Shrublands"
140,39,Dry Chaco,"Tropical & Subtropical Grasslands, Savannas & Shrublands"
140,40,Dry Chaco,"Tropical & Subtropical Grasslands, Savannas & Shrublands"
140,41,Dry Chaco,"Tropical & Subtropical Grasslands, Savannas & Shrublands"
140,42,Dry Chaco,"Tropical & Subtropical Grasslands, Savannas & Shrublands"
140,43,Dry Chaco,"Tropical & Subtropical Grasslands, Savannas & Shrublands"
140,44,Dry Chaco,"Tropical & Subtropical Grasslands, Savannas & Shrublands"
140,45,Dry Chaco,"Tropical & Subtropical Grasslands, Savannas & Shrublands"
140,46,Dry Chaco,"Tropical & Subtropical Grasslands, Savannas & Shrublands"
140,47,Dry Chaco,"Tropical & Subtropical Grasslands, Savannas & Shrublands"
140,48,Dry Chaco,"Tropical & Subtropical Grasslands, Savannas & Shrublands"
140,49,Dry Chaco,"Tropical & Subtropical Grasslands, Savannas & Shrublands"
140,50,Humid Chaco,"Tropical & Subtropical Grasslands, Savannas & Shrublands"
140,51,Humid Chaco,"Tropical & Subtropical Grasslands, Savannas & Shrublands"
140,52,Humid Chaco,"Tropical & Subtropical Grasslands, Savannas & Shrublands"
140,53,Humid Chaco,"Tropical & Subtropical Grasslands, Savannas & Shrublands"
140,54,Humid Chaco,"Tropical & Subtropical Grasslands, Savannas & Shrublands"
140,55,Humid Chaco,"Tropical & Subtropical Grasslands, Savannas & Shrublands"
140,56,Humid Chaco,"Tropical & Subtropical Grasslands, Savannas & Shrublands"
140,57,Humid Chaco,"Tropical & Subtropical Grasslands, Savannas & Shrublands"
140,58,Humid Chaco,"Tropical & Subtropical Grasslands, Savannas & Shrublands"
140,59,Humid Chaco,"Tropical & Subtropical Grasslands, Savannas & Shrublands"
140,60,Humid Chaco,"Tropical & Subtropical Grasslands, Savannas & Shrublands"
140,61,Alto Paraná Atlantic forests,Tropical & Subtropical Moist Broadleaf Forests
140,62,Alto Paraná Atlantic forests,Tropical & Subtropical Moist Broadleaf Forests
140,63,Alto Paraná Atlantic forests,Tropical & Subtropical Moist Broadleaf Forests
140,64,Alto Paraná Atlantic forests,Tropical & Subtropical Moist Broadleaf Forests
140,65,Cerrado,"Tropical & Subtropical Grasslands, Savannas & Shrublands"
140,66,Alto Paraná Atlantic forests,Tropical & Subtropical Moist Broadleaf Forests
140,67,Alto Paraná Atlantic forests,Tropical & Subtropical Moist Broadleaf Forests
140,68,Cerrado,"Tropical & Subtropical Grasslands, Savannas & Shrublands"
140,69,Alto Paraná Atlantic forests,Tropical & Subtropical Moist Broadleaf Forests
140,70,Alto Paraná Atlantic forests,Tropical & Subtropical Moist Broadleaf Forests
140,71,Alto Paraná Atlantic forests,Tropical & Subtropical Moist Broadleaf Forests
140,72,Alto Paraná Atlantic forests,Tropical & Subtropical Moist Broadleaf Forests
140,73,Alto Paraná Atlantic forests,Tropical & Subtropical Moist Broadleaf Forests
140,74,Alto Paraná Atlantic forests,Tropical & Subtropical Moist Broadleaf Forests
140,75,Alto Paraná Atlantic forests,Tropical & Subtropical Moist Broadleaf Forests
140,76,Alto Paraná Atlantic forests,Tropical & Subtropical Moist Broadleaf Forests
141,0,,
141,1,,
141,2,,
141,3,,
141,4,,
141,5,,
141,6,,
141,7,,
141,8,,
141,9,,
141,10,,
141,11,,
141,12,,
141,13,Atacama desert,Deserts & Xeric Shrublands
141,14,Atacama desert,Deserts & Xeric Shrublands
141,15,Atacama desert,Deserts & Xeric Shrublands
141,16,Atacama desert,Deserts & Xeric Shrublands
141,17,Atacama desert,Deserts & Xeric Shrublands
141,18,Atacama desert,Deserts & Xeric Shrublands
141,19,Central Andean dry puna,Montane Grasslands & Shrublands
141,20,Central Andean dry puna,Montane Grasslands & Shrublands
141,21,Central Andean dry puna,Montane Grasslands & Shrublands
141,22,Central Andean dry puna,Montane Grasslands & Shrublands
141,23,Central Andean dry puna,Montane Grasslands & Shrublands
141,24,Central Andean dry puna,Montane Grasslands & Shrublands
141,25,Central Andean dry puna,Montane Grasslands & Shrublands
141,26,Central Andean puna,Montane Grasslands & Shrublands
141,27,Central Andean dry puna,Montane Grasslands & Shrublands
141,28,Central Andean puna,Montane Grasslands & Shrublands
141,29,Central Andean puna,Montane Grasslands & Shrublands
141,30,Central Andean dry puna,Montane Grasslands & Shrublands
141,31,Central Andean puna,Montane Grasslands & Shrublands
141,32,Southern Andean Yungas,Tropical & Subtropical Moist Broadleaf Forests
141,33,Southern Andean Yungas,Tropical & Subtropical Moist Broadleaf Forests
141,34,Southern Andean Yungas,Tropical & Subtropical Moist Broadleaf Forests
141,35,Dry Chaco,"Tropical & Subtropical Grasslands, Savannas & Shrublands"
141,36,Dry Chaco,"Tropical & Subtropical Grasslands, Savannas & Shrublands"
141,37,Dry Chaco,"Tropical & Subtropical Grasslands, Savannas & Shrublands"
141,38,Dry Chaco,"Tropical & Subtropical Grasslands, Savannas & Shrublands"
141,39,Dry Chaco,"Tropical & Subtropical Grasslands, Savannas & Shrublands"
141,40,Dry Chaco,"Tropical & Subtropical Grasslands, Savannas & Shrublands"
141,41,Dry Chaco,"Tropical & Subtropical Grasslands, Savannas & Shrublands"
141,42,Dry Chaco,"Tropical & Subtropical Grasslands, Savannas & Shrublands"
141,43,Dry Chaco,"Tropical & Subtropical Grasslands, Savannas & Shrublands"
141,44,Dry Chaco,"Tropical & Subtropical Grasslands, Savannas & Shrublands"
141,45,Dry Chaco,"Tropical & Subtropical Grasslands, Savannas & Shrublands"
141,46,Dry Chaco,"Tropical & Subtropical Grasslands, Savannas & Shrublands"
141,47,Dry Chaco,"Tropical & Subtropical Grasslands, Savannas & Shrublands"
141,48,Dry Chaco,"Tropical & Subtropical Grasslands, Savannas & Shrublands"
141,49,Dry Chaco,"Tropical & Subtropical Grasslands, Savannas & Shrublands"
141,50,Humid Chaco,"Tropical & Subtropical Grasslands, Savannas & Shrublands"
141,51,Humid Chaco,"Tropical & Subtropical Grasslands, Savannas & Shrublands"
141,52,Dry Chaco,"Tropical & Subtropical Grasslands, Savannas & Shrublands"
141,53,Dry Chaco,"Tropical & Subtropical Grasslands, Savannas & Shrublands"
141,54,Humid Chaco,"Tropical & Subtropical Grasslands, Savannas & Shrublands"
141,55,Humid Chaco,"Tropical & Subtropical Grasslands, Savannas & Shrublands"
141,56,Humid Chaco,"Tropical & Subtropical Grasslands, Savannas & Shrublands"
141,57,Humid Chaco,"Tropical & Subtropical Grasslands, Savannas & Shrublands"
141,58,Cerrado,"Tropical & Subtropical Grasslands, Savannas & Shrublands"
141,59,Humid Chaco,"Tropical & Subtropical Grasslands, Savannas & Shrublands"
141,60,Humid Chaco,"Tropical & Subtropical Grasslands, Savannas & Shrublands"
141,61,Humid Chaco,"Tropical & Subtropical Grasslands, Savannas & Shrublands"
141,62,Cerrado,"Tropical & Subtropical Grasslands, Savannas & Shrublands"
141,63,Alto Paraná Atlantic forests,Tropical & Subtropical Moist Broadleaf Forests
141,64,Alto Paraná Atlantic forests,Tropical & Subtropical Moist Broadleaf Forests
141,65,Alto Paraná Atlantic forests,Tropical & Subtropical Moist Broadleaf Forests
141,66,Cerrado,"Tropical & Subtropical Grasslands, Savannas & Shrublands"
141,67,Alto Paraná Atlantic forests,Tropical & Subtropical Moist Broadleaf Forests
141,68,Alto Paraná Atlantic forests,Tropical & Subtropical Moist Broadleaf Forests
141,69,Alto Paraná Atlantic forests,Tropical & Subtropical Moist Broadleaf Forests
141,70,Alto Paraná Atlantic forests,Tropical & Subtropical Moist Broadleaf Forests
141,71,Alto Paraná Atlantic forests,Tropical & Subtropical Moist Broadleaf Forests
141,72,Alto Paraná Atlantic forests,Tropical & Subtropical Moist Broadleaf Forests
141,73,Alto Paraná Atlantic forests,Tropical & Subtropical Moist Broadleaf Forests
141,74,Alto Paraná Atlantic forests,Tropical & Subtropical Moist Broadleaf Forests
141,75,Alto Paraná Atlantic forests,Tropical & Subtropical Moist Broadleaf Forests
141,76,Alto Paraná Atlantic forests,Tropical & Subtropical Moist Broadleaf Forests
142,0,,
142,1,,
142,2,,
142,3,,
142,4,,
142,5,,
142,6,,
142,7,,
142,8,,
142,9,,
142,10,,
142,11,,
142,12,,
142,13,Atacama desert,Deserts & Xeric Shrublands
142,14,Atacama desert,Deserts & Xeric Shrublands
142,15,Atacama desert,Deserts & Xeric Shrublands
142,16,Atacama desert,Deserts & Xeric Shrublands
142,17,Atacama desert,Deserts & Xeric Shrublands
142,18,Atacama desert,Deserts & Xeric Shrublands
142,19,Central Andean dry puna,Montane Grasslands & Shrublands
142,20,Central Andean dry puna,Montane Grasslands & Shrublands
142,21,Central Andean dry puna,Montane Grasslands & Shrublands
142,22,Central Andean dry puna,Montane Grasslands & Shrublands
142,23,Central Andean dry puna,Montane Grasslands & Shrublands
142,24,Central Andean dry puna,Montane Grasslands & Shrublands
142,25,Central Andean dry puna,Montane Grasslands & Shrublands
142,26,Central Andean puna,Montane Grasslands & Shrublands
142,27,Central Andean puna,Montane Grasslands & Shrublands
142,28,Central Andean puna,Montane Grasslands & Shrublands
142,29,Central Andean puna,Montane Grasslands & Shrublands
142,30,Central Andean dry puna,Montane Grasslands & Shrublands
142,31,Southern Andean Yungas,Tropical & Subtropical Moist Broadleaf Forests
142,32,Southern Andean Yungas,Tropical & Subtropical Moist Broadleaf Forests
142,33,Southern Andean Yungas,Tropical & Subtropical Moist Broadleaf Forests
142,34,Southern Andean Yungas,Tropical & Subtropical Moist Broadleaf Forests
142,35,Southern Andean Yungas,Tropical & Subtropical Moist Broadleaf Forests
142,36,Dry Chaco,"Tropical & Subtropical Grasslands, Savannas & Shrublands"
142,37,Dry Chaco,"Tropical & Subtropical Grasslands, Savannas & Shrublands"
142,38,Dry Chaco,"Tropical & Subtropical Grasslands, Savannas & Shrublands"
142,39,Dry Chaco,"Tropical & Subtropical Grasslands, Savannas & Shrublands"
142,40,Dry Chaco,"Tropical & Subtropical Grasslands, Savannas & Shrublands"
142,41,Dry Chaco,"Tropical & Subtropical Grasslands, Savannas & Shrublands"
142,42,Dry Chaco,"Tropical & Subtropical Grasslands, Savannas & Shrublands"
142,43,Dry Chaco,"Tropical & Subtropical Grasslands, Savannas & Shrublands"
142,44,Dry Chaco,"Tropical & Subtropical Grasslands, Savannas & Shrublands"
142,45,Dry Chaco,"Tropical & Subtropical Grasslands, Savannas & Shrublands"
142,46,Dry Chaco,"Tropical & Subtropical Grasslands, Savannas & Shrublands"
142,47,Dry Chaco,"Tropical & Subtropical Grasslands, Savannas & Shrublands"
142,48,Dry Chaco,"Tropical & Subtropical Grasslands, Savannas & Shrublands"
142,49,Dry Chaco,"Tropical & Subtropical Grasslands, Savannas & Shrublands"
142,50,Humid Chaco,"Tropical & Subtropical Grasslands, Savannas & Shrublands"
142,51,Humid Chaco,"Tropical & Subtropical Grasslands, Savannas & Shrublands"
142,52,Dry Chaco,"Tropical & Subtropical Grasslands, Savannas & Shrublands"
142,53,Dry Chaco,"Tropical & Subtropical Grasslands, Savannas & Shrublands"
142,54,Dry Chaco,"Tropical & Subtropical Grasslands, Savannas & Shrublands"
142,55,Humid Chaco,"Tropical & Subtropical Grasslands, Savannas & Shrublands"
142,56,Humid Chaco,"Tropical & Subtropical Grasslands, Savannas & Shrublands"
142,57,Humid Chaco,"Tropical & Subtropical Grasslands, Savannas & Shrublands"
142,58,Cerrado,"Tropical & Subtropical Grasslands, Savannas & Shrublands"
142,59,Cerrado,"Tropical & Subtropical Grasslands, Savannas & Shrublands"
142,60,Humid Chaco,"Tropical & Subtropical Grasslands, Savannas & Shrublands"
142,61,Humid Chaco,"Tropical & Subtropical Grasslands, Savannas & Shrublands"
142,62,Cerrado,"Tropical & Subtropical Grasslands, Savannas & Shrublands"
142,63,Alto Paraná Atlantic forests,Tropical & Subtropical Moist Broadleaf Forests
142,64,Cerrado,"Tropical & Subtropical Grasslands, Savannas & Shrublands"
142,65,Cerrado,"Tropical & Subtropical Grasslands, Savannas & Shrublands"
142,66,Cerrado,"Tropical & Subtropical Grasslands, Savannas & Shrublands"
142,67,Cerrado,"Tropical & Subtropical Grasslands, Savannas & Shrublands"
142,68,Cerrado,"Tropical & Subtropical Grasslands, Savannas & Shrublands"
142,69,Alto Paraná Atlantic forests,Tropical & Subtropical Moist Broadleaf Forests
142,70,Alto Paraná Atlantic forests,Tropical & Subtropical Moist Broadleaf Forests
142,71,Alto Paraná Atlantic forests,Tropical & Subtropical Moist Broadleaf Forests
142,72,Alto Paraná Atlantic forests,Tropical & Subtropical Moist Broadleaf Forests
142,73,Cerrado,"Tropical & Subtropical Grasslands, Savannas & Shrublands"
142,74,Cerrado,"Tropical & Subtropical Grasslands, Savannas & Shrublands"
142,75,Alto Paraná Atlantic forests,Tropical & Subtropical Moist Broadleaf Forests
142,76,Alto Paraná Atlantic forests,Tropical & Subtropical Moist Broadleaf Forests
143,0,,
143,1,,
143,2,,
143,3,,
143,4,,
143,5,,
143,6,,
143,7,,
143,8,,
143,9,,
143,10,,
143,11,,
143,12,,
143,13,Atacama desert,Deserts & Xeric Shrublands
143,14,Atacama desert,Deserts & Xeric Shrublands
143,15,Atacama desert,Deserts & Xeric Shrublands
143,16,Atacama desert,Deserts & Xeric Shrublands
143,17,Atacama desert,Deserts & Xeric Shrublands
143,18,Atacama desert,Deserts & Xeric Shrublands
143,19,Central Andean dry puna,Montane Grasslands & Shrublands
143,20,Central Andean dry puna,Montane Grasslands & Shrublands
143,21,Central Andean dry puna,Montane Grasslands & Shrublands
143,22,Central Andean dry puna,Montane Grasslands & Shrublands
143,23,Central Andean dry puna,Montane Grasslands & Shrublands
143,24,Central Andean dry puna,Montane Grasslands & Shrublands
143,25,Central Andean dry puna,Montane Grasslands & Shrublands
143,26,Central Andean puna,Montane Grasslands & Shrublands
143,27,Central Andean puna,Montane Grasslands & Shrublands
143,28,Central Andean puna,Montane Grasslands & Shrublands
143,29,Central Andean puna,Montane Grasslands & Shrublands
143,30,Central Andean dry puna,Montane Grasslands & Shrublands
143,31,Central Andean puna,Montane Grasslands & Shrublands
143,32,Southern Andean Yungas,Tropical & Subtropical Moist Broadleaf Forests
143,33,Southern Andean Yungas,Tropical & Subtropical Moist Broadleaf Forests
143,34,Southern Andean Yungas,Tropical & Subtropical Moist Broadleaf Forests
143,35,Southern Andean Yungas,Tropical & Subtropical Moist Broadleaf Forests
143,36,Dry Chaco,"Tropical & Subtropical Grasslands, Savannas & Shrublands"
143,37,Dry Chaco,"Tropical & Subtropical Grasslands, Savannas & Shrublands"
143,38,Dry Chaco,"Tropical & Subtropical Grasslands, Savannas & Shrublands"
143,39,Dry Chaco,"Tropical & Subtropical Grasslands, Savannas & Shrublands"
143,40,Dry Chaco,"Tropical & Subtropical Grasslands, Savannas & Shrublands"
143,41,Dry Chaco,"Tropical & Subtropical Grasslands, Savannas & Shrublands"
143,42,Dry Chaco,"Tropical & Subtropical Grasslands, Savannas & Shrublands"
143,43,Dry Chaco,"Tropical & Subtropical Grasslands, Savannas & Shrublands"
143,44,Dry Chaco,"Tropical & Subtropical Grasslands, Savannas & Shrublands"
143,45,Dry Chaco,"Tropical & Subtropical Grasslands, Savannas & Shrublands"
143,46,Dry Chaco,"Tropical & Subtropical Grasslands, Savannas & Shrublands"
143,47,Dry Chaco,"Tropical & Subtropical Grasslands, Savannas & Shrublands"
143,48,Dry Chaco,"Tropical & Subtropical Grasslands, Savannas & Shrublands"
143,49,Dry Chaco,"Tropical & Subtropical Grasslands, Savannas & Shrublands"
143,50,Dry Chaco,"Tropical & Subtropical Grasslands, Savannas & Shrublands"
143,51,Dry Chaco,"Tropical & Subtropical Grasslands, Savannas & Shrublands"
143,52,Dry Chaco,"Tropical & Subtropical Grasslands, Savannas & Shrublands"
143,53,Dry Chaco,"Tropical & Subtropical Grasslands, Savannas & Shrublands"
143,54,Dry Chaco,"Tropical & Subtropical Grasslands, Savannas & Shrublands"
143,55,Dry Chaco,"Tropical & Subtropical Grasslands, Savannas & Shrublands"
143,56,Humid Chaco,"Tropical & Subtropical Grasslands, Savannas & Shrublands"
143,57,Cerrado,"Tropical & Subtropical Grasslands, Savannas & Shrublands"
143,58,Cerrado,"Tropical & Subtropical Grasslands, Savannas & Shrublands"
143,59,Cerrado,"Tropical & Subtropical Grasslands, Savannas & Shrublands"
143,60,Cerrado,"Tropical & Subtropical Grasslands, Savannas & Shrublands"
143,61,Cerrado,"Tropical & Subtropical Grasslands, Savannas & Shrublands"
143,62,Cerrado,"Tropical & Subtropical Grasslands, Savannas & Shrublands"
143,63,Cerrado,"Tropical & Subtropical Grasslands, Savannas & Shrublands"
143,64,Cerrado,"Tropical & Subtropical Grasslands, Savannas & Shrublands"
143,65,Cerrado,"Tropical & Subtropical Grasslands, Savannas & Shrublands"
143,66,Cerrado,"Tropical & Subtropical Grasslands, Savannas & Shrublands"
143,67,Alto Paraná Atlantic forests,Tropical & Subtropical Moist Broadleaf Forests
143,68,Alto Paraná Atlantic forests,Tropical & Subtropical Moist Broadleaf Forests
143,69,Alto Paraná Atlantic forests,Tropical & Subtropical Moist Broadleaf Forests
143,70,Alto Paraná Atlantic forests,Tropical & Subtropical Moist Broadleaf Forests
143,71,Cerrado,"Tropical & Subtropical Grasslands, Savannas & Shrublands"
143,72,Cerrado,"Tropical & Subtropical Grasslands, Savannas & Shrublands"
143,73,Cerrado,"Tropical & Subtropical Grasslands, Savannas & Shrublands"
143,74,Cerrado,"Tropical & Subtropical Grasslands, Savannas & Shrublands"
143,75,Cerrado,"Tropical & Subtropical Grasslands, Savannas & Shrublands"
143,76,Cerrado,"Tropical & Subtropical Grasslands, Savannas & Shrublands"
144,0,,
144,1,,
144,2,,
144,3,,
144,4,,
144,5,,
144,6,,
144,7,,
144,8,,
144,9,,
144,10,,
144,11,,
144,12,,
144,13,Atacama desert,Deserts & Xeric Shrublands
144,14,Atacama desert,Deserts & Xeric Shrublands
144,15,Atacama desert,Deserts & Xeric Shrublands
144,16,Atacama desert,Deserts & Xeric Shrublands
144,17,Central Andean dry puna,Montane Grasslands & Shrublands
144,18,Central Andean dry puna,Montane Grasslands & Shrublands
144,19,Central Andean dry puna,Montane Grasslands & Shrublands
144,20,Central Andean dry puna,Montane Grasslands & Shrublands
144,21,Central Andean dry puna,Montane Grasslands & Shrublands
144,22,Central Andean dry puna,Montane Grasslands & Shrublands
144,23,Central Andean dry puna,Montane Grasslands & Shrublands
144,24,Central Andean dry puna,Montane Grasslands & Shrublands
144,25,Central Andean dry puna,Montane Grasslands & Shrublands
144,26,Central Andean puna,Montane Grasslands & Shrublands
144,27,Central Andean puna,Montane Grasslands & Shrublands
144,28,Central Andean puna,Montane Grasslands & Shrublands
144,29,Central Andean puna,Montane Grasslands & Shrublands
144,30,Central Andean dry puna,Montane Grasslands & Shrublands
144,31,Central Andean puna,Montane Grasslands & Shrublands
144,32,Central Andean puna,Montane Grasslands & Shrublands
144,33,Southern Andean Yungas,Tropical & Subtropical Moist Broadleaf Forests
144,34,Southern Andean Yungas,Tropical & Subtropical Moist Broadleaf Forests
144,35,Southern Andean Yungas,Tropical & Subtropical Moist Broadleaf Forests
144,36,Dry Chaco,"Tropical & Subtropical Grasslands, Savannas & Shrublands"
144,37,Dry Chaco,"Tropical & Subtropical Grasslands, Savannas & Shrublands"
144,38,Dry Chaco,"Tropical & Subtropical Grasslands, Savannas & Shrublands"
144,39,Dry Chaco,"Tropical & Subtropical Grasslands, Savannas & Shrublands"
144,40,Dry Chaco,"Tropical & Subtropical Grasslands, Savannas & Shrublands"
144,41,Dry Chaco,"Tropical & Subtropical Grasslands, Savannas & Shrublands"
144,42,Dry Chaco,"Tropical & Subtropical Grasslands, Savannas & Shrublands"
144,43,Dry Chaco,"Tropical & Subtropical Grasslands, Savannas & Shrublands"
144,44,Dry Chaco,"Tropical & Subtropical Grasslands, Savannas & Shrublands"
144,45,Dry Chaco,"Tropical & Subtropical Grasslands, Savannas & Shrublands"
144,46,Dry Chaco,"Tropical & Subtropical Grasslands, Savannas & Shrublands"
144,47,Dry Chaco,"Tropical & Subtropical Grasslands, Savannas & Shrublands"
144,48,Dry Chaco,"Tropical & Subtropical Grasslands, Savannas & Shrublands"
144,49,Dry Chaco,"Tropical & Subtropical Grasslands, Savannas & Shrublands"
144,50,Dry Chaco,"Tropical & Subtropical Grasslands, Savannas & Shrublands"
144,51,Dry Chaco,"Tropical & Subtropical Grasslands, Savannas & Shrublands"
144,52,Dry Chaco,"Tropical & Subtropical Grasslands, Savannas & Shrublands"
144,53,Dry Chaco,"Tropical & Subtropical Grasslands, Savannas & Shrublands"
144,54,Humid Chaco,"Tropical & Subtropical Grasslands, Savannas & Shrublands"
144,55,Humid Chaco,"Tropical & Subtropical Grasslands, Savannas & Shrublands"
144,56,Humid Chaco,"Tropical & Subtropical Grasslands, Savannas & Shrublands"
144,57,Cerrado,"Tropical & Subtropical Grasslands, Savannas & Shrublands"
144,58,Cerrado,"Tropical & Subtropical Grasslands, Savannas & Shrublands"
144,59,Cerrado,"Tropical & Subtropical Grasslands, Savannas & Shrublands"
144,60,Cerrado,"Tropical & Subtropical Grasslands, Savannas & Shrublands"
144,61,Cerrado,"Tropical & Subtropical Grasslands, Savannas & Shrublands"
144,62,Cerrado,"Tropical & Subtropical Grasslands, Savannas & Shrublands"
144,63,Cerrado,"Tropical & Subtropical Grasslands, Savannas & Shrublands"
144,64,Cerrado,"Tropical & Subtropical Grasslands, Savannas & Shrublands"
144,65,Cerrado,"Tropical & Subtropical Grasslands, Savannas & Shrublands"
144,66,Cerrado,"Tropical & Subtropical Grasslands, Savannas & Shrublands"
144,67,Cerrado,"Tropical & Subtropical Grasslands, Savannas & Shrublands"
144,68,Cerrado,"Tropical & Subtropical Grasslands, Savannas & Shrublands"
144,69,Alto Paraná Atlantic forests,Tropical & Subtropical Moist Broadleaf Forests
144,70,Cerrado,"Tropical & Subtropical Grasslands, Savannas & Shrublands"
144,71,Cerrado,"Tropical & Subtropical Grasslands, Savannas & Shrublands"
144,72,Cerrado,"Tropical & Subtropical Grasslands, Savannas & Shrublands"
144,73,Cerrado,"Tropical & Subtropical Grasslands, Savannas & Shrublands"
144,74,Cerrado,"Tropical & Subtropical Grasslands, Savannas & Shrublands"
144,75,Cerrado,"Tropical & Subtropical Grasslands, Savannas & Shrublands"
144,76,Cerrado,"Tropical & Subtropical Grasslands, Savannas & Shrublands"
145,0,,
145,1,,
145,2,,
145,3,,
145,4,,
145,5,,
145,6,,
145,7,,
145,8,,
145,9,,
145,10,,
145,11,,
145,12,,
145,13,Atacama desert,Deserts & Xeric Shrublands
145,14,Atacama desert,Deserts & Xeric Shrublands
145,15,Atacama desert,Deserts & Xeric Shrublands
145,16,Atacama desert,Deserts & Xeric Shrublands
145,17,Central Andean dry puna,Montane Grasslands & Shrublands
145,18,Central Andean dry puna,Montane Grasslands & Shrublands
145,19,Central Andean dry puna,Montane Grasslands & Shrublands
145,20,Central Andean dry puna,Montane Grasslands & Shrublands
145,21,Central Andean dry puna,Montane Grasslands & Shrublands
145,22,Central Andean dry puna,Montane Grasslands & Shrublands
145,23,Central Andean dry puna,Montane Grasslands & Shrublands
145,24,Central Andean dry puna,Montane Grasslands & Shrublands
145,25,Central Andean dry puna,Montane Grasslands & Shrublands
145,26,Central Andean puna,Montane Grasslands & Shrublands
145,27,Central Andean puna,Montane Grasslands & Shrublands
145,28,Central Andean puna,Montane Grasslands & Shrublands
145,29,Central Andean puna,Montane Grasslands & Shrublands
145,30,Bolivian montane dry forests,Tropical & Subtropical Dry Broadleaf Forests
145,31,Central Andean puna,Montane Grasslands & Shrublands
145,32,Central Andean puna,Montane Grasslands & Shrublands
145,33,Central Andean puna,Montane Grasslands & Shrublands
145,34,Southern Andean Yungas,Tropical & Subtropical Moist Broadleaf Forests
145,35,Southern Andean Yungas,Tropical & Subtropical Moist Broadleaf Forests
145,36,Dry Chaco,"Tropical & Subtropical Grasslands, Savannas & Shrublands"
145,37,Dry Chaco,"Tropical & Subtropical Grasslands, Savannas & Shrublands"
145,38,Dry Chaco,"Tropical & Subtropical Grasslands, Savannas & Shrublands"
145,39,Dry Chaco,"Tropical & Subtropical Grasslands, Savannas & Shrublands"
145,40,Dry Chaco,"Tropical & Subtropical Grasslands, Savannas & Shrublands"
145,41,Dry Chaco,"Tropical & Subtropical Grasslands, Savannas & Shrublands"
145,42,Dry Chaco,"Tropical & Subtropical Grasslands, Savannas & Shrublands"
145,43,Dry Chaco,"Tropical & Subtropical Grasslands, Savannas & Shrublands"
145,44,Dry Chaco,"Tropical & Subtropical Grasslands, Savannas & Shrublands"
145,45,Dry Chaco,"Tropical & Subtropical Grasslands, Savannas & Shrublands"
145,46,Dry Chaco,"Tropical & Subtropical Grasslands, Savannas & Shrublands"
145,47,Dry Chaco,"Tropical & Subtropical Grasslands, Savannas & Shrublands"
145,48,Dry Chaco,"Tropical & Subtropical Grasslands, Savannas & Shrublands"
145,49,Dry Chaco,"Tropical & Subtropical Grasslands, Savannas & Shrublands"
145,50,Dry Chaco,"Tropical & Subtropical Grasslands, Savannas & Shrublands"
145,51,Dry Chaco,"Tropical & Subtropical Grasslands, Savannas & Shrublands"
145,52,Dry Chaco,"Tropical & Subtropical Grasslands, Savannas & Shrublands"
145,53,Dry Chaco,"Tropical & Subtropical Grasslands, Savannas & Shrublands"
145,54,Dry Chaco,"Tropical & Subtropical Grasslands, Savannas & Shrublands"
145,55,Humid Chaco,"Tropical & Subtropical Grasslands, Savannas & Shrublands"
145,56,Humid Chaco,"Tropical & Subtropical Grasslands, Savannas & Shrublands"
145,57,Cerrado,"Tropical & Subtropical Grasslands, Savannas & Shrublands"
145,58,Cerrado,"Tropical & Subtropical Grasslands, Savannas & Shrublands"
145,59,Cerrado,"Tropical & Subtropical Grasslands, Savannas & Shrublands"
145,60,Cerrado,"Tropical & Subtropical Grasslands, Savannas & Shrublands"
145,61,Cerrado,"Tropical & Subtropical Grasslands, Savannas & Shrublands"
145,62,Cerrado,"Tropical & Subtropical Grasslands, Savannas & Shrublands"
145,63,Cerrado,"Tropical & Subtropical Grasslands, Savannas & Shrublands"
145,64,Cerrado,"Tropical & Subtropical Grasslands, Savannas & Shrublands"
145,65,Cerrado,"Tropical & Subtropical Grasslands, Savannas & Shrublands"
145,66,Cerrado,"Tropical & Subtropical Grasslands, Savannas & Shrublands"
145,67,Cerrado,"Tropical & Subtropical Grasslands, Savannas & Shrublands"
145,68,Cerrado,"Tropical & Subtropical Grasslands, Savannas & Shrublands"
145,69,Cerrado,"Tropical & Subtropical Grasslands, Savannas & Shrublands"
145,70,Cerrado,"Tropical & Subtropical Grasslands, Savannas & Shrublands"
145,71,Cerrado,"Tropical & Subtropical Grasslands, Savannas & Shrublands"
145,72,Cerrado,"Tropical & Subtropical Grasslands, Savannas & Shrublands"
145,73,Cerrado,"Tropical & Subtropical Grasslands, Savannas & Shrublands"
145,74,Cerrado,"Tropical & Subtropical Grasslands, Savannas & Shrublands"
145,75,Cerrado,"Tropical & Subtropical Grasslands, Savannas & Shrublands"
145,76,Cerrado,"Tropical & Subtropical Grasslands, Savannas & Shrublands"
146,0,,
146,1,,
146,2,,
146,3,,
146,4,,
146,5,,
146,6,,
146,7,,
146,8,,
146,9,,
146,10,,
146,11,,
146,12,,
146,13,Atacama desert,Deserts & Xeric Shrublands
146,14,Atacama desert,Deserts & Xeric Shrublands
146,15,Atacama desert,Deserts & Xeric Shrublands
146,16,Atacama desert,Deserts & Xeric Shrublands
146,17,Central Andean dry puna,Montane Grasslands & Shrublands
146,18,Central Andean dry puna,Montane Grasslands & Shrublands
146,19,Central Andean dry puna,Montane Grasslands & Shrublands
146,20,Central Andean dry puna,Montane Grasslands & Shrublands
146,21,Central Andean dry puna,Montane Grasslands & Shrublands
146,22,Central Andean dry puna,Montane Grasslands & Shrublands
146,23,Central Andean dry puna,Montane Grasslands & Shrublands
146,24,Central Andean dry puna,Montane Grasslands & Shrublands
146,25,Central Andean dry puna,Montane Grasslands & Shrublands
146,26,Central Andean dry puna,Montane Grasslands & Shrublands
146,27,Central Andean dry puna,Montane Grasslands & Shrublands
146,28,Bolivian montane dry forests,Tropical & Subtropical Dry Broadleaf Forests
146,29,Bolivian montane dry forests,Tropical & Subtropical Dry Broadleaf Forests
146,30,Bolivian montane dry forests,Tropical & Subtropical Dry Broadleaf Forests
146,31,Central Andean puna,Montane Grasslands & Shrublands
146,32,Central Andean puna,Montane Grasslands & Shrublands
146,33,Central Andean puna,Montane Grasslands & Shrublands
146,34,Southern Andean Yungas,Tropical & Subtropical Moist Broadleaf Forests
146,35,Southern Andean Yungas,Tropical & Subtropical Moist Broadleaf Forests
146,36,Dry Chaco,"Tropical & Subtropical Grasslands, Savannas & Shrublands"
146,37,Dry Chaco,"Tropical & Subtropical Grasslands, Savannas & Shrublands"
146,38,Dry Chaco,"Tropical & Subtropical Grasslands, Savannas & Shrublands"
146,39,Dry Chaco,"Tropical & Subtropical Grasslands, Savannas & Shrublands"
146,40,Dry Chaco,"Tropical & Subtropical Grasslands, Savannas & Shrublands"
146,41,Dry Chaco,"Tropical & Subtropical Grasslands, Savannas & Shrublands"
146,42,Dry Chaco,"Tropical & Subtropical Grasslands, Savannas & Shrublands"
146,43,Dry Chaco,"Tropical & Subtropical Grasslands, Savannas & Shrublands"
146,44,Dry Chaco,"Tropical & Subtropical Grasslands, Savannas & Shrublands"
146,45,Dry Chaco,"Tropical & Subtropical Grasslands, Savannas & Shrublands"
146,46,Dry Chaco,"Tropical & Subtropical Grasslands, Savannas & Shrublands"
146,47,Dry Chaco,"Tropical & Subtropical Grasslands, Savannas & Shrublands"
146,48,Dry Chaco,"Tropical & Subtropical Grasslands, Savannas & Shrublands"
146,49,Dry Chaco,"Tropical & Subtropical Grasslands, Savannas & Shrublands"
146,50,Dry Chaco,"Tropical & Subtropical Grasslands, Savannas & Shrublands"
146,51,Dry Chaco,"Tropical & Subtropical Grasslands, Savannas & Shrublands"
146,52,Dry Chaco,"Tropical & Subtropical Grasslands, Savannas & Shrublands"
146,53,Dry Chaco,"Tropical & Subtropical Grasslands, Savannas & Shrublands"
146,54,Dry Chaco,"Tropical & Subtropical Grasslands, Savannas & Shrublands"
146,55,Dry Chaco,"Tropical & Subtropical Grasslands, Savannas & Shrublands"
146,56,Dry Chaco,"Tropical & Subtropical Grasslands, Savannas & Shrublands"
146,57,Pantanal,Flooded Grasslands & Savannas
146,58,Cerrado,"Tropical & Subtropical Grasslands, Savannas & Shrublands"
146,59,Cerrado,"Tropical & Subtropical Grasslands, Savannas & Shrublands"
146,60,Cerrado,"Tropical & Subtropical Grasslands, Savannas & Shrublands"
146,61,Cerrado,"Tropical & Subtropical Grasslands, Savannas & Shrublands"
146,62,Cerrado,"Tropical & Subtropical Grasslands, Savannas & Shrublands"
146,63,Cerrado,"Tropical & Subtropical Grasslands, Savannas & Shrublands"
146,64,Cerrado,"Tropical & Subtropical Grasslands, Savannas & Shrublands"
146,65,Cerrado,"Tropical & Subtropical Grasslands, Savannas & Shrublands"
146,66,Cerrado,"Tropical & Subtropical Grasslands, Savannas & Shrublands"
146,67,Cerrado,"Tropical & Subtropical Grasslands, Savannas & Shrublands"
146,68,Cerrado,"Tropical & Subtropical Grasslands, Savannas & Shrublands"
146,69,Cerrado,"Tropical & Subtropical Grasslands, Savannas & Shrublands"
146,70,Cerrado,"Tropical & Subtropical Grasslands, Savannas & Shrublands"
146,71,Cerrado,"Tropical & Subtropical Grasslands, Savannas & Shrublands"
146,72,Cerrado,"Tropical & Subtropical Grasslands, Savannas & Shrublands"
146,73,Cerrado,"Tropical & Subtropical Grasslands, Savannas & Shrublands"
146,74,Cerrado,"Tropical & Subtropical Grasslands, Savannas & Shrublands"
146,75,Cerrado,"Tropical & Subtropical Grasslands, Savannas & Shrublands"
146,76,Cerrado,"Tropical & Subtropical Grasslands, Savannas & Shrublands"
147,0,,
147,1,,
147,2,,
147,3,,
147,4,,
147,5,,
147,6,,
147,7,,
147,8,,
147,9,,
147,10,,
147,11,,
147,12,,
147,13,Atacama desert,Deserts & Xeric Shrublands
147,14,Atacama desert,Deserts & Xeric Shrublands
147,15,Atacama desert,Deserts & Xeric Shrublands
147,16,Atacama desert,Deserts & Xeric Shrublands
147,17,Central Andean dry puna,Montane Grasslands & Shrublands
147,18,Central Andean dry puna,Montane Grasslands & Shrublands
147,19,Central Andean dry puna,Montane Grasslands & Shrublands
147,20,Central Andean dry puna,Montane Grasslands & Shrublands
147,21,Central Andean dry puna,Montane Grasslands & Shrublands
147,22,Central Andean dry puna,Montane Grasslands & Shrublands
147,23,Central Andean dry puna,Montane Grasslands & Shrublands
147,24,Central Andean dry puna,Montane Grasslands & Shrublands
147,25,Central Andean dry puna,Montane Grasslands & Shrublands
147,26,Central Andean dry puna,Montane Grasslands & Shrublands
147,27,Central Andean dry puna,Montane Grasslands & Shrublands
147,28,Bolivian montane dry forests,Tropical & Subtropical Dry Broadleaf Forests
147,29,Central Andean puna,Montane Grasslands & Shrublands
147,30,Bolivian montane dry forests,Tropical & Subtropical Dry Broadleaf Forests
147,31,Central Andean puna,Montane Grasslands & Shrublands
147,32,Central Andean puna,Montane Grasslands & Shrublands
147,33,Southern Andean Yungas,Tropical & Subtropical Moist Broadleaf Forests
147,34,Southern Andean Yungas,Tropical & Subtropical Moist Broadleaf Forests
147,35,Southern Andean Yungas,Tropical & Subtropical Moist Broadleaf Forests
147,36,Dry Chaco,"Tropical & Subtropical Grasslands, Savannas & Shrublands"
147,37,Dry Chaco,"Tropical & Subtropical Grasslands, Savannas & Shrublands"
147,38,Dry Chaco,"Tropical & Subtropical Grasslands, Savannas & Shrublands"
147,39,Dry Chaco,"Tropical & Subtropical Grasslands, Savannas & Shrublands"
147,40,Dry Chaco,"Tropical & Subtropical Grasslands, Savannas & Shrublands"
147,41,Dry Chaco,"Tropical & Subtropical Grasslands, Savannas & Shrublands"
147,42,Dry Chaco,"Tropical & Subtropical Grasslands, Savannas & Shrublands"
147,43,Dry Chaco,"Tropical & Subtropical Grasslands, Savannas & Shrublands"
147,44,Dry Chaco,"Tropical & Subtropical Grasslands, Savannas & Shrublands"
147,45,Dry Chaco,"Tropical & Subtropical Grasslands, Savannas & Shrublands"
147,46,Dry Chaco,"Tropical & Subtropical Grasslands, Savannas & Shrublands"
147,47,Dry Chaco,"Tropical & Subtropical Grasslands, Savannas & Shrublands"
147,48,Dry Chaco,"Tropical & Subtropical Grasslands, Savannas & Shrublands"
147,49,Dry Chaco,"Tropical & Subtropical Grasslands, Savannas & Shrublands"
147,50,Dry Chaco,"Tropical & Subtropical Grasslands, Savannas & Shrublands"
147,51,Dry Chaco,"Tropical & Subtropical Grasslands, Savannas & Shrublands"
147,52,Dry Chaco,"Tropical & Subtropical Grasslands, Savannas & Shrublands"
147,53,Dry Chaco,"Tropical & Subtropical Grasslands, Savannas & Shrublands"
147,54,Dry Chaco,"Tropical & Subtropical Grasslands, Savannas & Shrublands"
147,55,Humid Chaco,"Tropical & Subtropical Grasslands, Savannas & Shrublands"
147,56,Pantanal,Flooded Grasslands & Savannas
147,57,Pantanal,Flooded Grasslands & Savannas
147,58,Cerrado,"Tropical & Subtropical Grasslands, Savannas & Shrublands"
147,59,Cerrado,"Tropical & Subtropical Grasslands, Savannas & Shrublands"
147,60,Cerrado,"Tropical & Subtropical Grasslands, Savannas & Shrublands"
147,61,Cerrado,"Tropical & Subtropical Grasslands, Savannas & Shrublands"
147,62,Cerrado,"Tropical & Subtropical Grasslands, Savannas & Shrublands"
147,63,Cerrado,"Tropical & Subtropical Grasslands, Savannas & Shrublands"
147,64,Cerrado,"Tropical & Subtropical Grasslands, Savannas & Shrublands"
147,65,Cerrado,"Tropical & Subtropical Grasslands, Savannas & Shrublands"
147,66,Cerrado,"Tropical & Subtropical Grasslands, Savannas & Shrublands"
147,67,Cerrado,"Tropical & Subtropical Grasslands, Savannas & Shrublands"
147,68,Cerrado,"Tropical & Subtropical Grasslands, Savannas & Shrublands"
147,69,Cerrado,"Tropical & Subtropical Grasslands, Savannas & Shrublands"
147,70,Cerrado,"Tropical & Subtropical Grasslands, Savannas & Shrublands"
147,71,Cerrado,"Tropical & Subtropical Grasslands, Savannas & Shrublands"
147,72,Cerrado,"Tropical & Subtropical Grasslands, Savannas & Shrublands"
147,73,Cerrado,"Tropical & Subtropical Grasslands, Savannas & Shrublands"
147,74,Cerrado,"Tropical & Subtropical Grasslands, Savannas & Shrublands"
147,75,Cerrado,"Tropical & Subtropical Grasslands, Savannas & Shrublands"
147,76,Cerrado,"Tropical & Subtropical Grasslands, Savannas & Shrublands"
148,0,,
148,1,,
148,2,,
148,3,,
148,4,,
148,5,,
148,6,,
148,7,,
148,8,,
148,9,,
148,10,,
148,11,,
148,12,Atacama desert,Deserts & Xeric Shrublands
148,13,Atacama desert,Deserts & Xeric Shrublands
148,14,Atacama desert,Deserts & Xeric Shrublands
148,15,Atacama desert,Deserts & Xeric Shrublands
148,16,Atacama desert,Deserts & Xeric Shrublands
148,17,Central Andean dry puna,Montane Grasslands & Shrublands
148,18,Central Andean dry puna,Montane Grasslands & Shrublands
148,19,Central Andean dry puna,Montane Grasslands & Shrublands
148,20,Central Andean dry puna,Montane Grasslands & Shrublands
148,21,Central Andean dry puna,Montane Grasslands & Shrublands
148,22,Central Andean dry puna,Montane Grasslands & Shrublands
148,23,Central Andean dry puna,Montane Grasslands & Shrublands
148,24,Central Andean dry puna,Montane Grasslands & Shrublands
148,25,Central Andean dry puna,Montane Grasslands & Shrublands
148,26,Central Andean dry puna,Montane Grasslands & Shrublands
148,27,Central Andean dry puna,Montane Grasslands & Shrublands
148,28,Central Andean puna,Montane Grasslands & Shrublands
148,29,Central Andean puna,Montane Grasslands & Shrublands
148,30,Bolivian montane dry forests,Tropical & Subtropical Dry Broadleaf Forests
148,31,Southern Andean Yungas,Tropical & Subtropical Moist Broadleaf Forests
148,32,Southern Andean Yungas,Tropical & Subtropical Moist Broadleaf Forests
148,33,Bolivian montane dry forests,Tropical & Subtropical Dry Broadleaf Forests
148,34,Southern Andean Yungas,Tropical & Subtropical Moist Broadleaf Forests
148,35,Dry Chaco,"Tropical & Subtropical Grasslands, Savannas & Shrublands"
148,36,Dry Chaco,"Tropical & Subtropical Grasslands, Savannas & Shrublands"
148,37,Dry Chaco,"Tropical & Subtropical Grasslands, Savannas & Shrublands"
148,38,Dry Chaco,"Tropical & Subtropical Grasslands, Savannas & Shrublands"
148,39,Dry Chaco,"Tropical & Subtropical Grasslands, Savannas & Shrublands"
148,40,Dry Chaco,"Tropical & Subtropical Grasslands, Savannas & Shrublands"
148,41,Dry Chaco,"Tropical & Subtropical Grasslands, Savannas & Shrublands"
148,42,Dry Chaco,"Tropical & Subtropical Grasslands, Savannas & Shrublands"
148,43,Dry Chaco,"Tropical & Subtropical Grasslands, Savannas & Shrublands"
148,44,Dry Chaco,"Tropical & Subtropical Grasslands, Savannas & Shrublands"
148,45,Dry Chaco,"Tropical & Subtropical Grasslands, Savannas & Shrublands"
148,46,Dry Chaco,"Tropical & Subtropical Grasslands, Savannas & Shrublands"
148,47,Dry Chaco,"Tropical & Subtropical Grasslands, Savannas & Shrublands"
148,48,Dry Chaco,"Tropical & Subtropical Grasslands, Savannas & Shrublands"
148,49,Dry Chaco,"Tropical & Subtropical Grasslands, Savannas & Shrublands"
148,50,Dry Chaco,"Tropical & Subtropical Grasslands, Savannas & Shrublands"
148,51,Dry Chaco,"Tropical & Subtropical Grasslands, Savannas & Shrublands"
148,52,Dry Chaco,"Tropical & Subtropical Grasslands, Savannas & Shrublands"
148,53,Dry Chaco,"Tropical & Subtropical Grasslands, Savannas & Shrublands"
148,54,Dry Chaco,"Tropical & Subtropical Grasslands, Savannas & Shrublands"
148,55,Dry Chaco,"Tropical & Subtropical Grasslands, Savannas & Shrublands"
148,56,Humid Chaco,"Tropical & Subtropical Grasslands, Savannas & Shrublands"
148,57,Pantanal,Flooded Grasslands & Savannas
148,58,Pantanal,Flooded Grasslands & Savannas
148,59,Pantanal,Flooded Grasslands & Savannas
148,60,Cerrado,"Tropical & Subtropical Grasslands, Savannas & Shrublands"
148,61,Cerrado,"Tropical & Subtropical Grasslands, Savannas & Shrublands"
148,62,Cerrado,"Tropical & Subtropical Grasslands, Savannas & Shrublands"
148,63,Cerrado,"Tropical & Subtropical Grasslands, Savannas & Shrublands"
148,64,Cerrado,"Tropical & Subtropical Grasslands, Savannas & Shrublands"
148,65,Cerrado,"Tropical & Subtropical Grasslands, Savannas & Shrublands"
148,66,Cerrado,"Tropical & Subtropical Grasslands, Savannas & Shrublands"
148,67,Cerrado,"Tropical & Subtropical Grasslands, Savannas & Shrublands"
148,68,Cerrado,"Tropical & Subtropical Grasslands, Savannas & Shrublands"
148,69,Cerrado,"Tropical & Subtropical Grasslands, Savannas & Shrublands"
148,70,Cerrado,"Tropical & Subtropical Grasslands, Savannas & Shrublands"
148,71,Cerrado,"Tropical & Subtropical Grasslands, Savannas & Shrublands"
148,72,Cerrado,"Tropical & Subtropical Grasslands, Savannas & Shrublands"
148,73,Cerrado,"Tropical & Subtropical Grasslands, Savannas & Shrublands"
148,74,Cerrado,"Tropical & Subtropical Grasslands, Savannas & Shrublands"
148,75,Cerrado,"Tropical & Subtropical Grasslands, Savannas & Shrublands"
148,76,Cerrado,"Tropical & Subtropical Grasslands, Savannas & Shrublands"
149,0,,
149,1,,
149,2,,
149,3,,
149,4,,
149,5,,
149,6,,
149,7,,
149,8,,
149,9,,
149,10,,
149,11,,
149,12,Atacama desert,Deserts & Xeric Shrublands
149,13,Atacama desert,Deserts & Xeric Shrublands
149,14,Atacama desert,Deserts & Xeric Shrublands
149,15,Atacama desert,Deserts & Xeric Shrublands
149,16,Atacama desert,Deserts & Xeric Shrublands
149,17,Central Andean dry puna,Montane Grasslands & Shrublands
149,18,Central Andean dry puna,Montane Grasslands & Shrublands
149,19,Central Andean dry puna,Montane Grasslands & Shrublands
149,20,Central Andean dry puna,Montane Grasslands & Shrublands
149,21,Central Andean dry puna,Montane Grasslands & Shrublands
149,22,Central Andean dry puna,Montane Grasslands & Shrublands
149,23,Central Andean dry puna,Montane Grasslands & Shrublands
149,24,Central Andean dry puna,Montane Grasslands & Shrublands
149,25,Central Andean dry puna,Montane Grasslands & Shrublands
149,26,Central Andean dry puna,Montane Grasslands & Shrublands
149,27,Bolivian montane dry forests,Tropical & Subtropical Dry Broadleaf Forests
149,28,Bolivian montane dry forests,Tropical & Subtropical Dry Broadleaf Forests
149,29,Central Andean puna,Montane Grasslands & Shrublands
149,30,Bolivian montane dry forests,Tropical & Subtropical Dry Broadleaf Forests
149,31,Bolivian montane dry forests,Tropical & Subtropical Dry Broadleaf Forests
149,32,Bolivian montane dry forests,Tropical & Subtropical Dry Broadleaf Forests
149,33,Southern Andean Yungas,Tropical & Subtropical Moist Broadleaf Forests
149,34,Dry Chaco,"Tropical & Subtropical Grasslands, Savannas & Shrublands"
149,35,Dry Chaco,"Tropical & Subtropical Grasslands, Savannas & Shrublands"
149,36,Southern Andean Yungas,Tropical & Subtropical Moist Broadleaf Forests
149,37,Dry Chaco,"Tropical & Subtropical Grasslands, Savannas & Shrublands"
149,38,Dry Chaco,"Tropical & Subtropical Grasslands, Savannas & Shrublands"
149,39,Dry Chaco,"Tropical & Subtropical Grasslands, Savannas & Shrublands"
149,40,Dry Chaco,"Tropical & Subtropical Grasslands, Savannas & Shrublands"
149,41,Dry Chaco,"Tropical & Subtropical Grasslands, Savannas & Shrublands"
149,42,Dry Chaco,"Tropical & Subtropical Grasslands, Savannas & Shrublands"
149,43,Dry Chaco,"Tropical & Subtropical Grasslands, Savannas & Shrublands"
149,44,Dry Chaco,"Tropical & Subtropical Grasslands, Savannas & Shrublands"
149,45,Dry Chaco,"Tropical & Subtropical Grasslands, Savannas & Shrublands"
149,46,Dry Chaco,"Tropical & Subtropical Grasslands, Savannas & Shrublands"
149,47,Dry Chaco,"Tropical & Subtropical Grasslands, Savannas & Shrublands"
149,48,Dry Chaco,"Tropical & Subtropical Grasslands, Savannas & Shrublands"
149,49,Dry Chaco,"Tropical & Subtropical Grasslands, Savannas & Shrublands"
149,50,Dry Chaco,"Tropical & Subtropical Grasslands, Savannas & Shrublands"
149,51,Dry Chaco,"Tropical & Subtropical Grasslands, Savannas & Shrublands"
149,52,Dry Chaco,"Tropical & Subtropical Grasslands, Savannas & Shrublands"
149,53,Dry Chaco,"Tropical & Subtropical Grasslands, Savannas & Shrublands"
149,54,Dry Chaco,"Tropical & Subtropical Grasslands, Savannas & Shrublands"
149,55,Dry Chaco,"Tropical & Subtropical Grasslands, Savannas & Shrublands"
149,56,Dry Chaco,"Tropical & Subtropical Grasslands, Savannas & Shrublands"
149,57,Pantanal,Flooded Grasslands & Savannas
149,58,Pantanal,Flooded Grasslands & Savannas
149,59,Pantanal,Flooded Grasslands & Savannas
149,60,Cerrado,"Tropical & Subtropical Grasslands, Savannas & Shrublands"
149,61,Cerrado,"Tropical & Subtropical Grasslands, Savannas & Shrublands"
149,62,Cerrado,"Tropical & Subtropical Grasslands, Savannas & Shrublands"
149,63,Cerrado,"Tropical & Subtropical Grasslands, Savannas & Shrublands"
149,64,Cerrado,"Tropical & Subtropical Grasslands, Savannas & Shrublands"
149,65,Cerrado,"Tropical & Subtropical Grasslands, Savannas & Shrublands"
149,66,Cerrado,"Tropical & Subtropical Grasslands, Savannas & Shrublands"
149,67,Cerrado,"Tropical & Subtropical Grasslands, Savannas & Shrublands"
149,68,Cerrado,"Tropical & Subtropical Grasslands, Savannas & Shrublands"
149,69,Cerrado,"Tropical & Subtropical Grasslands, Savannas & Shrublands"
149,70,Cerrado,"Tropical & Subtropical Grasslands, Savannas & Shrublands"
149,71,Cerrado,"Tropical & Subtropical Grasslands, Savannas & Shrublands"
149,72,Cerrado,"Tropical & Subtropical Grasslands, Savannas & Shrublands"
149,73,Cerrado,"Tropical & Subtropical Grasslands, Savannas & Shrublands"
149,74,Cerrado,"Tropical & Subtropical Grasslands, Savannas & Shrublands"
149,75,Cerrado,"Tropical & Subtropical Grasslands, Savannas & Shrublands"
149,76,Cerrado,"Tropical & Subtropical Grasslands, Savannas & Shrublands"
150,0,,
150,1,,
150,2,,
150,3,,
150,4,,
150,5,,
150,6,,
150,7,,
150,8,,
150,9,,
150,10,,
150,11,,
150,12,Atacama desert,Deserts & Xeric Shrublands
150,13,Atacama desert,Deserts & Xeric Shrublands
150,14,Atacama desert,Deserts & Xeric Shrublands
150,15,Atacama desert,Deserts & Xeric Shrublands
150,16,Atacama desert,Deserts & Xeric Shrublands
150,17,Central Andean dry puna,Montane Grasslands & Shrublands
150,18,Central Andean dry puna,Montane Grasslands & Shrublands
150,19,Central Andean dry puna,Montane Grasslands & Shrublands
150,20,Central Andean dry puna,Montane Grasslands & Shrublands
150,21,Central Andean dry puna,Montane Grasslands & Shrublands
150,22,Central Andean dry puna,Montane Grasslands & Shrublands
150,23,Central Andean dry puna,Montane Grasslands & Shrublands
150,24,Central Andean dry puna,Montane Grasslands & Shrublands
150,25,Central Andean dry puna,Montane Grasslands & Shrublands
150,26,Central Andean dry puna,Montane Grasslands & Shrublands
150,27,Central Andean puna,Montane Grasslands & Shrublands
150,28,Bolivian montane dry forests,Tropical & Subtropical Dry Broadleaf Forests
150,29,Bolivian montane dry forests,Tropical & Subtropical Dry Broadleaf Forests
150,30,Bolivian montane dry forests,Tropical & Subtropical Dry Broadleaf Forests
150,31,Central Andean puna,Montane Grasslands & Shrublands
150,32,Bolivian montane dry forests,Tropical & Subtropical Dry Broadleaf Forests
150,33,Southern Andean Yungas,Tropical & Subtropical Moist Broadleaf Forests
150,34,Southern Andean Yungas,Tropical & Subtropical Moist Broadleaf Forests
150,35,Southern Andean Yungas,Tropical & Subtropical Moist Broadleaf Forests
150,36,Southern Andean Yungas,Tropical & Subtropical Moist Broadleaf Forests
150,37,Dry Chaco,"Tropical & Subtropical Grasslands, Savannas & Shrublands"
150,38,Dry Chaco,"Tropical & Subtropical Grasslands, Savannas & Shrublands"
150,39,Dry Chaco,"Tropical & Subtropical Grasslands, Savannas & Shrublands"
150,40,Dry Chaco,"Tropical & Subtropical Grasslands, Savannas & Shrublands"
150,41,Dry Chaco,"Tropical & Subtropical Grasslands, Savannas & Shrublands"
150,42,Dry Chaco,"Tropical & Subtropical Grasslands, Savannas & Shrublands"
150,43,Dry Chaco,"Tropical & Subtropical Grasslands, Savannas & Shrublands"
150,44,Dry Chaco,"Tropical & Subtropical Grasslands, Savannas & Shrublands"
150,45,Dry Chaco,"Tropical & Subtropical Grasslands, Savannas & Shrublands"
150,46,Dry Chaco,"Tropical & Subtropical Grasslands, Savannas & Shrublands"
150,47,Dry Chaco,"Tropical & Subtropical Grasslands, Savannas & Shrublands"
150,48,Dry Chaco,"Tropical & Subtropical Grasslands, Savannas & Shrublands"
150,49,Dry Chaco,"Tropical & Subtropical Grasslands, Savannas & Shrublands"
150,50,Dry Chaco,"Tropical & Subtropical Grasslands, Savannas & Shrublands"
150,51,Dry Chaco,"Tropical & Subtropical Grasslands, Savannas & Shrublands"
150,52,Dry Chaco,"Tropical & Subtropical Grasslands, Savannas & Shrublands"
150,53,Dry Chaco,"Tropical & Subtropical Grasslands, Savannas & Shrublands"
150,54,Dry Chaco,"Tropical & Subtropical Grasslands, Savannas & Shrublands"
150,55,Dry Chaco,"Tropical & Subtropical Grasslands, Savannas & Shrublands"
150,56,Dry Chaco,"Tropical & Subtropical Grasslands, Savannas & Shrublands"
150,57,Pantanal,Flooded Grasslands & Savannas
150,58,Pantanal,Flooded Grasslands & Savannas
150,59,Pantanal,Flooded Grasslands & Savannas
150,60,Pantanal,Flooded Grasslands & Savannas
150,61,Cerrado,"Tropical & Subtropical Grasslands, Savannas & Shrublands"
150,62,Cerrado,"Tropical & Subtropical Grasslands, Savannas & Shrublands"
150,63,Cerrado,"Tropical & Subtropical Grasslands, Savannas & Shrublands"
150,64,Cerrado,"Tropical & Subtropical Grasslands, Savannas & Shrublands"
150,65,Cerrado,"Tropical & Subtropical Grasslands, Savannas & Shrublands"
150,66,Cerrado,"Tropical & Subtropical Grasslands, Savannas & Shrublands"
150,67,Cerrado,"Tropical & Subtropical Grasslands, Savannas & Shrublands"
150,68,Cerrado,"Tropical & Subtropical Grasslands, Savannas & Shrublands"
150,69,Cerrado,"Tropical & Subtropical Grasslands, Savannas & Shrublands"
150,70,Cerrado,"Tropical & Subtropical Grasslands, Savannas & Shrublands"
150,71,Cerrado,"Tropical & Subtropical Grasslands, Savannas & Shrublands"
150,72,Cerrado,"Tropical & Subtropical Grasslands, Savannas & Shrublands"
150,73,Cerrado,"Tropical & Subtropical Grasslands, Savannas & Shrublands"
150,74,Cerrado,"Tropical & Subtropical Grasslands, Savannas & Shrublands"
150,75,Cerrado,"Tropical & Subtropical Grasslands, Savannas & Shrublands"
150,76,Cerrado,"Tropical & Subtropical Grasslands, Savannas & Shrublands"
151,0,,
151,1,,
151,2,,
151,3,,
151,4,,
151,5,,
151,6,,
151,7,,
151,8,,
151,9,,
151,10,,
151,11,,
151,12,Atacama desert,Deserts & Xeric Shrublands
151,13,Atacama desert,Deserts & Xeric Shrublands
151,14,Atacama desert,Deserts & Xeric Shrublands
151,15,Atacama desert,Deserts & Xeric Shrublands
151,16,Central Andean dry puna,Montane Grasslands & Shrublands
151,17,Central Andean dry puna,Montane Grasslands & Shrublands
151,18,Central Andean dry puna,Montane Grasslands & Shrublands
151,19,Central Andean dry puna,Montane Grasslands & Shrublands
151,20,Central Andean dry puna,Montane Grasslands & Shrublands
151,21,Central Andean dry puna,Montane Grasslands & Shrublands
151,22,Central Andean dry puna,Montane Grasslands & Shrublands
151,23,Central Andean dry puna,Montane Grasslands & Shrublands
151,24,Central Andean dry puna,Montane Grasslands & Shrublands
151,25,Central Andean dry puna,Montane Grasslands & Shrublands
151,26,Central Andean dry puna,Montane Grasslands & Shrublands
151,27,Central Andean puna,Montane Grasslands & Shrublands
151,28,Bolivian montane dry forests,Tropical & Subtropical Dry Broadleaf Forests
151,29,Bolivian montane dry forests,Tropical & Subtropical Dry Broadleaf Forests
151,30,Bolivian montane dry forests,Tropical & Subtropical Dry Broadleaf Forests
151,31,Central Andean puna,Montane Grasslands & Shrublands
151,32,Bolivian montane dry forests,Tropical & Subtropical Dry Broadleaf Forests
151,33,Bolivian montane dry forests,Tropical & Subtropical Dry Broadleaf Forests
151,34,Southern Andean Yungas,Tropical & Subtropical Moist Broadleaf Forests
151,35,Southern Andean Yungas,Tropical & Subtropical Moist Broadleaf Forests
151,36,Southern Andean Yungas,Tropical & Subtropical Moist Broadleaf Forests
151,37,Dry Chaco,"Tropical & Subtropical Grasslands, Savannas & Shrublands"
151,38,Dry Chaco,"Tropical & Subtropical Grasslands, Savannas & Shrublands"
151,39,Dry Chaco,"Tropical & Subtropical Grasslands, Savannas & Shrublands"
151,40,Dry Chaco,"Tropical & Subtropical Grasslands, Savannas & Shrublands"
151,41,Dry Chaco,"Tropical & Subtropical Grasslands, Savannas & Shrublands"
151,42,Dry Chaco,"Tropical & Subtropical Grasslands, Savannas & Shrublands"
151,43,Dry Chaco,"Tropical & Subtropical Grasslands, Savannas & Shrublands"
151,44,Dry Chaco,"Tropical & Subtropical Grasslands, Savannas & Shrublands"
151,45,Dry Chaco,"Tropical & Subtropical Grasslands, Savannas & Shrublands"
151,46,Dry Chaco,"Tropical & Subtropical Grasslands, Savannas & Shrublands"
151,47,Dry Chaco,"Tropical & Subtropical Grasslands, Savannas & Shrublands"
151,48,Dry Chaco,"Tropical & Subtropical Grasslands, Savannas & Shrublands"
151,49,Dry Chaco,"Tropical & Subtropical Grasslands, Savannas & Shrublands"
151,50,Dry Chaco,"Tropical & Subtropical Grasslands, Savannas & Shrublands"
151,51,Dry Chaco,"Tropical & Subtropical Grasslands, Savannas & Shrublands"
151,52,Dry Chaco,"Tropical & Subtropical Grasslands, Savannas & Shrublands"
151,53,Dry Chaco,"Tropical & Subtropical Grasslands, Savannas & Shrublands"
151,54,Dry Chaco,"Tropical & Subtropical Grasslands, Savannas & Shrublands"
151,55,Dry Chaco,"Tropical & Subtropical Grasslands, Savannas & Shrublands"
151,56,Dry Chaco,"Tropical & Subtropical Grasslands, Savannas & Shrublands"
151,57,Pantanal,Flooded Grasslands & Savannas
151,58,Pantanal,Flooded Grasslands & Savannas
151,59,Pantanal,Flooded Grasslands & Savannas
151,60,Cerrado,"Tropical & Subtropical Grasslands, Savannas & Shrublands"
151,61,Cerrado,"Tropical & Subtropical Grasslands, Savannas & Shrublands"
151,62,Cerrado,"Tropical & Subtropical Grasslands, Savannas & Shrublands"
151,63,Pantanal,Flooded Grasslands & Savannas
151,64,Cerrado,"Tropical & Subtropical Grasslands, Savannas & Shrublands"
151,65,Pantanal,Flooded Grasslands & Savannas
151,66,Cerrado,"Tropical & Subtropical Grasslands, Savannas & Shrublands"
151,67,Cerrado,"Tropical & Subtropical Grasslands, Savannas & Shrublands"
151,68,Cerrado,"Tropical & Subtropical Grasslands, Savannas & Shrublands"
151,69,Cerrado,"Tropical & Subtropical Grasslands, Savannas & Shrublands"
151,70,Cerrado,"Tropical & Subtropical Grasslands, Savannas & Shrublands"
151,71,Cerrado,"Tropical & Subtropical Grasslands, Savannas & Shrublands"
151,72,Cerrado,"Tropical & Subtropical Grasslands, Savannas & Shrublands"
151,73,Cerrado,"Tropical & Subtropical Grasslands, Savannas & Shrublands"
151,74,Cerrado,"Tropical & Subtropical Grasslands, Savannas & Shrublands"
151,75,Cerrado,"Tropical & Subtropical Grasslands, Savannas & Shrublands"
151,76,Cerrado,"Tropical & Subtropical Grasslands, Savannas & Shrublands"
152,0,,
152,1,,
152,2,,
152,3,,
152,4,,
152,5,,
152,6,,
152,7,,
152,8,,
152,9,,
152,10,,
152,11,,
152,12,Atacama desert,Deserts & Xeric Shrublands
152,13,Atacama desert,Deserts & Xeric Shrublands
152,14,Atacama desert,Deserts & Xeric Shrublands
152,15,Atacama desert,Deserts & Xeric Shrublands
152,16,Central Andean dry puna,Montane Grasslands & Shrublands
152,17,Central Andean dry puna,Montane Grasslands & Shrublands
152,18,Central Andean dry puna,Montane Grasslands & Shrublands
152,19,Central Andean dry puna,Montane Grasslands & Shrublands
152,20,Central Andean dry puna,Montane Grasslands & Shrublands
152,21,Central Andean dry puna,Montane Grasslands & Shrublands
152,22,Central Andean dry puna,Montane Grasslands & Shrublands
152,23,Central Andean dry puna,Montane Grasslands & Shrublands
152,24,Central Andean dry puna,Montane Grasslands & Shrublands
152,25,Central Andean dry puna,Montane Grasslands & Shrublands
152,26,Central Andean puna,Montane Grasslands & Shrublands
152,27,Central Andean puna,Montane Grasslands & Shrublands
152,28,Central Andean puna,Montane Grasslands & Shrublands
152,29,Central Andean puna,Montane Grasslands & Shrublands
152,30,Central Andean puna,Montane Grasslands & Shrublands
152,31,Bolivian montane dry forests,Tropical & Subtropical Dry Broadleaf Forests
152,32,Bolivian montane dry forests,Tropical & Subtropical Dry Broadleaf Forests
152,33,Bolivian montane dry forests,Tropical & Subtropical Dry Broadleaf Forests
152,34,Southern Andean Yungas,Tropical & Subtropical Moist Broadleaf Forests
152,35,Southern Andean Yungas,Tropical & Subtropical Moist Broadleaf Forests
152,36,Dry Chaco,"Tropical & Subtropical Grasslands, Savannas & Shrublands"
152,37,Dry Chaco,"Tropical & Subtropical Grasslands, Savannas & Shrublands"
152,38,Dry Chaco,"Tropical & Subtropical Grasslands, Savannas & Shrublands"
152,39,Dry Chaco,"Tropical & Subtropical Grasslands, Savannas & Shrublands"
152,40,Dry Chaco,"Tropical & Subtropical Grasslands, Savannas & Shrublands"
152,41,Dry Chaco,"Tropical & Subtropical Grasslands, Savannas & Shrublands"
152,42,Dry Chaco,"Tropical & Subtropical Grasslands, Savannas & Shrublands"
152,43,Dry Chaco,"Tropical & Subtropical Grasslands, Savannas & Shrublands"
152,44,Dry Chaco,"Tropical & Subtropical Grasslands, Savannas & Shrublands"
152,45,Dry Chaco,"Tropical & Subtropical Grasslands, Savannas & Shrublands"
152,46,Dry Chaco,"Tropical & Subtropical Grasslands, Savannas & Shrublands"
152,47,Dry Chaco,"Tropical & Subtropical Grasslands, Savannas & Shrublands"
152,48,Dry Chaco,"Tropical & Subtropical Grasslands, Savannas & Shrublands"
152,49,Dry Chaco,"Tropical & Subtropical Grasslands, Savannas & Shrublands"
152,50,Dry Chaco,"Tropical & Subtropical Grasslands, Savannas & Shrublands"
152,51,Dry Chaco,"Tropical & Subtropical Grasslands, Savannas & Shrublands"
152,52,Dry Chaco,"Tropical & Subtropical Grasslands, Savannas & Shrublands"
152,53,Dry Chaco,"Tropical & Subtropical Grasslands, Savannas & Shrublands"
152,54,Dry Chaco,"Tropical & Subtropical Grasslands, Savannas & Shrublands"
152,55,Dry Chaco,"Tropical & Subtropical Grasslands, Savannas & Shrublands"
152,56,Pantanal,Flooded Grasslands & Savannas
152,57,Pantanal,Flooded Grasslands & Savannas
152,58,Pantanal,Flooded Grasslands & Savannas
152,59,Pantanal,Flooded Grasslands & Savannas
152,60,Cerrado,"Tropical & Subtropical Grasslands, Savannas & Shrublands"
152,61,Pantanal,Flooded Grasslands & Savannas
152,62,Pantanal,Flooded Grasslands & Savannas
152,63,Pantanal,Flooded Grasslands & Savannas
152,64,Pantanal,Flooded Grasslands & Savannas
152,65,Pantanal,Flooded Grasslands & Savannas
152,66,Pantanal,Flooded Grasslands & Savannas
152,67,Cerrado,"Tropical & Subtropical Grasslands, Savannas & Shrublands"
152,68,Cerrado,"Tropical & Subtropical Grasslands, Savannas & Shrublands"
152,69,Cerrado,"Tropical & Subtropical Grasslands, Savannas & Shrublands"
152,70,Cerrado,"Tropical & Subtropical Grasslands, Savannas & Shrublands"
152,71,Cerrado,"Tropical & Subtropical Grasslands, Savannas & Shrublands"
152,72,Cerrado,"Tropical & Subtropical Grasslands, Savannas & Shrublands"
152,73,Cerrado,"Tropical & Subtropical Grasslands, Savannas & Shrublands"
152,74,Cerrado,"Tropical & Subtropical Grasslands, Savannas & Shrublands"
152,75,Cerrado,"Tropical & Subtropical Grasslands, Savannas & Shrublands"
152,76,Cerrado,"Tropical & Subtropical Grasslands, Savannas & Shrublands"
153,0,,
153,1,,
153,2,,
153,3,,
153,4,,
153,5,,
153,6,,
153,7,,
153,8,,
153,9,,
153,10,,
153,11,,
153,12,Atacama desert,Deserts & Xeric Shrublands
153,13,Atacama desert,Deserts & Xeric Shrublands
153,14,Atacama desert,Deserts & Xeric Shrublands
153,15,Atacama desert,Deserts & Xeric Shrublands
153,16,Central Andean dry puna,Montane Grasslands & Shrublands
153,17,Central Andean dry puna,Montane Grasslands & Shrublands
153,18,Central Andean dry puna,Montane Grasslands & Shrublands
153,19,Central Andean dry puna,Montane Grasslands & Shrublands
153,20,Central Andean dry puna,Montane Grasslands & Shrublands
153,21,Central Andean dry puna,Montane Grasslands & Shrublands
153,22,Central Andean dry puna,Montane Grasslands & Shrublands
153,23,Central Andean dry puna,Montane Grasslands & Shrublands
153,24,Central Andean dry puna,Montane Grasslands & Shrublands
153,25,Central Andean puna,Montane Grasslands & Shrublands
153,26,Central Andean puna,Montane Grasslands & Shrublands
153,27,Central Andean puna,Montane Grasslands & Shrublands
153,28,Central Andean puna,Montane Grasslands & Shrublands
153,29,Central Andean puna,Montane Grasslands & Shrublands
153,30,Central Andean puna,Montane Grasslands & Shrublands
153,31,Bolivian montane dry forests,Tropical & Subtropical Dry Broadleaf Forests
153,32,Bolivian montane dry forests,Tropical & Subtropical Dry Broadleaf Forests
153,33,Southern Andean Yungas,Tropical & Subtropical Moist Broadleaf Forests
153,34,Southern Andean Yungas,Tropical & Subtropical Moist Broadleaf Forests
153,35,Dry Chaco,"Tropical & Subtropical Grasslands, Savannas & Shrublands"
153,36,Dry Chaco,"Tropical & Subtropical Grasslands, Savannas & Shrublands"
153,37,Dry Chaco,"Tropical & Subtropical Grasslands, Savannas & Shrublands"
153,38,Dry Chaco,"Tropical & Subtropical Grasslands, Savannas & Shrublands"
153,39,Dry Chaco,"Tropical & Subtropical Grasslands, Savannas & Shrublands"
153,40,Dry Chaco,"Tropical & Subtropical Grasslands, Savannas & Shrublands"
153,41,Dry Chaco,"Tropical & Subtropical Grasslands, Savannas & Shrublands"
153,42,Dry Chaco,"Tropical & Subtropical Grasslands, Savannas & Shrublands"
153,43,Dry Chaco,"Tropical & Subtropical Grasslands, Savannas & Shrublands"
153,44,Dry Chaco,"Tropical & Subtropical Grasslands, Savannas & Shrublands"
153,45,Dry Chaco,"Tropical & Subtropical Grasslands, Savannas & Shrublands"
153,46,Dry Chaco,"Tropical & Subtropical Grasslands, Savannas & Shrublands"
153,47,Dry Chaco,"Tropical & Subtropical Grasslands, Savannas & Shrublands"
153,48,Dry Chaco,"Tropical & Subtropical Grasslands, Savannas & Shrublands"
153,49,Dry Chaco,"Tropical & Subtropical Grasslands, Savannas & Shrublands"
153,50,Dry Chaco,"Tropical & Subtropical Grasslands, Savannas & Shrublands"
153,51,Dry Chaco,"Tropical & Subtropical Grasslands, Savannas & Shrublands"
153,52,Dry Chaco,"Tropical & Subtropical Grasslands, Savannas & Shrublands"
153,53,Dry Chaco,"Tropical & Subtropical Grasslands, Savannas & Shrublands"
153,54,Dry Chaco,"Tropical & Subtropical Grasslands, Savannas & Shrublands"
153,55,Dry Chaco,"Tropical & Subtropical Grasslands, Savannas & Shrublands"
153,56,Pantanal,Flooded Grasslands & Savannas
153,57,Pantanal,Flooded Grasslands & Savannas
153,58,Pantanal,Flooded Grasslands & Savannas
153,59,Pantanal,Flooded Grasslands & Savannas
153,60,Pantanal,Flooded Grasslands & Savannas
153,61,Pantanal,Flooded Grasslands & Savannas
153,62,Pantanal,Flooded Grasslands & Savannas
153,63,Pantanal,Flooded Grasslands & Savannas
153,64,Pantanal,Flooded Grasslands & Savannas
153,65,Pantanal,Flooded Grasslands & Savannas
153,66,Pantanal,Flooded Grasslands & Savannas
153,67,Cerrado,"Tropical & Subtropical Grasslands, Savannas & Shrublands"
153,68,Cerrado,"Tropical & Subtropical Grasslands, Savannas & Shrublands"
153,69,Cerrado,"Tropical & Subtropical Grasslands, Savannas & Shrublands"
153,70,Cerrado,"Tropical & Subtropical Grasslands, Savannas & Shrublands"
153,71,Cerrado,"Tropical & Subtropical Grasslands, Savannas & Shrublands"
153,72,Cerrado,"Tropical & Subtropical Grasslands, Savannas & Shrublands"
153,73,Cerrado,"Tropical & Subtropical Grasslands, Savannas & Shrublands"
153,74,Cerrado,"Tropical & Subtropical Grasslands, Savannas & Shrublands"
153,75,Cerrado,"Tropical & Subtropical Grasslands, Savannas & Shrublands"
153,76,Cerrado,"Tropical & Subtropical Grasslands, Savannas & Shrublands"
154,0,,
154,1,,
154,2,,
154,3,,
154,4,,
154,5,,
154,6,,
154,7,,
154,8,,
154,9,,
154,10,,
154,11,Atacama desert,Deserts & Xeric Shrublands
154,12,Atacama desert,Deserts & Xeric Shrublands
154,13,Atacama desert,Deserts & Xeric Shrublands
154,14,Atacama desert,Deserts & Xeric Shrublands
154,15,Central Andean dry puna,Montane Grasslands & Shrublands
154,16,Central Andean dry puna,Montane Grasslands & Shrublands
154,17,Central Andean dry puna,Montane Grasslands & Shrublands
154,18,Central Andean dry puna,Montane Grasslands & Shrublands
154,19,Central Andean dry puna,Montane Grasslands & Shrublands
154,20,Central Andean dry puna,Montane Grasslands & Shrublands
154,21,Central Andean dry puna,Montane Grasslands & Shrublands
154,22,Central Andean dry puna,Montane Grasslands & Shrublands
154,23,Central Andean dry puna,Montane Grasslands & Shrublands
154,24,Central Andean dry puna,Montane Grasslands & Shrublands
154,25,Central Andean puna,Montane Grasslands & Shrublands
154,26,Central Andean puna,Montane Grasslands & Shrublands
154,27,Central Andean puna,Montane Grasslands & Shrublands
154,28,Central Andean puna,Montane Grasslands & Shrublands
154,29,Central Andean puna,Montane Grasslands & Shrublands
154,30,Bolivian montane dry forests,Tropical & Subtropical Dry Broadleaf Forests
154,31,Bolivian montane dry forests,Tropical & Subtropical Dry Broadleaf Forests
154,32,Bolivian montane dry forests,Tropical & Subtropical Dry Broadleaf Forests
154,33,Southern Andean Yungas,Tropical & Subtropical Moist Broadleaf Forests
154,34,Southern Andean Yungas,Tropical & Subtropical Moist Broadleaf Forests
154,35,Southern Andean Yungas,Tropical & Subtropical Moist Broadleaf Forests
154,36,Dry Chaco,"Tropical & Subtropical Grasslands, Savannas & Shrublands"
154,37,Dry Chaco,"Tropical & Subtropical Grasslands, Savannas & Shrublands"
154,38,Dry Chaco,"Tropical & Subtropical Grasslands, Savannas & Shrublands"
154,39,Dry Chaco,"Tropical & Subtropical Grasslands, Savannas & Shrublands"
154,40,Dry Chaco,"Tropical & Subtropical Grasslands, Savannas & Shrublands"
154,41,Dry Chaco,"Tropical & Subtropical Grasslands, Savannas & Shrublands"
154,42,Dry Chaco,"Tropical & Subtropical Grasslands, Savannas & Shrublands"
154,43,Dry Chaco,"Tropical & Subtropical Grasslands, Savannas & Shrublands"
154,44,Dry Chaco,"Tropical & Subtropical Grasslands, Savannas & Shrublands"
154,45,Dry Chaco,"Tropical & Subtropical Grasslands, Savannas & Shrublands"
154,46,Dry Chaco,"Tropical & Subtropical Grasslands, Savannas & Shrublands"
154,47,Dry Chaco,"Tropical & Subtropical Grasslands, Savannas & Shrublands"
154,48,Dry Chaco,"Tropical & Subtropical Grasslands, Savannas & Shrublands"
154,49,Dry Chaco,"Tropical & Subtropical Grasslands, Savannas & Shrublands"
154,50,Dry Chaco,"Tropical & Subtropical Grasslands, Savannas & Shrublands"
154,51,Dry Chaco,"Tropical & Subtropical Grasslands, Savannas & Shrublands"
154,52,Dry Chaco,"Tropical & Subtropical Grasslands, Savannas & Shrublands"
154,53,Dry Chaco,"Tropical & Subtropical Grasslands, Savannas & Shrublands"
154,54,Dry Chaco,"Tropical & Subtropical Grasslands, Savannas & Shrublands"
154,55,Pantanal,Flooded Grasslands & Savannas
154,56,Pantanal,Flooded Grasslands & Savannas
154,57,Pantanal,Flooded Grasslands & Savannas
154,58,Pantanal,Flooded Grasslands & Savannas
154,59,Pantanal,Flooded Grasslands & Savannas
154,60,Pantanal,Flooded Grasslands & Savannas
154,61,Pantanal,Flooded Grasslands & Savannas
154,62,Pantanal,Flooded Grasslands & Savannas
154,63,Pantanal,Flooded Grasslands & Savannas
154,64,Pantanal,Flooded Grasslands & Savannas
154,65,Pantanal,Flooded Grasslands & Savannas
154,66,Pantanal,Flooded Grasslands & Savannas
154,67,Pantanal,Flooded Grasslands & Savannas
154,68,Cerrado,"Tropical & Subtropical Grasslands, Savannas & Shrublands"
154,69,Cerrado,"Tropical & Subtropical Grasslands, Savannas & Shrublands"
154,70,Cerrado,"Tropical & Subtropical Grasslands, Savannas & Shrublands"
154,71,Cerrado,"Tropical & Subtropical Grasslands, Savannas & Shrublands"
154,72,Cerrado,"Tropical & Subtropical Grasslands, Savannas & Shrublands"
154,73,Cerrado,"Tropical & Subtropical Grasslands, Savannas & Shrublands"
154,74,Cerrado,"Tropical & Subtropical Grasslands, Savannas & Shrublands"
154,75,Cerrado,"Tropical & Subtropical Grasslands, Savannas & Shrublands"
154,76,Cerrado,"Tropical & Subtropical Grasslands, Savannas & Shrublands"
155,0,,
155,1,,
155,2,,
155,3,,
155,4,,
155,5,,
155,6,,
155,7,,
155,8,,
155,9,,
155,10,,
155,11,Atacama desert,Deserts & Xeric Shrublands
155,12,Atacama desert,Deserts & Xeric Shrublands
155,13,Atacama desert,Deserts & Xeric Shrublands
155,14,Atacama desert,Deserts & Xeric Shrublands
155,15,Central Andean dry puna,Montane Grasslands & Shrublands
155,16,Central Andean dry puna,Montane Grasslands & Shrublands
155,17,Central Andean dry puna,Montane Grasslands & Shrublands
155,18,Central Andean dry puna,Montane Grasslands & Shrublands
155,19,Central Andean dry puna,Montane Grasslands & Shrublands
155,20,Central Andean dry puna,Montane Grasslands & Shrublands
155,21,Central Andean dry puna,Montane Grasslands & Shrublands
155,22,Central Andean dry puna,Montane Grasslands & Shrublands
155,23,Central Andean dry puna,Montane Grasslands & Shrublands
155,24,Central Andean dry puna,Montane Grasslands & Shrublands
155,25,Central Andean puna,Montane Grasslands & Shrublands
155,26,Central Andean puna,Montane Grasslands & Shrublands
155,27,Central Andean puna,Montane Grasslands & Shrublands
155,28,Central Andean puna,Montane Grasslands & Shrublands
155,29,Bolivian montane dry forests,Tropical & Subtropical Dry Broadleaf Forests
155,30,Bolivian montane dry forests,Tropical & Subtropical Dry Broadleaf Forests
155,31,Bolivian montane dry forests,Tropical & Subtropical Dry Broadleaf Forests
155,32,Bolivian montane dry forests,Tropical & Subtropical Dry Broadleaf Forests
155,33,Southern Andean Yungas,Tropical & Subtropical Moist Broadleaf Forests
155,34,Bolivian montane dry forests,Tropical & Subtropical Dry Broadleaf Forests
155,35,Dry Chaco,"Tropical & Subtropical Grasslands, Savannas & Shrublands"
155,36,Dry Chaco,"Tropical & Subtropical Grasslands, Savannas & Shrublands"
155,37,Dry Chaco,"Tropical & Subtropical Grasslands, Savannas & Shrublands"
155,38,Dry Chaco,"Tropical & Subtropical Grasslands, Savannas & Shrublands"
155,39,Dry Chaco,"Tropical & Subtropical Grasslands, Savannas & Shrublands"
155,40,Dry Chaco,"Tropical & Subtropical Grasslands, Savannas & Shrublands"
155,41,Dry Chaco,"Tropical & Subtropical Grasslands, Savannas & Shrublands"
155,42,Dry Chaco,"Tropical & Subtropical Grasslands, Savannas & Shrublands"
155,43,Dry Chaco,"Tropical & Subtropical Grasslands, Savannas & Shrublands"
155,44,Dry Chaco,"Tropical & Subtropical Grasslands, Savannas & Shrublands"
155,45,Dry Chaco,"Tropical & Subtropical Grasslands, Savannas & Shrublands"
155,46,Dry Chaco,"Tropical & Subtropical Grasslands, Savannas & Shrublands"
155,47,Dry Chaco,"Tropical & Subtropical Grasslands, Savannas & Shrublands"
155,48,Dry Chaco,"Tropical & Subtropical Grasslands, Savannas & Shrublands"
155,49,Dry Chaco,"Tropical & Subtropical Grasslands, Savannas & Shrublands"
155,50,Dry Chaco,"Tropical & Subtropical Grasslands, Savannas & Shrublands"
155,51,Dry Chaco,"Tropical & Subtropical Grasslands, Savannas & Shrublands"
155,52,Dry Chaco,"Tropical & Subtropical Grasslands, Savannas & Shrublands"
155,53,Dry Chaco,"Tropical & Subtropical Grasslands, Savannas & Shrublands"
155,54,Dry Chaco,"Tropical & Subtropical Grasslands, Savannas & Shrublands"
155,55,Pantanal,Flooded Grasslands & Savannas
155,56,Pantanal,Flooded Grasslands & Savannas
155,57,Chiquitano dry forests,Tropical & Subtropical Dry Broadleaf Forests
155,58,Chiquitano dry forests,Tropical & Subtropical Dry Broadleaf Forests
155,59,Pantanal,Flooded Grasslands & Savannas
155,60,Pantanal,Flooded Grasslands & Savannas
155,61,Pantanal,Flooded Grasslands & Savannas
155,62,Pantanal,Flooded Grasslands & Savannas
155,63,Pantanal,Flooded Grasslands & Savannas
155,64,Pantanal,Flooded Grasslands & Savannas
155,65,Pantanal,Flooded Grasslands & Savannas
155,66,Pantanal,Flooded Grasslands & Savannas
155,67,Cerrado,"Tropical & Subtropical Grasslands, Savannas & Shrublands"
155,68,Cerrado,"Tropical & Subtropical Grasslands, Savannas & Shrublands"
155,69,Cerrado,"Tropical & Subtropical Grasslands, Savannas & Shrublands"
155,70,Cerrado,"Tropical & Subtropical Grasslands, Savannas & Shrublands"
155,71,Cerrado,"Tropical & Subtropical Grasslands, Savannas & Shrublands"
155,72,Cerrado,"Tropical & Subtropical Grasslands, Savannas & Shrublands"
155,73,Cerrado,"Tropical & Subtropical Grasslands, Savannas & Shrublands"
155,74,Cerrado,"Tropical & Subtropical Grasslands, Savannas & Shrublands"
155,75,Cerrado,"Tropical & Subtropical Grasslands, Savannas & Shrublands"
155,76,Cerrado,"Tropical & Subtropical Grasslands, Savannas & Shrublands"
156,0,,
156,1,,
156,2,,
156,3,,
156,4,,
156,5,,
156,6,,
156,7,,
156,8,,
156,9,,
156,10,,
156,11,Atacama desert,Deserts & Xeric Shrublands
156,12,Atacama desert,Deserts & Xeric Shrublands
156,13,Atacama desert,Deserts & Xeric Shrublands
156,14,Central Andean dry puna,Montane Grasslands & Shrublands
156,15,Central Andean dry puna,Montane Grasslands & Shrublands
156,16,Central Andean dry puna,Montane Grasslands & Shrublands
156,17,Central Andean dry puna,Montane Grasslands & Shrublands
156,18,Central Andean dry puna,Montane Grasslands & Shrublands
156,19,Central Andean dry puna,Montane Grasslands & Shrublands
156,20,Central Andean dry puna,Montane Grasslands & Shrublands
156,21,Central Andean dry puna,Montane Grasslands & Shrublands
156,22,Central Andean dry puna,Montane Grasslands & Shrublands
156,23,Central Andean dry puna,Montane Grasslands & Shrublands
156,24,Central Andean dry puna,Montane Grasslands & Shrublands
156,25,Central Andean puna,Montane Grasslands & Shrublands
156,26,Central Andean puna,Montane Grasslands & Shrublands
156,27,Central Andean puna,Montane Grasslands & Shrublands
156,28,Central Andean puna,Montane Grasslands & Shrublands
156,29,Bolivian montane dry forests,Tropical & Subtropical Dry Broadleaf Forests
156,30,Bolivian montane dry forests,Tropical & Subtropical Dry Broadleaf Forests
156,31,Bolivian montane dry forests,Tropical & Subtropical Dry Broadleaf Forests
156,32,Bolivian montane dry forests,Tropical & Subtropical Dry Broadleaf Forests
156,33,Bolivian montane dry forests,Tropical & Subtropical Dry Broadleaf Forests
156,34,Bolivian montane dry forests,Tropical & Subtropical Dry Broadleaf Forests
156,35,Bolivian montane dry forests,Tropical & Subtropical Dry Broadleaf Forests
156,36,Dry Chaco,"Tropical & Subtropical Grasslands, Savannas & Shrublands"
156,37,Dry Chaco,"Tropical & Subtropical Grasslands, Savannas & Shrublands"
156,38,Dry Chaco,"Tropical & Subtropical Grasslands, Savannas & Shrublands"
156,39,Dry Chaco,"Tropical & Subtropical Grasslands, Savannas & Shrublands"
156,40,Dry Chaco,"Tropical & Subtropical Grasslands, Savannas & Shrublands"
156,41,Dry Chaco,"Tropical & Subtropical Grasslands, Savannas & Shrublands"
156,42,Dry Chaco,"Tropical & Subtropical Grasslands, Savannas & Shrublands"
156,43,Dry Chaco,"Tropical & Subtropical Grasslands, Savannas & Shrublands"
156,44,Dry Chaco,"Tropical & Subtropical Grasslands, Savannas & Shrublands"
156,45,Dry Chaco,"Tropical & Subtropical Grasslands, Savannas & Shrublands"
156,46,Dry Chaco,"Tropical & Subtropical Grasslands, Savannas & Shrublands"
156,47,Dry Chaco,"Tropical & Subtropical Grasslands, Savannas & Shrublands"
156,48,Dry Chaco,"Tropical & Subtropical Grasslands, Savannas & Shrublands"
156,49,Dry Chaco,"Tropical & Subtropical Grasslands, Savannas & Shrublands"
156,50,Dry Chaco,"Tropical & Subtropical Grasslands, Savannas & Shrublands"
156,51,Dry Chaco,"Tropical & Subtropical Grasslands, Savannas & Shrublands"
156,52,Dry Chaco,"Tropical & Subtropical Grasslands, Savannas & Shrublands"
156,53,Dry Chaco,"Tropical & Subtropical Grasslands, Savannas & Shrublands"
156,54,Pantanal,Flooded Grasslands & Savannas
156,55,Chiquitano dry forests,Tropical & Subtropical Dry Broadleaf Forests
156,56,Chiquitano dry forests,Tropical & Subtropical Dry Broadleaf Forests
156,57,Chiquitano dry forests,Tropical & Subtropical Dry Broadleaf Forests
156,58,Pantanal,Flooded Grasslands & Savannas
156,59,Pantanal,Flooded Grasslands & Savannas
156,60,Pantanal,Flooded Grasslands & Savannas
156,61,Pantanal,Flooded Grasslands & Savannas
156,62,Pantanal,Flooded Grasslands & Savannas
156,63,Pantanal,Flooded Grasslands & Savannas
156,64,Pantanal,Flooded Grasslands & Savannas
156,65,Pantanal,Flooded Grasslands & Savannas
156,66,Pantanal,Flooded Grasslands & Savannas
156,67,Pantanal,Flooded Grasslands & Savannas
156,68,Cerrado,"Tropical & Subtropical Grasslands, Savannas & Shrublands"
156,69,Cerrado,"Tropical & Subtropical Grasslands, Savannas & Shrublands"
156,70,Cerrado,"Tropical & Subtropical Grasslands, Savannas & Shrublands"
156,71,Cerrado,"Tropical & Subtropical Grasslands, Savannas & Shrublands"
156,72,Cerrado,"Tropical & Subtropical Grasslands, Savannas & Shrublands"
156,73,Cerrado,"Tropical & Subtropical Grasslands, Savannas & Shrublands"
156,74,Cerrado,"Tropical & Subtropical Grasslands, Savannas & Shrublands"
156,75,Cerrado,"Tropical & Subtropical Grasslands, Savannas & Shrublands"
156,76,Cerrado,"Tropical & Subtropical Grasslands, Savannas & Shrublands"
